UDI,Product ID,Type,Air temperature [K],Process temperature [K],Rotational speed [rpm],Torque [Nm],Tool wear [min],Machine failure,Tool wear failure,Head dissipation failure,Power failure,Overstrain failure,Random failure
3416,L50595,L,301.4,310.4,39.736632972611055,36.9,133.0,False,False,False,False,False,False
7130,L54309,L,300.6,310.0,40.43513323831146,31.0,107.0,False,False,False,False,False,False
2320,M17179,M,299.2,308.8,41.23105625617661,33.5,185.0,False,False,False,False,False,False
9601,M24460,M,298.9,310.0,39.50949253027682,45.3,58.0,False,False,False,False,False,False
614,L47793,L,298.1,309.9,40.422765862815474,30.0,53.0,False,False,False,False,False,False
4602,M19461,M,303.0,311.1,37.04051835490427,54.3,117.0,True,False,True,False,False,False
5247,L52426,L,300.1,310.1,38.27531841800928,41.0,56.0,False,False,False,False,False,False
7008,L54187,L,300.5,310.6,38.71692136521188,45.2,8.0,False,False,False,False,False,False
9375,M24234,M,297.8,308.5,38.28837943815329,44.7,88.0,False,False,False,False,False,False
1962,L49141,L,297.8,310.1,38.05259518088089,51.2,107.0,False,False,False,False,False,False
7006,M21865,M,300.1,310.7,36.59234892706397,52.9,0.0,False,False,False,False,False,False
5551,M20410,M,302.3,311.9,38.8329756778952,42.3,159.0,False,False,False,False,False,False
8974,L56153,L,296.8,307.4,39.35733730830886,48.3,105.0,False,False,False,False,False,False
4228,L51407,L,302.2,310.8,37.1887079635741,46.9,45.0,False,False,False,False,False,False
1489,L48668,L,298.2,309.1,39.59797974644666,36.3,166.0,False,False,False,False,False,False
8525,L55704,L,298.3,309.4,38.31448812133603,46.2,10.0,False,False,False,False,False,False
4295,M19154,M,301.7,310.1,41.7492514902962,27.3,210.0,False,False,False,False,False,False
6809,L53988,L,301.0,310.7,37.296112397943034,45.0,123.0,False,False,False,False,False,False
4205,M19064,M,302.3,310.9,39.02563260217571,43.2,210.0,False,False,False,False,False,False
7298,L54477,L,300.1,310.5,38.72983346207417,39.8,107.0,False,False,False,False,False,False
4073,L51252,L,301.9,310.6,40.124805295477756,33.4,108.0,False,False,False,False,False,False
9136,H38549,H,300.1,310.1,37.469987990390386,50.3,97.0,False,False,False,False,False,False
8571,H37984,H,297.9,308.7,39.30648801406709,35.9,120.0,False,False,False,False,False,False
8193,L55372,L,299.6,310.9,35.05709628591621,65.2,209.0,True,False,False,False,True,False
4359,H33772,H,302.0,309.9,40.07492981902776,34.5,156.0,False,False,False,False,False,False
5823,M20682,M,301.3,311.0,38.24918299781056,50.2,214.0,False,False,False,False,False,False
8182,L55361,L,299.7,311.2,42.83689998120779,23.7,183.0,False,False,False,False,False,False
4667,M19526,M,300.1,311.5,39.61060464067672,36.6,47.0,False,False,False,False,False,False
263,M15122,M,298.1,308.2,41.66533331199932,26.8,27.0,False,False,False,False,False,False
9944,M24803,M,298.3,308.0,42.02380277890139,26.0,96.0,False,False,False,False,False,False
4296,L51475,L,301.8,310.2,38.17066936798463,40.4,213.0,False,False,False,False,False,False
7969,L55148,L,300.9,312.2,42.555845661906424,23.2,72.0,False,False,False,False,False,False
1870,M16729,M,298.3,308.1,40.3732584763727,32.7,83.0,False,False,False,False,False,False
5712,L52891,L,302.2,311.6,39.30648801406709,35.9,152.0,False,False,False,False,False,False
6409,L53588,L,300.3,309.9,40.01249804748511,31.7,180.0,False,False,False,False,False,False
4084,M18943,M,302.0,310.4,39.585350825778974,36.4,114.0,False,False,False,False,False,False
1469,M16328,M,298.6,309.8,37.66961640367472,44.9,115.0,False,False,False,False,False,False
6247,H35660,H,300.8,310.3,38.17066936798463,46.8,182.0,False,False,False,False,False,False
3791,L50970,L,302.3,310.9,37.57658845611187,48.9,28.0,False,False,False,False,False,False
6594,L53773,L,301.6,310.7,40.97560249709576,29.5,10.0,False,False,False,False,False,False
547,L47726,L,297.5,309.4,42.532340636273474,24.3,110.0,False,False,False,False,False,False
7874,L55053,L,300.7,312.4,38.34057902536163,38.6,56.0,False,False,False,False,False,False
7321,H36734,H,299.8,310.2,37.5632799419859,49.7,161.0,False,False,False,False,False,False
7296,M22155,M,300.1,310.5,36.45545226711637,57.4,99.0,False,False,False,False,False,False
7919,L55098,L,300.8,312.1,38.79432948254165,41.3,173.0,False,False,False,False,False,False
6432,L53611,L,300.1,309.8,36.78314831549904,59.4,26.0,False,False,False,False,False,False
7499,M22358,M,300.2,311.8,41.80908992073375,28.5,184.0,False,False,False,False,False,False
2928,M17787,M,300.7,310.1,37.69615364994153,49.8,165.0,False,False,False,False,False,False
4411,L51590,L,302.5,310.2,39.824615503479755,32.2,64.0,False,False,False,False,False,False
4402,H33815,H,302.2,310.0,38.31448812133603,43.6,38.0,False,False,False,False,False,False
7264,L54443,L,300.4,310.1,37.8021163428716,46.9,19.0,False,False,False,False,False,False
4224,L51403,L,302.0,310.7,40.70626487409524,31.9,37.0,False,False,False,False,False,False
1645,L48824,L,298.0,310.1,40.27406113120453,33.3,121.0,False,False,False,False,False,False
6775,H36188,H,301.2,310.7,41.79712908801273,27.3,35.0,False,False,False,False,False,False
7135,M21994,M,300.5,310.0,37.49666651850535,50.2,119.0,False,False,False,False,False,False
9125,L56304,L,297.4,308.4,37.76241517699841,50.4,70.0,False,False,False,False,False,False
803,L47982,L,300.1,307.8,39.63584236521283,35.0,102.0,False,False,False,False,False,False
5907,L53086,L,300.1,310.3,39.153543900903784,35.6,198.0,False,False,False,False,False,False
6142,L53321,L,300.8,310.8,38.54867053479276,45.7,146.0,False,False,False,False,False,False
6140,L53319,L,300.8,310.7,39.824615503479755,33.4,142.0,False,False,False,False,False,False
3581,L50760,L,301.8,310.6,40.620192023179804,31.9,126.0,False,False,False,False,False,False
7405,L54584,L,299.8,310.8,39.408120990476064,32.2,161.0,False,False,False,False,False,False
3094,L50273,L,300.0,309.3,37.376463182061514,51.2,108.0,False,False,False,False,False,False
3379,L50558,L,301.5,310.7,39.59797974644666,33.1,38.0,False,False,False,False,False,False
4407,L51586,L,302.5,310.3,36.41428291206625,58.5,55.0,True,False,True,False,False,False
4654,M19513,M,303.1,311.1,39.92492955535426,35.5,13.0,False,False,False,False,False,False
6593,M21452,M,301.6,310.7,38.17066936798463,47.8,7.0,False,False,False,False,False,False
1945,L49124,L,298.1,308.1,42.320207938997655,27.3,63.0,False,False,False,False,False,False
9582,L56761,L,299.4,310.6,37.656340767525464,53.1,10.0,False,False,False,False,False,False
9294,L56473,L,298.3,309.1,37.907782842049734,38.0,93.0,False,False,False,False,False,False
2452,L49631,L,299.2,308.7,40.620192023179804,30.5,93.0,False,False,False,False,False,False
5324,M20183,M,303.4,312.7,37.403208418530085,48.4,34.0,False,False,False,False,False,False
2008,L49187,L,300.1,308.4,39.52214569073901,34.4,25.0,False,False,False,False,False,False
564,L47743,L,297.7,309.6,39.102429592034305,35.2,153.0,False,False,False,False,False,False
7379,L54558,L,299.5,310.0,37.255872020394314,52.4,94.0,False,False,False,False,False,False
368,M15227,M,297.6,308.4,39.61060464067672,38.3,93.0,False,False,False,False,False,False
1313,L48492,L,298.9,310.1,38.379682124790975,42.6,164.0,False,False,False,False,False,False
4825,L52004,L,303.4,310.1,38.71692136521188,45.0,16.0,False,False,False,False,False,False
1368,M16227,M,298.8,310.2,39.761790704142086,37.5,75.0,False,False,False,False,False,False
9997,H39410,H,298.9,308.4,40.39801975344831,31.8,17.0,False,False,False,False,False,False
1695,L48874,L,298.0,307.5,40.22437072223753,35.2,31.0,False,False,False,False,False,False
8568,L55747,L,298.0,308.7,38.87158345115362,45.8,114.0,False,False,False,False,False,False
4710,M19569,M,303.4,311.6,38.02630668366309,50.0,163.0,False,False,False,False,False,False
3605,L50784,L,301.8,310.8,39.45883931389772,33.3,190.0,False,False,False,False,False,False
5942,L53121,L,300.6,310.7,37.92097045171708,48.5,78.0,True,False,False,False,False,False
2173,L49352,L,299.5,309.2,42.61455150532503,23.0,15.0,False,False,False,False,False,False
3718,H33131,H,302.3,311.4,37.986839826445156,44.1,51.0,False,False,False,False,False,False
37,M14896,M,298.9,309.2,39.761790704142086,36.7,101.0,False,False,False,False,False,False
4017,L51196,L,302.1,310.9,40.718546143004666,30.3,186.0,False,False,False,False,False,False
4732,L51911,L,303.3,311.6,36.069377593742864,45.1,219.0,True,False,True,False,False,False
4468,L51647,L,302.8,310.6,40.2119385257662,37.9,207.0,False,False,False,False,False,False
6641,L53820,L,300.1,310.4,36.52396473549935,43.2,133.0,False,False,False,False,False,False
3312,L50491,L,301.3,310.4,38.19685850956856,44.7,92.0,False,False,False,False,False,False
9258,M24117,M,298.3,309.1,36.0,58.7,201.0,False,False,False,False,False,False
5455,L52634,L,303.0,312.5,38.22302970723278,40.2,127.0,False,False,False,False,False,False
8324,H37737,H,298.7,309.5,38.118237105091836,40.4,108.0,False,False,False,False,False,False
539,M15398,M,297.4,310.1,38.71692136521188,36.8,88.0,False,False,False,False,False,False
6356,L53535,L,300.1,309.7,38.48376280978771,37.9,34.0,False,False,False,False,False,False
7175,L54354,L,300.2,310.2,39.11521443121589,48.5,15.0,False,False,False,False,False,False
220,M15079,M,298.3,308.5,37.86819245752297,46.2,148.0,False,False,False,False,False,False
1455,L48634,L,299.1,310.4,37.78888725538237,46.9,87.0,False,False,False,False,False,False
2661,L49840,L,299.8,310.1,35.93048844644336,56.4,188.0,False,False,False,False,False,False
7649,L54828,L,300.4,311.4,39.395431207184416,28.8,135.0,False,False,False,False,False,False
5111,M19970,M,304.0,313.5,41.617304093369626,26.2,126.0,False,False,False,False,False,False
4118,L51297,L,301.9,310.5,36.60601043544625,55.7,204.0,True,False,False,False,True,False
2662,M17521,M,299.9,309.4,38.84584919911006,42.8,190.0,False,False,False,False,False,False
5214,M20073,M,303.7,312.6,37.8021163428716,43.3,189.0,False,False,False,False,False,False
487,M15346,M,297.4,309.1,39.774363602702685,35.9,180.0,False,False,False,False,False,False
4919,L52098,L,303.3,312.2,38.17066936798463,40.7,48.0,False,False,False,False,False,False
271,H29684,H,298.0,308.0,38.98717737923585,39.6,51.0,False,False,False,False,False,False
4858,L52037,L,303.7,312.3,40.07492981902776,37.4,103.0,False,False,False,False,False,False
531,M15390,M,297.6,309.5,41.340053217188775,32.2,65.0,False,False,False,False,False,False
5479,L52658,L,302.7,312.2,40.13726448077895,34.1,186.0,False,False,False,False,False,False
7142,M22001,M,300.4,309.8,36.823905279043935,44.4,136.0,False,False,False,False,False,False
3591,L50770,L,301.8,310.6,37.456641600656084,46.8,151.0,False,False,False,False,False,False
8131,H37544,H,300.0,311.2,37.322915213043046,43.1,45.0,False,False,False,False,False,False
9495,L56674,L,300.1,309.9,38.93584466786357,41.4,219.0,False,False,False,False,False,False
756,H30169,H,296.8,308.1,38.62641583165593,43.7,222.0,False,False,False,False,False,False
6670,L53849,L,301.4,310.5,39.63584236521283,33.9,208.0,False,False,False,False,False,False
2322,M17181,M,299.2,308.8,36.24913792078372,52.5,108.0,False,False,False,False,False,False
4856,L52035,L,303.7,312.3,37.080992435478315,46.2,98.0,False,False,False,False,False,False
8285,L55464,L,298.8,310.6,40.63249930782009,33.3,0.0,False,False,False,False,False,False
315,M15174,M,297.9,308.5,36.05551275463989,53.0,172.0,False,False,False,False,False,False
7032,L54211,L,300.7,310.8,38.45776904605882,49.1,108.0,False,False,False,False,False,False
5919,L53098,L,300.1,310.1,39.25557285278104,42.0,108.0,False,False,False,False,False,False
6626,M21485,M,301.6,310.7,37.69615364994153,44.4,108.0,False,False,False,False,False,False
7251,M22110,M,300.1,310.2,37.8021163428716,42.0,206.0,False,False,False,False,False,False
5347,L52526,L,303.4,312.7,39.16631205513228,35.5,98.0,False,False,False,False,False,False
2551,L49730,L,299.4,309.3,36.959437225152655,48.4,116.0,False,False,False,False,False,False
1515,M16374,M,298.1,308.8,40.34848200366403,37.6,12.0,False,False,False,False,False,False
728,H30141,H,297.3,310.1,38.71692136521188,37.6,147.0,False,False,False,False,False,False
7750,L54929,L,300.4,311.6,40.91454509095757,33.0,172.0,False,False,False,False,False,False
9507,H38920,H,299.3,310.4,39.344631145812,41.6,25.0,False,False,False,False,False,False
7477,L54656,L,300.2,311.5,38.62641583165593,41.8,128.0,False,False,False,False,False,False
4339,L51518,L,301.6,309.9,37.376463182061514,43.7,102.0,False,False,False,False,False,False
833,L48012,L,296.6,307.4,39.0,38.6,173.0,False,False,False,False,False,False
5697,H35110,H,302.5,311.9,39.93745109543172,34.6,112.0,False,False,False,False,False,False
3783,L50962,L,302.2,310.8,42.74342054632502,23.8,9.0,False,False,False,False,False,False
6305,L53484,L,301.1,310.5,39.14077158156185,37.5,119.0,False,False,False,False,False,False
9675,L56854,L,300.1,310.2,41.1703777004778,29.6,8.0,False,False,False,False,False,False
5938,M20797,M,300.6,310.5,38.23610858861032,41.3,68.0,False,False,False,False,False,False
5352,M20211,M,303.5,312.9,39.11521443121589,34.5,110.0,False,False,False,False,False,False
1138,L48317,L,300.1,307.8,40.65710270051225,29.7,137.0,False,False,False,False,False,False
4335,L51514,L,301.6,309.8,38.36665218650175,42.5,91.0,False,False,False,False,False,False
1842,L49021,L,297.7,310.1,40.84115571332428,37.8,5.0,False,False,False,False,False,False
6523,L53702,L,301.1,310.1,38.58756276314948,45.8,42.0,False,False,False,False,False,False
4327,L51506,L,301.6,310.1,36.90528417449187,55.8,70.0,True,False,True,False,False,False
7670,L54849,L,300.7,311.8,36.55133376499413,58.4,189.0,True,False,False,False,True,False
7587,L54766,L,300.4,311.1,39.8622628559895,35.5,191.0,False,False,False,False,False,False
8670,M23529,M,297.5,308.8,38.353617821530214,52.3,152.0,False,False,False,False,False,False
5309,L52488,L,304.0,313.2,38.48376280978771,42.6,213.0,False,False,False,False,False,False
1721,L48900,L,298.2,307.7,38.19685850956856,44.5,89.0,False,False,False,False,False,False
2685,L49864,L,299.8,309.4,38.2099463490856,37.4,25.0,False,False,False,False,False,False
4279,L51458,L,302.0,310.1,37.53664875824692,50.4,172.0,False,False,False,False,False,False
5427,L52606,L,302.6,312.3,39.42080668885405,42.0,58.0,False,False,False,False,False,False
4714,L51893,L,303.5,311.8,38.09199390948182,45.2,173.0,False,False,False,False,False,False
9885,L57064,L,300.1,309.5,40.90232267243512,30.8,141.0,False,False,False,False,False,False
1303,L48482,L,298.6,309.8,38.79432948254165,45.7,144.0,False,False,False,False,False,True
4377,M19236,M,301.9,309.6,39.382737335030434,34.6,211.0,False,False,False,False,False,False
6863,M21722,M,301.1,310.1,37.20215047547655,49.4,48.0,False,False,False,False,False,False
8384,M23243,M,298.8,309.9,38.66522985836241,35.2,60.0,False,False,False,False,False,False
6212,L53391,L,300.8,310.6,36.87817782917155,48.8,91.0,False,False,False,False,False,False
3319,L50498,L,301.4,310.4,37.89459064299283,49.7,108.0,False,False,False,False,False,False
4427,L51606,L,302.6,310.3,38.45776904605882,40.4,105.0,False,False,False,False,False,False
7145,M22004,M,300.4,309.8,38.948684188300895,40.3,149.0,False,False,False,False,False,False
2459,L49638,L,299.0,308.6,37.86819245752297,45.9,108.0,False,False,False,False,False,False
9516,L56695,L,299.0,310.2,41.012193308819754,28.8,49.0,False,False,False,False,False,False
2208,L49387,L,299.8,309.2,39.88734135035826,37.5,108.0,False,False,False,False,False,False
9414,L56593,L,298.1,308.6,37.93415347678132,44.9,205.0,False,False,False,False,False,False
2603,L49782,L,299.4,309.2,37.77565353504821,41.5,29.0,False,False,False,False,False,False
2788,M17647,M,300.3,309.6,39.03844259188627,38.4,54.0,False,False,False,False,False,False
3739,M18598,M,302.3,311.2,38.13135192987524,43.8,112.0,False,False,False,False,False,False
9590,L56769,L,299.2,310.4,38.36665218650175,43.3,32.0,False,False,False,False,False,False
380,L47559,L,297.3,310.1,41.88078318274385,26.8,125.0,False,False,False,False,False,False
1315,M16174,M,299.0,310.3,40.43513323831146,34.5,168.0,False,False,False,False,False,False
1128,M15987,M,296.7,307.8,40.890096600521744,32.4,113.0,False,False,False,False,False,False
2016,L49195,L,298.5,308.2,36.069377593742864,66.3,42.0,True,False,False,True,False,False
5611,L52790,L,303.1,312.4,37.5099986670221,41.2,107.0,False,False,False,False,False,False
982,L48161,L,296.2,306.8,40.681691213615984,31.1,136.0,False,False,False,False,False,False
8920,L56099,L,297.2,310.1,41.14608122288197,28.0,188.0,False,False,False,False,False,False
9009,M23868,M,297.4,308.0,37.94733192202055,42.4,190.0,False,False,False,False,False,False
5864,M20723,M,301.4,311.1,41.92851058647326,25.4,88.0,False,False,False,False,False,False
4070,M18929,M,301.9,310.7,37.48332962798263,47.9,80.0,False,False,False,False,False,False
5161,L52340,L,304.1,313.2,37.86819245752297,50.1,43.0,False,False,False,False,False,False
9462,M24321,M,298.4,309.2,37.603191353926334,46.4,128.0,False,False,False,False,False,False
3995,L51174,L,300.1,311.4,37.86819245752297,40.3,133.0,False,False,False,False,False,False
5426,L52605,L,302.5,312.2,42.13074886588179,27.9,56.0,False,False,False,False,False,False
4428,M19287,M,302.4,310.1,37.134889255254286,48.9,107.0,True,False,True,False,False,False
6032,L53211,L,300.6,310.7,38.144462245521304,40.6,82.0,False,False,False,False,False,False
9664,L56843,L,299.1,310.1,37.881393849751625,48.8,229.0,True,False,False,False,True,False
2740,L49919,L,299.8,310.1,39.64845520319802,35.4,158.0,False,False,False,False,False,False
7158,L54337,L,300.2,310.1,38.54867053479276,40.1,182.0,False,False,False,False,False,False
7917,L55096,L,300.8,310.1,38.88444419044716,37.1,169.0,False,False,False,False,False,False
7776,L54955,L,300.3,311.5,40.779897008207364,33.6,38.0,False,False,False,False,False,False
3079,M17938,M,300.1,309.4,36.72873534441391,56.2,127.0,False,False,False,False,False,False
3348,L50527,L,301.3,310.6,39.102429592034305,41.8,176.0,False,False,False,False,False,False
8800,L55979,L,297.3,308.4,38.36665218650175,41.3,67.0,False,False,False,False,False,False
3614,L50793,L,301.7,310.1,39.45883931389772,39.4,2.0,False,False,False,False,False,False
5701,L52880,L,300.1,311.9,38.691084244306204,41.6,123.0,False,False,False,False,False,False
8388,L55567,L,298.8,309.9,36.75595189897821,47.2,73.0,False,False,False,False,False,False
2102,L49281,L,299.3,309.3,39.08964057138413,37.8,45.0,False,False,False,False,False,False
6471,L53650,L,300.4,309.6,37.134889255254286,54.5,108.0,False,False,False,False,False,False
8348,L55527,L,298.7,309.6,40.80441152620633,31.1,178.0,False,False,False,False,False,False
149,M15008,M,298.3,308.3,37.134889255254286,48.0,181.0,False,False,False,False,False,False
1996,L49175,L,298.3,308.0,38.09199390948182,47.1,196.0,False,False,False,False,False,False
8835,L56014,L,297.4,308.8,38.379682124790975,46.2,167.0,False,False,False,False,False,False
7164,M22023,M,300.1,310.1,38.742741255621034,39.3,195.0,False,False,False,False,False,False
4906,L52085,L,300.1,312.4,36.91882988394946,53.1,7.0,False,False,False,False,False,False
5574,L52753,L,302.5,312.2,41.689327171351664,25.3,14.0,False,False,False,False,False,False
1130,L48309,L,296.7,307.9,41.10960958218893,29.6,119.0,False,False,False,False,False,False
157,M15016,M,298.4,308.1,38.66522985836241,46.0,203.0,False,False,False,False,False,False
5560,M20419,M,302.5,312.0,38.09199390948182,43.2,189.0,False,False,False,False,False,False
5523,L52702,L,302.6,311.9,38.118237105091836,39.1,84.0,False,False,False,False,False,False
6482,L53661,L,300.7,309.8,37.49666651850535,48.4,108.0,False,False,False,False,False,False
8112,M22971,M,300.4,311.8,39.408120990476064,33.1,209.0,True,True,False,False,False,False
7243,H36656,H,299.9,310.1,38.03945320322047,51.4,185.0,False,False,False,False,False,False
2678,L49857,L,299.8,309.5,38.66522985836241,39.6,10.0,False,False,False,False,False,False
7165,M22024,M,300.2,310.1,38.39270764090493,44.0,198.0,False,False,False,False,False,False
5042,L52221,L,304.0,313.2,36.24913792078372,47.1,144.0,False,False,False,False,False,False
2256,L49435,L,299.1,308.3,39.48417404479927,33.7,30.0,False,False,False,False,False,False
8969,L56148,L,297.1,307.8,38.13135192987524,50.6,94.0,False,False,False,False,False,False
2117,M16976,M,300.1,309.0,37.16180835212409,44.9,88.0,False,False,False,False,False,False
5608,M20467,M,302.9,312.2,41.773197148410844,25.5,98.0,False,False,False,False,False,False
2212,M17071,M,299.6,309.0,35.2845575287547,64.0,120.0,False,False,False,False,False,False
1967,L49146,L,297.9,307.6,38.92300091205713,40.5,118.0,False,False,False,False,False,False
2534,L49713,L,298.8,308.7,38.600518131237564,33.6,71.0,False,False,False,False,False,False
7079,L54258,L,300.7,310.5,36.837480912787726,52.6,199.0,False,False,False,False,False,False
5334,M20193,M,303.5,312.6,37.48332962798263,51.6,62.0,False,False,False,False,False,False
9506,L56685,L,299.2,310.3,37.8021163428716,40.1,23.0,False,False,False,False,False,False
5609,M20468,M,303.1,312.3,40.28647415696737,31.6,101.0,False,False,False,False,False,False
7723,L54902,L,300.5,310.1,37.53664875824692,54.7,104.0,False,False,False,False,False,False
3709,L50888,L,302.1,311.4,39.35733730830886,44.6,31.0,False,False,False,False,False,False
2755,H32168,H,299.6,309.1,40.3732584763727,32.3,194.0,False,False,False,False,False,False
2818,L49997,L,300.2,309.5,37.64306044943742,41.1,129.0,False,False,False,False,False,False
6246,L53425,L,300.9,310.4,38.01315561749642,41.7,180.0,False,False,False,False,False,False
7090,L54269,L,300.6,310.2,40.27406113120453,34.1,3.0,False,False,False,False,False,False
1092,L48271,L,297.0,307.7,38.03945320322047,46.4,8.0,False,False,False,False,False,False
1384,M16243,M,298.9,310.2,36.4828726939094,49.0,121.0,False,False,False,False,False,False
8124,H37537,H,300.2,311.5,38.92300091205713,36.8,27.0,False,False,False,False,False,False
4990,L52169,L,303.9,313.2,38.71692136521188,37.4,7.0,False,False,False,False,False,False
2843,L50022,L,300.3,309.3,36.6742416417845,53.5,192.0,False,False,False,False,False,False
7626,L54805,L,300.1,311.7,39.44616584663204,34.9,76.0,False,False,False,False,False,False
6473,H35886,H,300.4,310.1,39.63584236521283,33.6,126.0,False,False,False,False,False,False
1577,L48756,L,300.1,308.4,38.600518131237564,41.7,170.0,False,False,False,False,False,False
2986,L50165,L,300.7,309.8,39.949968710876355,31.5,123.0,False,False,False,False,False,False
6954,L54133,L,300.8,311.3,38.23610858861032,41.4,75.0,False,False,False,False,False,False
4052,L51231,L,301.8,310.8,37.1887079635741,46.4,37.0,False,False,False,False,False,False
8380,L55559,L,298.8,309.9,40.36087214122113,31.9,49.0,False,False,False,False,False,False
2984,L50163,L,300.6,309.6,35.91656999213594,57.4,119.0,False,False,False,False,False,False
5813,L52992,L,301.4,311.1,38.66522985836241,36.3,193.0,False,False,False,False,False,False
5995,L53174,L,300.1,310.4,40.099875311526844,39.2,221.0,False,False,False,False,False,False
695,L47874,L,297.6,309.1,37.33630940518894,50.0,62.0,False,False,False,False,False,False
3638,M18497,M,302.2,311.4,40.32369030731191,31.6,62.0,False,False,False,False,False,False
4018,L51197,L,302.0,310.8,43.61192497471305,23.4,188.0,False,False,False,False,False,False
786,M15645,M,296.9,308.0,38.691084244306204,44.8,57.0,False,False,False,False,False,False
7237,M22096,M,299.8,310.1,38.2099463490856,37.1,169.0,False,False,False,False,False,False
5184,M20043,M,303.9,310.1,43.60045871318328,22.5,110.0,False,False,False,False,False,False
5569,L52748,L,302.5,312.1,39.16631205513228,38.6,3.0,False,False,False,False,False,False
7472,L54651,L,300.3,311.7,36.945906403822335,53.3,113.0,False,False,False,False,False,False
3144,H32557,H,300.6,310.0,37.66961640367472,42.4,90.0,False,False,False,False,False,False
9563,M24422,M,299.7,311.0,37.881393849751625,50.1,168.0,False,False,False,False,False,False
3440,L50619,L,301.4,310.3,38.62641583165593,41.4,195.0,False,False,False,False,False,False
7682,L54861,L,300.7,311.8,37.986839826445156,43.7,108.0,False,False,False,False,False,False
518,M15377,M,297.5,309.4,37.296112397943034,58.2,34.0,False,False,False,False,False,False
8848,L56027,L,300.1,310.1,37.986839826445156,43.5,0.0,False,False,False,False,False,False
7640,L54819,L,300.5,311.4,38.28837943815329,41.8,112.0,False,False,False,False,False,False
309,L47488,L,297.9,308.5,36.124783736376884,47.2,155.0,False,False,False,False,False,False
2261,H31674,H,299.1,308.3,39.0,36.5,40.0,False,False,False,False,False,False
5781,L52960,L,301.7,311.2,38.948684188300895,42.4,113.0,False,False,False,False,False,False
75,L47254,L,298.9,309.0,40.01249804748511,32.3,202.0,False,False,False,False,False,False
5581,M20440,M,300.1,312.2,38.18376618407357,38.8,34.0,False,False,False,False,False,False
4160,M19019,M,302.0,310.5,40.48456495999432,32.9,94.0,False,False,False,False,False,False
4075,L51254,L,302.0,310.1,38.118237105091836,42.7,92.0,False,False,False,False,False,False
4322,L51501,L,301.7,310.2,41.060930335295616,28.9,59.0,False,False,False,False,False,False
3087,L50266,L,300.0,309.2,40.124805295477756,32.1,150.0,False,False,False,False,False,False
9633,M24492,M,299.0,310.0,36.565010597564445,57.4,146.0,False,False,False,False,False,False
6462,L53641,L,300.6,310.0,38.79432948254165,35.9,95.0,False,False,False,False,False,False
7678,L54857,L,300.6,311.7,37.78888725538237,52.6,208.0,False,False,False,False,False,False
1388,L48567,L,298.9,310.1,42.69660408041839,26.1,131.0,False,False,False,False,False,False
6250,L53429,L,300.7,310.1,39.26830783214372,35.5,191.0,False,False,False,False,False,False
2653,L49832,L,300.1,309.5,42.09513035969837,23.5,167.0,False,False,False,False,False,False
9801,H39214,H,298.5,309.3,37.69615364994153,50.3,124.0,False,False,False,False,False,False
5607,L52786,L,300.1,312.2,41.58124577258358,23.6,96.0,False,False,False,False,False,False
5259,M20118,M,303.5,312.9,39.64845520319802,44.7,84.0,False,False,False,False,False,False
5558,M20417,M,302.5,312.0,37.89459064299283,43.5,184.0,False,False,False,False,False,False
412,L47591,L,297.5,308.7,37.8021163428716,44.3,201.0,False,False,False,False,False,False
4153,M19012,M,302.0,310.5,37.749172176353746,44.7,76.0,False,False,False,False,False,False
6843,L54022,L,301.2,311.2,40.43513323831146,29.6,211.0,False,False,False,False,False,False
7089,M21948,M,300.1,310.3,40.17461885320133,32.7,0.0,False,False,False,False,False,False
8056,H37469,H,300.2,311.6,38.67815921162743,41.1,60.0,False,False,False,False,False,False
3754,L50933,L,302.2,311.0,38.24918299781056,46.8,150.0,False,False,False,False,False,False
3993,L51172,L,302.3,311.3,40.17461885320133,34.1,129.0,False,False,False,False,False,False
2770,M17629,M,300.0,309.6,38.43175770115127,38.1,108.0,False,False,False,False,False,False
6073,M20932,M,300.9,310.8,41.1703777004778,30.2,188.0,False,False,False,False,False,False
5742,M20601,M,302.3,311.7,38.50973902793941,40.5,8.0,False,False,False,False,False,False
1635,H31048,H,297.9,307.9,37.49666651850535,58.5,93.0,False,False,False,False,False,False
7292,L54471,L,300.2,310.5,37.62977544445356,46.7,90.0,False,False,False,False,False,False
4952,L52131,L,303.8,312.7,39.949968710876355,36.6,134.0,False,False,False,False,False,False
8739,L55918,L,297.3,308.7,39.1279950930277,36.7,116.0,False,False,False,False,False,False
7605,L54784,L,300.4,311.3,40.48456495999432,34.6,24.0,False,False,False,False,False,False
5685,H35098,H,302.2,311.6,39.92492955535426,36.8,82.0,False,False,False,False,False,False
574,L47753,L,297.9,309.9,38.36665218650175,45.0,183.0,False,False,False,False,False,False
1359,M16218,M,298.7,310.1,41.14608122288197,31.9,51.0,False,False,False,False,False,False
2838,L50017,L,300.3,309.1,41.2189276910499,30.3,178.0,False,False,False,False,False,False
7382,L54561,L,300.1,310.3,38.66522985836241,43.1,101.0,False,False,False,False,False,False
7657,L54836,L,300.5,311.6,39.25557285278104,47.8,156.0,False,False,False,False,False,False
7193,M22052,M,300.2,310.2,37.8021163428716,43.8,54.0,False,False,False,False,False,False
3151,L50330,L,300.4,309.8,38.897300677553446,32.9,117.0,False,False,False,False,False,False
4683,L51862,L,303.6,311.8,39.585350825778974,31.7,97.0,False,False,False,False,False,False
4260,L51439,L,302.7,311.2,39.30648801406709,35.1,128.0,False,False,False,False,False,False
8778,H38191,H,297.5,310.1,38.48376280978771,38.8,14.0,False,False,False,False,False,False
998,M15857,M,296.3,307.2,38.02630668366309,45.9,180.0,False,False,False,False,False,False
6518,L53697,L,301.1,310.1,39.242833740697165,36.6,28.0,False,False,False,False,False,False
432,L47611,L,297.5,308.5,38.02630668366309,41.9,32.0,False,False,False,False,False,False
9670,L56849,L,299.1,310.3,40.23679907746142,31.1,242.0,False,False,False,False,False,False
6467,L53646,L,300.4,309.7,41.71330722922842,31.1,113.0,False,False,False,False,False,False
2251,M17110,M,299.2,308.4,37.36308338453881,48.7,13.0,False,False,False,False,False,False
2266,M17125,M,299.2,308.4,36.46916505762094,51.2,56.0,False,False,False,False,False,False
6500,L53679,L,300.9,310.0,40.87786687193939,26.8,199.0,False,False,False,False,False,False
5232,L52411,L,303.8,313.1,38.18376618407357,42.2,25.0,False,False,False,False,False,False
1584,L48763,L,298.2,310.1,36.193922141707716,61.0,189.0,True,False,False,False,True,False
2764,L49943,L,299.8,310.1,38.61346915261564,47.5,216.0,False,False,False,False,False,False
4277,M19136,M,300.1,310.4,38.157568056677825,47.5,167.0,False,False,False,False,False,False
7953,M22812,M,300.9,311.9,38.47076812334269,40.9,28.0,False,False,False,False,False,False
7524,M22383,M,300.1,311.5,36.64696440361739,46.2,28.0,False,False,False,False,False,False
8771,L55950,L,297.4,308.6,40.98780306383839,32.8,200.0,False,False,False,False,False,False
4324,L51503,L,301.8,310.3,36.61966684720111,50.5,64.0,True,False,True,False,False,False
9434,M24293,M,298.0,308.7,37.815340802378074,51.9,47.0,False,False,False,False,False,False
7624,L54803,L,300.6,311.7,41.641325627314025,29.9,72.0,False,False,False,False,False,False
2647,M17506,M,299.8,309.5,38.118237105091836,43.2,153.0,False,False,False,False,False,False
8931,L56110,L,297.4,308.4,39.63584236521283,39.4,0.0,False,False,False,False,False,False
7611,M22470,M,300.5,311.3,38.82009788756334,43.4,41.0,False,False,False,False,False,False
140,L47319,L,298.8,308.6,35.608987629529715,55.8,155.0,False,False,False,False,False,False
2725,M17584,M,299.8,309.3,38.34057902536163,42.7,119.0,False,False,False,False,False,False
4526,M19385,M,302.4,310.4,38.24918299781056,42.2,139.0,False,False,False,False,False,False
8624,M23483,M,297.5,308.3,38.41874542459709,45.6,31.0,False,False,False,False,False,False
3183,M18042,M,300.1,309.3,37.986839826445156,50.3,196.0,False,False,False,False,False,False
7503,H36916,H,300.3,311.7,40.681691213615984,29.9,193.0,False,False,False,False,False,False
1653,H31066,H,297.9,307.8,40.43513323831146,34.0,142.0,False,False,False,False,False,False
2625,H32038,H,299.7,309.5,37.080992435478315,46.8,86.0,False,False,False,False,False,False
7190,L54369,L,300.4,310.4,38.54867053479276,46.3,48.0,False,False,False,False,False,False
7062,L54241,L,300.6,310.4,38.02630668366309,49.7,155.0,False,False,False,False,False,False
1157,H30570,H,297.0,307.8,37.469987990390386,40.7,184.0,False,False,False,False,False,False
7456,M22315,M,300.2,310.1,39.96248240537617,39.5,68.0,False,False,False,False,False,False
9156,L56335,L,297.5,308.5,36.60601043544625,57.4,143.0,False,False,False,False,False,False
5561,L52740,L,302.4,311.9,39.25557285278104,37.9,192.0,False,False,False,False,False,False
3262,H32675,H,301.3,310.1,38.3275357934736,39.7,179.0,False,False,False,False,False,False
7929,L55108,L,300.6,311.7,38.691084244306204,43.6,198.0,False,False,False,False,False,False
3134,H32547,H,300.2,310.1,37.97367509209505,49.2,61.0,False,False,False,False,False,False
965,L48144,L,295.7,306.5,41.677331968349414,26.2,97.0,False,False,False,False,False,False
6680,L53859,L,301.6,310.8,37.30951621235526,42.4,3.0,False,False,False,False,False,False
8682,L55861,L,297.2,308.4,40.06245124802026,30.0,183.0,False,False,False,False,False,False
2123,M16982,M,299.2,308.8,39.02563260217571,38.9,112.0,False,False,False,False,False,False
8925,H38338,H,297.1,308.2,39.07684736515984,42.2,199.0,False,False,False,False,False,False
1595,M16454,M,300.1,308.2,37.05401462729781,51.2,215.0,False,False,False,False,False,False
7672,M22531,M,300.5,311.6,38.157568056677825,51.1,193.0,False,False,False,False,False,False
5077,L52256,L,304.2,313.2,38.262252939417984,44.9,37.0,False,False,False,False,False,False
8028,L55207,L,300.6,311.9,37.749172176353746,44.9,224.0,False,False,False,False,False,False
5966,H35379,H,300.5,310.9,38.03945320322047,46.5,137.0,False,False,False,False,False,False
9510,M24369,M,300.1,310.4,38.7556447501522,39.8,34.0,False,False,False,False,False,False
7716,L54895,L,300.5,311.5,36.08323710533743,49.6,80.0,False,False,False,False,False,False
2864,L50043,L,300.6,309.4,38.353617821530214,44.1,244.0,False,False,False,False,False,False
1387,L48566,L,298.9,310.2,38.01315561749642,40.0,129.0,False,False,False,False,False,False
7245,L54424,L,300.0,310.2,41.95235392680606,26.9,193.0,False,False,False,False,False,False
9485,L56664,L,298.9,309.6,40.779897008207364,33.7,195.0,False,False,False,False,False,False
7327,M22186,M,299.9,310.5,36.53765181289022,52.9,180.0,False,False,False,False,False,False
5458,M20317,M,303.0,312.5,40.024992192379,33.7,135.0,False,False,False,False,False,False
7671,L54850,L,300.5,311.6,39.05124837953327,37.6,191.0,False,False,False,False,False,False
5013,M19872,M,303.8,312.9,42.60281680828159,27.8,66.0,False,False,False,False,False,False
3456,H32869,H,301.4,310.3,40.13726448077895,41.5,11.0,False,False,False,False,False,False
5959,L53138,L,300.6,310.8,39.153543900903784,38.5,108.0,False,False,False,False,False,False
349,L47528,L,297.6,308.3,40.2119385257662,31.7,39.0,False,False,False,False,False,False
3198,L50377,L,300.0,309.1,38.27531841800928,40.6,9.0,False,False,False,False,False,False
7244,M22103,M,300.0,310.2,37.322915213043046,51.2,190.0,False,False,False,False,False,False
3338,L50517,L,301.6,310.8,39.54743986657038,34.1,150.0,False,False,False,False,False,False
6516,L53695,L,301.0,310.0,38.47076812334269,43.5,21.0,False,False,False,False,False,False
2600,M17459,M,299.2,308.9,38.03945320322047,39.6,22.0,False,False,False,False,False,False
1834,L49013,L,297.8,307.3,36.42801120017397,61.0,186.0,True,False,False,False,True,False
3039,L50218,L,300.4,310.1,36.72873534441391,50.4,30.0,False,False,False,False,False,False
9393,L56572,L,297.6,308.1,37.907782842049734,46.3,149.0,False,False,False,False,False,False
1156,H30569,H,297.0,307.9,42.96510211788167,27.3,179.0,False,False,False,False,False,False
9978,L57157,L,298.6,308.3,37.70941526992961,40.4,179.0,False,False,False,False,False,False
5316,L52495,L,303.6,312.8,41.352146256270665,27.2,14.0,False,False,False,False,False,False
1741,M16600,M,298.5,307.9,40.496913462633174,33.1,146.0,False,False,False,False,False,False
7820,L54999,L,299.8,310.1,37.0,46.2,146.0,False,False,False,False,False,False
7038,L54217,L,300.6,310.6,38.91015291668744,39.5,87.0,False,False,False,False,False,False
8346,H37759,H,298.8,309.8,38.600518131237564,35.9,171.0,False,False,False,False,False,False
1266,L48445,L,297.9,309.4,39.4715087119811,35.7,39.0,False,False,False,False,False,False
4551,M19410,M,302.5,310.5,38.82009788756334,40.2,201.0,False,False,False,False,False,False
7638,H37051,H,300.4,311.4,38.01315561749642,52.4,105.0,False,False,False,False,False,False
8092,L55271,L,300.2,311.6,37.080992435478315,56.9,155.0,False,False,False,False,False,False
105,L47284,L,298.8,308.7,38.07886552931954,43.4,66.0,False,False,False,False,False,False
7713,L54892,L,300.5,311.5,38.71692136521188,37.6,73.0,False,False,False,False,False,False
9956,M24815,M,298.2,307.9,38.23610858861032,38.8,124.0,False,False,False,False,False,False
2509,L49688,L,299.0,308.9,40.18706259482024,30.6,14.0,False,False,False,False,False,False
9055,M23914,M,297.3,308.4,39.0,38.2,87.0,False,False,False,False,False,False
6463,H35876,H,300.6,310.0,38.50973902793941,44.0,97.0,False,False,False,False,False,False
7136,L54315,L,300.5,309.9,37.986839826445156,48.3,122.0,False,False,False,False,False,False
8287,M23146,M,298.8,310.5,40.963398296528084,32.8,4.0,False,False,False,False,False,False
4690,M19549,M,303.4,311.5,39.496835316262995,36.4,114.0,False,False,False,False,False,False
7368,M22227,M,299.5,310.1,36.864617182333525,61.1,67.0,False,False,False,False,False,False
4826,L52005,L,303.3,311.8,41.13392760240627,30.6,18.0,False,False,False,False,False,False
9023,L56202,L,297.4,310.1,39.344631145812,46.6,7.0,False,False,False,False,False,False
6035,M20894,M,300.6,310.8,37.26929030716845,48.1,88.0,False,False,False,False,False,False
27,L47206,L,299.1,309.5,38.88444419044716,39.0,75.0,False,False,False,False,False,False
1334,M16193,M,299.0,310.3,39.4715087119811,35.4,223.0,False,False,False,False,False,False
4264,L51443,L,302.6,311.0,40.24922359499622,36.2,139.0,False,False,False,False,False,False
7139,L54318,L,300.6,310.1,36.013886210738214,50.0,130.0,False,False,False,False,False,False
8458,L55637,L,298.6,309.9,37.322915213043046,45.5,38.0,False,False,False,False,False,False
5246,L52425,L,303.6,313.0,39.68626966596886,38.3,54.0,False,False,False,False,False,False
825,L48004,L,296.6,307.4,37.89459064299283,42.8,156.0,False,False,False,False,False,False
5099,L52278,L,304.2,313.4,38.40572873934304,40.2,98.0,False,False,False,False,False,False
3825,L51004,L,302.3,310.9,40.24922359499622,30.3,108.0,False,False,False,False,False,False
1088,H30501,H,296.9,307.8,39.35733730830886,35.8,206.0,True,True,False,False,False,False
757,L47936,L,296.8,310.1,39.7994974842648,40.4,227.0,False,False,False,False,False,False
2728,L49907,L,299.7,309.3,37.86819245752297,38.5,127.0,False,False,False,False,False,False
7155,L54334,L,300.3,310.1,38.50973902793941,39.9,174.0,False,False,False,False,False,False
5582,M20441,M,302.5,312.1,38.13135192987524,47.6,37.0,False,False,False,False,False,False
5877,L53056,L,301.5,311.1,37.76241517699841,52.1,121.0,False,False,False,False,False,False
5310,M20169,M,303.9,313.2,37.70941526992961,48.0,215.0,True,True,False,False,False,False
5294,M20153,M,303.9,313.4,38.262252939417984,49.1,171.0,False,False,False,False,False,False
1591,L48770,L,298.2,308.4,38.691084244306204,37.7,207.0,False,False,False,False,False,False
1502,M16361,M,298.0,308.7,37.89459064299283,48.2,201.0,False,False,False,False,False,False
2817,L49996,L,300.1,309.4,37.86819245752297,47.3,127.0,False,False,False,False,False,False
2753,M17612,M,299.7,309.1,43.02324952859791,24.7,189.0,False,False,False,False,False,False
8488,L55667,L,298.4,309.4,37.30951621235526,50.1,117.0,False,False,False,False,False,False
7284,M22143,M,300.0,310.2,37.986839826445156,58.7,68.0,False,False,False,False,False,False
5987,L53166,L,300.6,310.7,37.94733192202055,52.5,200.0,False,False,False,False,False,False
1789,L48968,L,298.3,308.0,37.97367509209505,47.3,65.0,False,False,False,False,False,False
8236,M23095,M,299.2,310.6,37.986839826445156,50.9,85.0,False,False,False,False,False,False
7339,L54518,L,299.8,310.5,38.67815921162743,38.8,215.0,False,False,False,False,False,False
5844,L53023,L,301.5,311.2,41.23105625617661,28.8,39.0,False,False,False,False,False,False
9875,M24734,M,298.9,309.9,38.06573262134856,44.1,112.0,False,False,False,False,False,False
957,H30370,H,295.6,306.2,40.39801975344831,32.2,76.0,False,False,False,False,False,False
8905,L56084,L,297.4,308.7,39.7994974842648,38.2,154.0,False,False,False,False,False,False
5761,M20620,M,301.9,311.3,39.01281840626232,35.6,63.0,False,False,False,False,False,False
6741,L53920,L,301.8,311.2,37.64306044943742,55.9,156.0,False,False,False,False,False,False
6959,L54138,L,300.6,311.0,39.534794801541594,40.7,87.0,False,False,False,False,False,False
7575,L54754,L,300.4,311.1,38.561638969317684,37.4,162.0,False,False,False,False,False,False
2569,L49748,L,299.6,309.2,38.07886552931954,43.1,160.0,False,False,False,False,False,False
4257,M19116,M,302.6,311.0,39.88734135035826,33.9,119.0,False,False,False,False,False,False
1592,L48771,L,300.1,310.1,36.810324638611924,49.4,209.0,False,False,False,False,False,False
4169,L51348,L,302.2,310.6,40.39801975344831,30.5,108.0,False,False,False,False,False,False
7416,L54595,L,300.1,311.2,38.58756276314948,39.1,188.0,False,False,False,False,False,False
8089,L55268,L,300.1,311.4,36.823905279043935,45.7,149.0,False,False,False,False,False,False
3947,M18806,M,302.2,311.3,40.718546143004666,31.0,2.0,False,False,False,False,False,False
1411,M16270,M,298.9,310.1,38.3275357934736,53.2,189.0,False,False,False,False,False,False
3557,L50736,L,301.9,310.1,41.65333119931706,31.5,66.0,False,False,False,False,False,False
1749,H31162,H,298.4,307.7,40.32369030731191,31.1,166.0,False,False,False,False,False,True
9886,L57065,L,298.8,310.1,40.162171256046406,27.7,143.0,False,False,False,False,False,False
495,L47674,L,297.6,309.4,36.41428291206625,49.8,199.0,False,False,False,False,False,False
2383,L49562,L,299.1,308.3,40.01249804748511,31.4,121.0,False,False,False,False,False,False
6269,L53448,L,300.9,310.5,40.19950248448356,33.5,25.0,False,False,False,False,False,False
5402,M20261,M,302.6,312.3,38.13135192987524,54.8,253.0,True,True,False,False,True,False
5043,L52222,L,304.1,313.2,39.61060464067672,35.8,146.0,False,False,False,False,False,False
9644,L56823,L,299.4,310.1,38.84584919911006,40.6,175.0,False,False,False,False,False,False
8016,M22875,M,301.0,312.0,39.4715087119811,37.5,190.0,False,False,False,False,False,False
3345,L50524,L,301.4,310.7,41.30375285612676,27.9,170.0,False,False,False,False,False,False
4418,L51597,L,302.6,310.4,36.945906403822335,66.8,80.0,True,False,True,True,False,False
558,M15417,M,297.5,309.4,37.8549864614954,48.3,139.0,False,False,False,False,False,False
2909,L50088,L,300.7,309.5,35.369478367654786,59.9,120.0,False,False,False,False,False,False
6155,M21014,M,301.0,310.9,42.01190307520001,24.2,179.0,False,False,False,False,False,False
1826,M16685,M,298.0,310.1,42.23742416388575,27.8,163.0,False,False,False,False,False,False
9646,L56825,L,299.4,310.5,41.82104733265297,28.1,179.0,False,False,False,False,False,False
348,L47527,L,297.5,308.3,39.293765408777,40.8,37.0,False,False,False,False,False,False
5033,M19892,M,300.1,313.1,41.15823125451335,31.4,116.0,False,False,False,False,False,False
9422,M24281,M,298.1,308.5,37.17526059088221,54.5,17.0,False,False,False,False,False,False
6825,L54004,L,300.1,310.7,41.71330722922842,25.3,108.0,False,False,False,False,False,False
7378,L54557,L,299.5,310.0,36.72873534441391,52.7,92.0,False,False,False,False,False,False
565,H29978,H,297.6,309.6,40.85339643163099,32.1,155.0,False,False,False,False,False,False
7773,H37186,H,300.3,311.5,38.262252939417984,41.0,29.0,False,False,False,False,False,False
46,L47225,L,298.8,309.1,38.58756276314948,49.1,108.0,False,False,False,False,False,False
9348,M24207,M,298.2,308.7,37.76241517699841,42.6,23.0,False,False,False,False,False,False
2104,M16963,M,299.3,309.1,37.094473981982816,46.7,49.0,False,False,False,False,False,False
8284,H37697,H,298.9,310.6,40.18706259482024,33.0,221.0,False,False,False,False,False,False
9841,H39254,H,298.3,309.2,38.54867053479276,42.4,16.0,False,False,False,False,False,False
8038,L55217,L,300.1,311.8,40.0374824383352,34.1,17.0,False,False,False,False,False,False
1935,L49114,L,300.1,307.9,41.20679555607303,33.3,40.0,False,False,False,False,False,False
5702,M20561,M,302.5,311.9,36.701498607005135,54.3,125.0,False,False,False,False,False,False
1571,L48750,L,298.2,308.4,38.1051177665153,43.5,158.0,False,False,False,False,False,False
2237,M17096,M,299.3,308.5,37.70941526992961,43.1,186.0,False,False,False,False,False,False
3103,L50282,L,299.9,310.1,37.57658845611187,48.3,198.0,False,False,False,False,False,False
7961,H37374,H,300.1,312.2,38.61346915261564,42.6,52.0,False,False,False,False,False,False
3582,M18441,M,300.1,310.6,38.19685850956856,40.2,128.0,False,False,False,False,False,False
1765,H31178,H,300.1,307.6,36.30426972134269,55.7,0.0,False,False,False,False,False,False
2741,L49920,L,299.6,309.0,39.05124837953327,42.8,160.0,False,False,False,False,False,False
9227,L56406,L,298.0,309.1,42.68489194082609,23.5,122.0,False,False,False,False,False,False
4939,M19798,M,303.5,312.4,40.07492981902776,30.1,98.0,False,False,False,False,False,False
6267,L53446,L,300.8,310.4,36.98648401781386,46.8,21.0,False,False,False,False,False,False
5015,L52194,L,303.8,313.0,38.1051177665153,38.6,72.0,False,False,False,False,False,False
284,L47463,L,298.2,308.2,38.3275357934736,43.0,88.0,False,False,False,False,False,False
3881,L51060,L,302.5,311.6,39.93745109543172,29.5,35.0,False,False,False,False,False,False
1998,L49177,L,298.3,308.1,40.890096600521744,41.3,0.0,False,False,False,False,False,False
4348,H33761,H,301.9,309.8,41.52107898405339,27.5,126.0,False,False,False,False,False,False
3521,L50700,L,301.9,311.0,40.85339643163099,32.2,191.0,False,False,False,False,False,False
9317,H38730,H,298.5,309.4,37.64306044943742,41.2,155.0,False,False,False,False,False,False
7771,L54950,L,300.3,311.5,39.344631145812,32.2,25.0,False,False,False,False,False,False
4716,L51895,L,303.4,311.7,38.41874542459709,42.3,180.0,False,False,False,False,False,False
4679,H34092,H,300.1,311.7,38.41874542459709,40.1,85.0,False,False,False,False,False,False
8201,L55380,L,300.1,310.8,37.76241517699841,42.4,0.0,False,False,False,False,False,False
5649,L52828,L,300.1,311.9,37.429934544425805,44.9,203.0,False,False,False,False,False,False
6533,H35946,H,301.2,310.6,36.76955262170047,52.0,69.0,False,False,False,False,False,False
4752,L51931,L,303.3,311.4,38.8587184554509,37.3,36.0,False,False,False,False,False,False
8340,M23199,M,298.8,309.7,38.71692136521188,40.3,154.0,False,False,False,False,False,False
5968,L53147,L,300.4,310.1,37.282703764614496,52.5,144.0,False,False,False,False,False,False
3980,L51159,L,302.3,311.3,37.93415347678132,41.8,96.0,False,False,False,False,False,False
876,M15735,M,295.8,306.3,38.0,45.5,76.0,False,False,False,False,False,False
2936,M17795,M,300.1,309.7,40.98780306383839,28.2,189.0,False,False,False,False,False,False
759,L47938,L,296.8,310.1,38.691084244306204,41.7,231.0,False,False,False,False,False,False
4058,L51237,L,302.0,310.9,38.66522985836241,38.6,52.0,False,False,False,False,False,False
9777,M24636,M,298.6,309.6,37.376463182061514,54.1,47.0,False,False,False,False,False,False
2161,L49340,L,299.4,309.0,38.82009788756334,41.0,213.0,False,False,False,False,False,False
4721,M19580,M,303.4,311.7,36.78314831549904,44.1,108.0,True,False,True,False,False,False
6833,M21692,M,301.1,311.1,37.20215047547655,42.5,185.0,False,False,False,False,False,False
2252,H31665,H,299.1,308.3,37.73592452822641,43.4,16.0,False,False,False,False,False,False
5994,M20853,M,300.7,310.6,37.5099986670221,42.4,218.0,False,False,False,False,False,False
9367,L56546,L,300.1,308.5,38.22302970723278,48.0,68.0,False,False,False,False,False,False
5786,L52965,L,301.7,311.1,38.3275357934736,37.2,128.0,False,False,False,False,False,False
3051,L50230,L,300.2,309.2,37.82856063875548,51.3,57.0,False,False,False,False,False,False
4014,M18873,M,300.1,311.1,41.569219381653056,34.0,179.0,False,False,False,False,False,False
9502,L56681,L,299.3,310.3,37.36308338453881,47.4,14.0,False,False,False,False,False,False
3869,M18728,M,302.7,311.7,41.94043395102154,29.9,5.0,False,False,False,False,False,False
1676,L48855,L,298.0,307.7,37.5099986670221,43.9,205.0,False,False,False,False,False,False
3048,L50227,L,300.2,309.4,39.4715087119811,38.3,51.0,False,False,False,False,False,False
1703,L48882,L,298.0,307.7,37.815340802378074,47.3,49.0,False,False,False,False,False,False
2805,L49984,L,300.1,309.5,38.07886552931954,40.1,100.0,False,False,False,False,False,False
1678,M16537,M,297.9,307.5,40.58324777540605,30.8,212.0,False,False,False,False,False,False
7357,L54536,L,299.6,310.2,36.51027252705737,51.2,40.0,False,False,False,False,False,False
3749,L50928,L,302.5,311.1,38.63935817272331,39.0,137.0,False,False,False,False,False,False
8989,L56168,L,297.2,307.9,42.720018726587654,24.6,142.0,False,False,False,False,False,False
9776,M24635,M,298.6,309.5,41.036569057366385,27.8,44.0,False,False,False,False,False,False
2938,L50117,L,300.7,309.6,42.5440947723653,26.0,195.0,False,False,False,False,False,False
4731,L51910,L,303.3,311.7,38.8329756778952,35.5,217.0,False,False,False,False,False,False
3858,H33271,H,302.4,311.2,38.80721582386451,40.8,204.0,False,False,False,False,False,False
637,L47816,L,298.3,309.9,38.24918299781056,43.9,116.0,False,False,False,False,False,False
7760,L54939,L,300.4,311.8,35.66510900025401,59.2,198.0,True,False,False,False,True,False
8832,H38245,H,297.4,308.7,41.54515615568198,26.8,158.0,False,False,False,False,False,False
4734,L51913,L,303.3,311.6,38.52272056851645,44.6,223.0,False,False,False,False,False,False
5905,M20764,M,300.8,310.5,36.46916505762094,59.0,190.0,False,False,False,False,False,False
215,M15074,M,300.1,308.6,39.8622628559895,37.1,137.0,False,False,False,False,False,False
3105,M17964,M,299.8,309.2,40.963398296528084,29.8,202.0,False,False,False,False,False,False
649,H30062,H,297.7,309.3,37.416573867739416,48.9,108.0,False,False,False,False,False,False
4781,L51960,L,303.7,312.4,37.469987990390386,46.6,119.0,False,False,False,False,False,False
5814,L52993,L,301.2,311.0,41.96427051671457,29.1,195.0,False,False,False,False,False,False
417,L47596,L,300.1,308.5,38.66522985836241,37.8,211.0,False,False,False,False,False,False
3389,M18248,M,301.7,310.9,37.881393849751625,48.0,66.0,False,False,False,False,False,False
9877,H39290,H,298.8,309.7,38.22302970723278,55.1,118.0,False,False,False,False,False,False
1006,L48185,L,296.2,307.2,37.17526059088221,52.0,201.0,False,False,False,False,False,False
9738,L56917,L,298.9,310.0,42.320207938997655,27.6,166.0,False,False,False,False,False,False
3097,L50276,L,299.9,309.2,39.496835316262995,38.9,180.0,False,False,False,False,False,False
3233,L50412,L,300.7,309.3,39.74921382870358,38.3,102.0,False,False,False,False,False,False
4484,L51663,L,302.7,310.4,38.58756276314948,42.7,33.0,False,False,False,False,False,False
8532,L55711,L,298.6,310.1,38.06573262134856,46.5,26.0,False,False,False,False,False,False
7127,M21986,M,300.6,310.1,39.26830783214372,33.9,100.0,False,False,False,False,False,False
7789,M22648,M,300.2,311.5,39.331920878594275,40.9,66.0,False,False,False,False,False,False
6517,H35930,H,301.1,310.0,38.34057902536163,40.1,23.0,False,False,False,False,False,False
258,L47437,L,298.0,308.0,40.18706259482024,29.5,15.0,False,False,False,False,False,False
2001,L49180,L,298.4,308.1,35.76310948449533,53.1,9.0,False,False,False,False,False,False
1273,H30686,H,298.0,309.4,39.52214569073901,38.1,58.0,False,False,False,False,False,False
5565,L52744,L,302.4,311.8,37.62977544445356,46.1,202.0,False,False,False,False,False,False
1610,L48789,L,297.7,307.7,39.761790704142086,34.9,31.0,False,False,False,False,False,False
3971,M18830,M,302.3,311.4,36.6742416417845,47.6,67.0,False,False,False,False,False,False
8052,L55231,L,300.6,311.8,40.64480286580315,27.2,52.0,False,False,False,False,False,False
7346,L54525,L,299.6,310.2,37.16180835212409,60.5,13.0,False,False,False,False,False,False
1428,L48607,L,298.7,309.8,37.33630940518894,40.3,11.0,False,False,False,False,False,False
5708,L52887,L,300.1,311.8,38.05259518088089,43.4,141.0,False,False,False,False,False,False
7374,L54553,L,299.6,310.1,39.408120990476064,38.0,83.0,False,False,False,False,False,False
2604,M17463,M,299.3,309.2,36.52396473549935,46.3,108.0,False,False,False,False,False,False
1597,L48776,L,298.0,308.1,43.32435804486894,24.3,0.0,False,False,False,False,False,False
6508,L53687,L,301.0,310.1,39.4715087119811,32.6,0.0,False,False,False,False,False,False
6239,L53418,L,301.3,310.8,37.282703764614496,57.4,164.0,False,False,False,False,False,False
3109,L50288,L,299.8,309.2,38.781438859330635,38.7,212.0,False,False,False,False,False,False
5393,L52572,L,302.8,312.2,38.48376280978771,40.2,108.0,False,False,False,False,False,False
902,H30315,H,295.6,306.1,35.4400902933387,62.3,142.0,False,False,False,False,False,False
514,L47693,L,297.4,309.2,37.78888725538237,38.8,26.0,False,False,False,False,False,False
2007,M16866,M,298.5,308.3,37.16180835212409,50.5,22.0,False,False,False,False,False,False
8183,M23042,M,299.7,311.1,40.607881008493905,32.7,185.0,False,False,False,False,False,False
9740,L56919,L,298.9,310.1,38.92300091205713,42.9,170.0,False,False,False,False,False,False
305,L47484,L,297.8,308.4,41.677331968349414,27.5,146.0,False,False,False,False,False,False
1225,L48404,L,297.1,308.3,41.98809355043403,25.7,139.0,False,False,False,False,False,False
5168,L52347,L,304.2,313.4,40.48456495999432,32.7,63.0,False,False,False,False,False,False
1671,L48850,L,298.2,307.8,39.08964057138413,31.1,194.0,False,False,False,False,False,False
3081,M17940,M,299.9,309.2,39.230090491866065,43.2,132.0,False,False,False,False,False,False
8502,L55681,L,298.4,309.7,39.761790704142086,34.6,150.0,False,False,False,False,False,False
617,H30030,H,298.1,309.9,41.060930335295616,29.1,60.0,False,False,False,False,False,False
204,L47383,L,298.4,310.1,38.600518131237564,37.9,110.0,False,False,False,False,False,False
9334,L56513,L,298.5,309.0,38.07886552931954,40.5,199.0,False,False,False,False,False,False
2561,M17420,M,299.4,309.1,36.41428291206625,62.0,108.0,False,False,False,False,False,False
4063,L51242,L,302.0,310.9,38.02630668366309,44.0,64.0,False,False,False,False,False,False
7249,L54428,L,300.0,310.1,41.97618372363071,28.0,202.0,False,False,False,False,False,False
5026,M19885,M,303.9,313.1,38.379682124790975,42.8,97.0,False,False,False,False,False,False
4065,L51244,L,301.9,310.7,38.47076812334269,47.1,68.0,False,False,False,False,False,False
7683,M22542,M,300.7,311.7,37.57658845611187,49.1,219.0,False,False,False,False,False,False
2734,L49913,L,299.7,309.2,37.70941526992961,40.4,140.0,False,False,False,False,False,False
1251,L48430,L,297.3,308.7,39.35733730830886,36.1,218.0,False,False,False,False,False,False
7908,L55087,L,300.8,312.3,43.104524124504614,26.3,144.0,False,False,False,False,False,False
358,L47537,L,297.6,308.4,38.948684188300895,34.2,66.0,False,False,False,False,False,False
5112,L52291,L,304.1,313.6,39.44616584663204,37.4,129.0,False,False,False,False,False,False
6404,L53583,L,300.1,309.6,40.607881008493905,33.6,168.0,False,False,False,False,False,False
7051,L54230,L,300.6,310.4,38.17066936798463,47.7,120.0,False,False,False,False,False,False
977,M15836,M,296.0,306.6,37.30951621235526,51.3,124.0,False,False,False,False,False,False
1516,M16375,M,298.2,308.9,40.17461885320133,35.5,15.0,False,False,False,False,False,False
160,L47339,L,298.4,308.2,38.353617821530214,47.0,214.0,False,False,False,False,False,False
9651,M24510,M,299.1,310.0,37.907782842049734,41.1,192.0,False,False,False,False,False,False
7027,L54206,L,300.6,310.7,39.28103868280471,39.6,60.0,False,False,False,False,False,False
9806,L56985,L,298.4,309.2,40.63249930782009,28.5,141.0,False,False,False,False,False,False
2181,H31594,H,299.6,309.2,39.96248240537617,36.3,35.0,False,False,False,False,False,False
1897,L49076,L,297.9,307.5,39.67366884975475,35.8,153.0,False,False,False,False,False,False
4174,M19033,M,302.2,310.6,36.68787265568828,49.2,134.0,True,False,True,False,False,False
336,L47515,L,300.1,308.1,41.82104733265297,25.9,8.0,False,False,False,False,False,False
2794,L49973,L,300.3,309.6,39.96248240537617,31.8,73.0,False,False,False,False,False,False
5875,M20734,M,301.5,311.1,40.74309757492672,33.8,115.0,False,False,False,False,False,False
1901,H31314,H,297.9,307.6,38.63935817272331,36.0,161.0,False,False,False,False,False,False
7232,L54411,L,299.8,309.9,39.408120990476064,36.6,157.0,False,False,False,False,False,False
4813,L51992,L,303.4,311.9,39.1279950930277,37.9,203.0,False,False,False,False,False,False
9729,L56908,L,298.8,309.8,39.534794801541594,33.7,143.0,False,False,False,False,False,False
4239,M19098,M,302.3,311.0,39.0,34.8,72.0,False,False,False,False,False,False
5044,L52223,L,304.1,313.2,38.31448812133603,39.4,148.0,False,False,False,False,False,False
3992,L51171,L,302.3,311.3,41.012193308819754,34.4,127.0,False,False,False,False,False,False
2799,L49978,L,300.3,309.6,39.59797974644666,39.6,85.0,False,False,False,False,False,False
787,L47966,L,296.9,310.1,41.72529209005013,28.8,60.0,False,False,False,False,False,False
8867,H38280,H,297.9,310.1,37.62977544445356,39.6,45.0,False,False,False,False,False,False
8431,L55610,L,298.9,310.1,36.11094017053558,57.2,183.0,False,False,False,False,False,False
7900,L55079,L,300.9,312.4,36.932370625238775,52.5,125.0,False,False,False,False,False,False
9287,L56466,L,298.2,308.9,40.06245124802026,32.0,79.0,False,False,False,False,False,False
3763,M18622,M,302.3,311.0,39.06404996924922,37.7,171.0,False,False,False,False,False,False
5456,M20315,M,303.1,312.6,43.53159771935783,23.5,129.0,False,False,False,False,False,False
4701,L51880,L,303.5,311.7,40.24922359499622,31.0,141.0,False,False,False,False,False,False
6624,M21483,M,301.7,310.7,37.97367509209505,41.1,89.0,False,False,False,False,False,False
615,M15474,M,298.0,310.1,38.01315561749642,45.2,55.0,False,False,False,False,False,False
7565,M22424,M,300.3,311.2,37.16180835212409,65.2,136.0,True,False,False,True,False,False
640,L47819,L,298.0,310.1,37.456641600656084,51.3,122.0,False,False,False,False,False,False
6585,L53764,L,301.5,310.5,37.04051835490427,44.0,203.0,False,False,False,False,False,False
4702,H34115,H,303.5,311.7,39.7994974842648,32.7,143.0,False,False,False,False,False,False
5598,L52777,L,300.1,312.0,38.742741255621034,37.0,77.0,False,False,False,False,False,False
5374,M20233,M,302.9,312.3,42.532340636273474,25.0,180.0,False,False,False,False,False,False
5672,H35085,H,302.2,311.6,39.16631205513228,37.2,41.0,False,False,False,False,False,False
9696,L56875,L,298.9,310.1,39.89987468652001,32.0,108.0,False,False,False,False,False,False
9904,M24763,M,298.7,309.2,37.907782842049734,45.7,195.0,False,False,False,False,False,False
6885,L54064,L,300.8,311.2,38.62641583165593,39.0,109.0,False,False,False,False,False,False
5068,M19927,M,304.2,313.2,37.36308338453881,50.5,11.0,False,False,False,False,False,False
5167,H34580,H,304.2,313.5,39.319206502675,41.4,58.0,False,False,False,False,False,False
3801,M18660,M,302.1,310.9,43.77213725647858,23.1,51.0,False,False,False,False,False,False
1755,M16614,M,298.0,307.4,38.24918299781056,46.5,108.0,False,False,False,False,False,False
1801,M16660,M,298.0,307.5,39.03844259188627,36.3,98.0,False,False,False,False,False,False
9784,H39197,H,298.8,309.9,38.28837943815329,44.6,66.0,False,False,False,False,False,False
6325,M21184,M,300.7,310.1,36.9729630946723,52.6,167.0,False,False,False,False,False,False
9562,L56741,L,299.6,310.9,43.04648650006177,26.3,166.0,False,False,False,False,False,False
7651,L54830,L,300.1,311.4,36.64696440361739,57.7,142.0,False,False,False,False,False,False
4612,L51791,L,303.0,310.1,36.945906403822335,56.2,146.0,True,False,True,False,False,False
8359,L55538,L,298.7,309.7,39.331920878594275,37.4,0.0,False,False,False,False,False,False
9521,L56700,L,299.0,310.1,37.080992435478315,48.9,59.0,False,False,False,False,False,False
9843,L57022,L,298.4,309.3,37.3496987939662,47.6,24.0,False,False,False,False,False,False
9260,M24119,M,298.2,309.0,41.15823125451335,28.0,5.0,False,False,False,False,False,False
3252,L50431,L,301.1,309.6,38.742741255621034,36.1,156.0,False,False,False,False,False,False
7233,M22092,M,299.9,309.9,40.48456495999432,42.1,159.0,False,False,False,False,False,False
8325,M23184,M,298.7,310.1,37.33630940518894,46.0,113.0,False,False,False,False,False,False
9865,M24724,M,298.9,309.9,40.55859958134649,31.4,86.0,False,False,False,False,False,False
9919,L57098,L,298.4,308.8,36.76955262170047,56.7,24.0,False,False,False,False,False,False
738,H30151,H,296.9,310.1,38.39270764090493,39.2,177.0,False,False,False,False,False,False
6251,L53430,L,300.8,310.2,38.98717737923585,37.7,193.0,False,False,False,False,False,False
4754,H34167,H,303.2,311.4,40.08740450565489,36.6,43.0,False,False,False,False,False,False
4449,L51628,L,302.4,310.3,37.067505985701274,51.2,163.0,True,False,True,False,False,False
805,M15664,M,296.9,307.8,39.293765408777,37.6,109.0,False,False,False,False,False,False
4865,L52044,L,303.6,310.1,38.09199390948182,43.4,119.0,False,False,False,False,False,False
6799,L53978,L,301.2,310.7,40.93897898091744,32.4,98.0,False,False,False,False,False,False
1475,M16334,M,298.5,309.5,36.959437225152655,61.9,130.0,False,False,False,False,False,False
2092,L49271,L,299.4,309.2,37.8549864614954,42.1,22.0,False,False,False,False,False,False
3246,M18105,M,301.0,309.6,39.84971769034255,32.7,138.0,False,False,False,False,False,False
2537,L49716,L,298.9,308.8,35.79106033634656,53.9,77.0,False,False,False,False,False,False
607,L47786,L,297.9,309.8,38.22302970723278,50.5,38.0,False,False,False,False,False,False
9813,M24672,M,298.2,309.1,37.5632799419859,45.8,157.0,False,False,False,False,False,False
7312,H36725,H,300.1,310.5,39.4715087119811,36.7,108.0,False,False,False,False,False,False
1954,L49133,L,297.9,307.7,39.91240408695021,34.9,83.0,False,False,False,False,False,False
3561,L50740,L,301.8,310.7,40.98780306383839,32.4,76.0,False,False,False,False,False,False
3661,L50840,L,302.3,311.6,37.389838191679836,49.1,119.0,False,False,False,False,False,False
5623,L52802,L,302.9,312.2,39.63584236521283,40.6,139.0,False,False,False,False,False,False
854,L48033,L,296.3,307.3,38.0,49.0,13.0,False,False,False,False,False,False
3624,M18483,M,302.0,311.3,39.11521443121589,36.4,27.0,False,False,False,False,False,False
8003,M22862,M,300.9,312.1,43.02324952859791,23.0,156.0,False,False,False,False,False,False
8151,M23010,M,299.5,310.1,37.73592452822641,41.3,101.0,False,False,False,False,False,False
4191,H33604,H,302.4,310.9,38.0,40.7,174.0,False,False,False,False,False,False
6770,L53949,L,301.2,310.1,37.30951621235526,52.6,108.0,False,False,False,False,False,False
1656,M16515,M,298.2,308.0,39.71145930332956,35.9,151.0,False,False,False,False,False,False
9816,M24675,M,298.4,309.1,39.698866482558415,38.8,167.0,False,False,False,False,False,False
593,H30006,H,300.1,309.5,40.84115571332428,27.9,240.0,False,False,False,False,False,False
7094,H36507,H,300.7,310.3,37.0,50.7,12.0,False,False,False,False,False,False
8229,M23088,M,299.1,310.4,37.70941526992961,49.3,69.0,False,False,False,False,False,False
6211,L53390,L,300.8,310.5,37.86819245752297,44.5,89.0,False,False,False,False,False,False
7252,M22111,M,300.2,310.1,38.05259518088089,40.1,209.0,False,False,False,False,False,False
7964,L55143,L,301.0,312.2,38.8587184554509,39.9,61.0,False,False,False,False,False,False
8296,L55475,L,298.9,310.4,41.701318923986086,26.3,30.0,False,False,False,False,False,False
6678,L53857,L,301.5,310.7,37.881393849751625,38.5,224.0,False,False,False,False,False,False
5046,M19905,M,304.1,313.2,38.8587184554509,46.9,152.0,False,False,False,False,False,False
9007,L56186,L,297.3,307.9,37.64306044943742,41.8,186.0,False,False,False,False,False,False
5974,L53153,L,300.5,310.8,36.796738985948195,51.8,157.0,False,False,False,False,False,False
2052,M16911,M,299.4,309.2,38.34057902536163,44.4,135.0,False,False,False,False,False,False
8435,M23294,M,298.7,309.9,40.66939881532551,29.1,195.0,False,False,False,False,False,False
7055,H36468,H,300.7,310.1,38.41874542459709,43.1,108.0,False,False,False,False,False,False
8836,H38249,H,297.4,308.8,36.38681079732051,53.5,169.0,False,False,False,False,False,False
6065,L53244,L,301.1,311.1,43.46262762420146,23.8,170.0,False,False,False,False,False,False
6886,L54065,L,300.8,311.2,37.376463182061514,48.7,111.0,False,False,False,False,False,False
1766,L48945,L,298.2,307.6,36.98648401781386,51.8,5.0,False,False,False,False,False,False
6580,L53759,L,301.3,310.4,38.742741255621034,41.6,192.0,False,False,False,False,False,False
1082,L48261,L,297.0,307.8,39.0,40.2,190.0,False,False,False,False,False,False
9500,L56679,L,299.2,310.1,39.16631205513228,37.7,10.0,False,False,False,False,False,False
7235,M22094,M,299.8,310.0,37.376463182061514,48.1,164.0,False,False,False,False,False,False
8061,H37474,H,300.2,311.5,37.76241517699841,44.3,73.0,False,False,False,False,False,False
775,L47954,L,296.8,307.9,38.05259518088089,48.8,31.0,False,False,False,False,False,False
8294,M23153,M,300.1,310.4,39.153543900903784,44.4,108.0,False,False,False,False,False,False
3570,M18429,M,301.8,310.6,39.395431207184416,35.9,97.0,False,False,False,False,False,False
7660,L54839,L,300.5,311.6,39.08964057138413,42.4,163.0,False,False,False,False,False,False
2926,M17785,M,300.7,309.6,37.255872020394314,51.1,160.0,False,False,False,False,False,False
4779,H34192,H,303.6,312.2,37.027017163147235,54.6,112.0,True,False,True,False,False,False
39,H29452,H,298.9,309.2,37.134889255254286,50.7,106.0,False,False,False,False,False,False
7829,M22688,M,299.8,311.1,39.52214569073901,35.7,170.0,False,False,False,False,False,False
1054,M15913,M,296.7,307.7,39.96248240537617,32.1,114.0,False,False,False,False,False,False
2069,M16928,M,299.7,309.6,39.16631205513228,39.1,108.0,False,False,False,False,False,False
5034,L52213,L,300.1,313.1,39.54743986657038,50.9,119.0,False,False,False,False,False,False
5193,L52372,L,300.1,313.1,36.193922141707716,62.9,130.0,False,False,False,False,False,False
9274,H38687,H,298.2,308.7,38.98717737923585,35.7,40.0,False,False,False,False,False,False
7837,L55016,L,300.1,311.4,40.049968789001575,35.0,191.0,False,False,False,False,False,False
5241,L52420,L,303.7,313.0,41.15823125451335,28.0,44.0,False,False,False,False,False,False
7696,L54875,L,300.6,311.7,38.57460304397182,47.7,22.0,False,False,False,False,False,False
2832,M17691,M,300.3,309.2,38.600518131237564,47.9,163.0,False,False,False,False,False,False
6064,L53243,L,301.1,311.1,38.07886552931954,43.3,168.0,False,False,False,False,False,False
226,L47405,L,298.3,308.5,36.90528417449187,53.8,164.0,False,False,False,False,False,False
7730,H37143,H,300.7,311.9,36.45545226711637,59.2,121.0,False,False,False,False,False,False
1206,L48385,L,296.8,308.0,37.027017163147235,54.5,86.0,False,False,False,False,False,False
9772,M24631,M,298.7,309.6,37.73592452822641,50.4,32.0,False,False,False,False,False,False
5355,L52534,L,303.4,312.6,38.23610858861032,37.5,118.0,False,False,False,False,False,False
3163,L50342,L,300.5,309.9,38.47076812334269,40.0,148.0,False,False,False,False,False,False
7227,L54406,L,299.7,309.6,37.403208418530085,51.3,144.0,False,False,False,False,False,False
9559,M24418,M,299.5,310.9,39.71145930332956,34.6,159.0,False,False,False,False,False,False
8277,L55456,L,298.8,310.5,37.20215047547655,52.8,200.0,False,False,False,False,False,False
5340,M20199,M,303.4,312.7,39.92492955535426,32.8,79.0,False,False,False,False,False,False
7544,L54723,L,300.3,311.5,38.02630668366309,45.0,82.0,False,False,False,False,False,False
8281,L55460,L,298.8,310.1,40.024992192379,39.1,211.0,False,False,False,False,False,False
3159,L50338,L,300.4,310.1,40.97560249709576,30.1,136.0,False,False,False,False,False,False
1108,M15967,M,296.7,307.5,38.92300091205713,42.1,55.0,False,False,False,False,False,False
9487,M24346,M,298.9,310.1,38.36665218650175,46.0,199.0,False,False,False,False,False,False
5507,L52686,L,302.9,312.2,40.95119045888654,30.5,46.0,False,False,False,False,False,False
9479,L56658,L,298.8,310.1,43.474130238568314,24.0,173.0,False,False,False,False,False,False
214,L47393,L,298.4,308.7,37.22902093797257,44.9,135.0,False,False,False,False,False,False
3537,L50716,L,302.0,311.0,40.39801975344831,34.2,18.0,False,False,False,False,False,False
2357,H31770,H,299.3,308.6,38.704004960727254,39.5,47.0,False,False,False,False,False,False
1599,L48778,L,297.9,308.0,38.742741255621034,36.7,4.0,False,False,False,False,False,False
3635,L50814,L,302.2,311.4,38.71692136521188,37.7,55.0,False,False,False,False,False,False
1103,L48282,L,296.8,307.5,36.701498607005135,54.8,43.0,False,False,False,False,False,False
8167,L55346,L,299.7,311.1,40.0374824383352,31.4,141.0,False,False,False,False,False,False
2049,L49228,L,300.1,309.2,38.27531841800928,41.5,127.0,False,False,False,False,False,False
6086,L53265,L,300.9,310.6,39.21734310225516,36.7,3.0,False,False,False,False,False,False
1753,L48932,L,298.2,307.6,38.62641583165593,37.2,178.0,False,False,False,False,False,False
6842,M21701,M,301.1,311.2,39.88734135035826,35.0,208.0,False,False,False,False,False,False
2321,H31734,H,299.2,308.8,37.94733192202055,39.1,188.0,False,False,False,False,False,False
573,L47752,L,300.1,309.9,36.75595189897821,49.0,181.0,False,False,False,False,False,False
2560,L49739,L,299.3,309.0,38.03945320322047,50.4,140.0,False,False,False,False,False,True
599,L47778,L,297.7,309.6,38.47076812334269,47.9,18.0,False,False,False,False,False,False
7280,L54459,L,300.0,310.1,38.27531841800928,40.9,60.0,False,False,False,False,False,False
241,M15100,M,298.0,310.1,36.59234892706397,51.6,197.0,False,False,False,False,False,False
1799,M16658,M,298.0,307.5,37.82856063875548,52.9,92.0,False,False,False,False,False,False
2207,L49386,L,299.9,309.2,37.89459064299283,52.0,107.0,False,False,False,False,False,False
2866,H32279,H,300.7,309.7,40.28647415696737,32.7,0.0,False,False,False,False,False,False
6505,M21364,M,301.0,310.1,41.0,27.4,212.0,False,False,False,False,False,False
5740,M20599,M,302.2,311.7,40.65710270051225,31.4,2.0,False,False,False,False,False,False
4940,L52119,L,303.6,312.5,35.86084215408221,62.4,101.0,False,False,False,False,False,False
8309,L55488,L,298.7,310.1,37.429934544425805,45.3,67.0,False,False,False,False,False,False
2198,L49377,L,299.7,309.0,37.57658845611187,49.2,108.0,False,False,False,False,False,False
611,L47790,L,298.1,310.0,39.16631205513228,33.7,47.0,False,False,False,False,False,False
2057,L49236,L,299.5,309.3,36.51027252705737,54.1,147.0,False,False,False,False,False,False
8116,L55295,L,300.4,311.8,36.9729630946723,57.2,10.0,False,False,False,False,False,False
7935,M22794,M,300.8,311.9,40.26164427839479,28.3,211.0,False,False,False,False,False,False
8042,H37455,H,300.1,311.9,37.82856063875548,48.5,25.0,False,False,False,False,False,False
6961,L54140,L,300.7,311.0,37.589892258425,52.0,91.0,False,False,False,False,False,True
8647,L55826,L,300.1,308.6,38.691084244306204,43.9,91.0,False,False,False,False,False,False
1442,L48621,L,298.8,309.9,39.370039370059054,38.8,53.0,False,False,False,False,False,False
3603,M18462,M,301.7,310.6,37.64306044943742,45.2,185.0,False,False,False,False,False,False
1779,L48958,L,298.6,308.2,36.40054944640259,54.0,108.0,False,False,False,False,False,False
1327,L48506,L,298.9,310.2,37.5632799419859,46.5,202.0,False,False,False,False,False,False
727,M15586,M,297.4,308.8,40.34848200366403,37.4,144.0,False,False,False,False,False,False
8818,H38231,H,297.3,308.6,37.094473981982816,53.5,112.0,False,False,False,False,False,False
5827,M20686,M,301.3,311.1,38.62641583165593,41.2,108.0,False,False,False,False,False,False
9451,M24310,M,298.0,308.7,38.65229618017538,42.6,96.0,False,False,False,False,False,False
9515,L56694,L,299.0,310.1,37.62977544445356,45.9,47.0,False,False,False,False,False,False
878,M15737,M,295.6,306.2,39.7994974842648,33.6,81.0,False,False,False,False,False,False
2054,L49233,L,299.5,309.3,37.17526059088221,61.0,140.0,False,False,False,False,False,False
8598,L55777,L,297.6,308.3,37.54996671103717,47.0,191.0,False,False,False,False,False,False
1274,L48453,L,298.1,309.4,37.376463182061514,48.2,63.0,False,False,False,False,False,False
1961,L49140,L,297.8,307.6,38.02630668366309,51.4,105.0,False,False,False,False,False,False
5917,L53096,L,300.6,310.1,39.433488306260706,41.9,19.0,False,False,False,False,False,False
8301,L55480,L,300.1,310.1,39.4715087119811,37.6,44.0,False,False,False,False,False,False
3921,L51100,L,302.6,311.5,43.41658669218482,27.5,108.0,False,False,False,False,False,False
2571,L49750,L,299.6,309.2,41.38840417314975,26.5,167.0,False,False,False,False,False,False
5661,L52840,L,302.2,311.4,38.43175770115127,41.7,15.0,False,False,False,False,False,False
7300,L54479,L,300.1,310.5,38.62641583165593,50.9,111.0,False,False,False,False,False,False
5428,L52607,L,302.7,312.4,37.72267222772003,51.9,60.0,False,False,False,False,False,False
8060,L55239,L,300.2,311.6,39.242833740697165,37.7,108.0,False,False,False,False,False,False
4457,L51636,L,302.3,310.1,38.561638969317684,46.0,184.0,False,False,False,False,False,False
4531,L51710,L,302.5,310.4,38.561638969317684,42.0,152.0,False,False,False,False,False,False
1849,H31262,H,297.7,307.2,37.8021163428716,44.1,26.0,False,False,False,False,False,False
3154,M18013,M,300.5,309.9,38.50973902793941,49.3,124.0,False,False,False,False,False,False
7385,L54564,L,299.7,310.4,40.17461885320133,36.2,108.0,False,False,False,False,False,False
399,H29812,H,297.4,308.3,38.7556447501522,43.6,169.0,False,False,False,False,False,False
1612,M16471,M,297.8,307.9,41.54515615568198,27.3,35.0,False,False,False,False,False,False
9747,L56926,L,298.8,310.0,37.456641600656084,45.6,185.0,False,False,False,False,False,False
9412,L56591,L,298.0,308.5,37.469987990390386,46.6,201.0,False,False,False,False,False,False
1716,L48895,L,298.2,307.8,39.81205847478876,34.6,108.0,False,False,False,False,False,False
9454,H38867,H,298.2,310.1,36.87817782917155,56.8,107.0,False,False,False,False,False,False
1507,L48686,L,298.0,308.8,40.124805295477756,33.7,212.0,False,False,False,False,False,False
4741,L51920,L,303.3,311.5,40.01249804748511,35.2,10.0,False,False,False,False,False,False
2235,L49414,L,299.4,308.6,38.62641583165593,40.5,181.0,False,False,False,False,False,False
1892,L49071,L,297.7,307.4,42.0,29.0,139.0,False,False,False,False,False,False
2533,L49712,L,298.9,308.7,37.26929030716845,44.9,69.0,False,False,False,False,False,False
9265,M24124,M,298.3,309.0,39.06404996924922,36.9,20.0,False,False,False,False,False,False
542,L47721,L,297.4,309.4,36.0,52.3,96.0,False,False,False,False,False,False
202,L47381,L,298.3,308.5,39.68626966596886,41.2,105.0,False,False,False,False,False,False
6096,M20955,M,300.9,310.7,38.1051177665153,47.3,25.0,False,False,False,False,False,False
2325,L49504,L,299.3,308.8,40.44749683231337,29.9,201.0,False,False,False,False,False,False
8405,L55584,L,298.4,309.5,39.30648801406709,36.6,117.0,False,False,False,False,False,False
8674,L55853,L,300.1,310.1,38.65229618017538,42.6,161.0,False,False,False,False,False,False
6942,L54121,L,300.8,311.4,36.27671429443411,57.6,43.0,False,False,False,False,False,False
3462,H32875,H,301.6,310.1,36.46916505762094,49.5,30.0,False,False,False,False,False,False
5534,L52713,L,302.4,311.7,41.48493702538308,26.9,112.0,False,False,False,False,False,False
2608,L49787,L,299.4,309.3,38.05259518088089,48.6,44.0,False,False,False,False,False,False
7617,M22476,M,300.6,311.4,38.31448812133603,40.4,55.0,False,False,False,False,False,False
1078,L48257,L,296.8,310.1,39.331920878594275,36.5,179.0,False,False,False,False,False,False
7609,L54788,L,300.5,311.4,40.52159917870962,27.1,37.0,False,False,False,False,False,False
6458,L53637,L,300.7,310.0,37.3496987939662,48.0,85.0,False,False,False,False,False,False
692,L47871,L,297.7,309.1,39.534794801541594,39.3,56.0,False,False,False,False,False,False
5145,L52324,L,304.4,313.7,40.08740450565489,33.5,5.0,False,False,False,False,False,False
7761,M22620,M,300.4,311.7,38.87158345115362,33.0,200.0,False,False,False,False,False,False
1354,M16213,M,298.6,310.1,38.0,48.1,39.0,False,False,False,False,False,False
3239,M18098,M,300.9,309.4,41.52107898405339,25.6,119.0,False,False,False,False,False,False
9829,L57008,L,298.4,309.4,37.21558813185679,50.0,201.0,False,False,False,False,False,False
9028,M23887,M,297.4,308.3,38.0,44.0,18.0,False,False,False,False,False,False
3452,L50631,L,301.6,310.1,38.144462245521304,43.9,0.0,False,False,False,False,False,False
9778,L56957,L,298.6,309.6,37.242448899072144,57.6,50.0,False,False,False,False,False,False
8375,L55554,L,298.8,309.7,35.0,63.4,37.0,False,False,False,False,False,False
8259,L55438,L,299.1,310.6,40.024992192379,39.7,144.0,False,False,False,False,False,False
1556,L48735,L,298.4,308.6,38.61346915261564,42.0,120.0,False,False,False,False,False,False
2721,L49900,L,299.6,310.1,39.48417404479927,39.1,110.0,False,False,False,False,False,False
7102,L54281,L,300.8,310.1,43.01162633521314,22.8,33.0,False,False,False,False,False,False
4942,M19801,M,303.6,312.7,41.2189276910499,31.5,105.0,False,False,False,False,False,False
6618,L53797,L,301.6,310.6,36.345563690772494,60.8,73.0,False,False,False,False,False,False
1505,L48684,L,298.0,308.7,38.80721582386451,47.0,208.0,False,False,False,False,False,False
1357,L48536,L,298.6,309.9,39.91240408695021,37.4,47.0,False,False,False,False,False,False
5341,L52520,L,303.5,310.1,37.322915213043046,49.3,82.0,False,False,False,False,False,False
5873,M20732,M,301.5,311.0,38.781438859330635,42.6,108.0,False,False,False,False,False,False
3449,L50628,L,301.6,310.6,38.44476557348217,36.6,218.0,False,False,False,False,False,False
7893,M22752,M,300.9,310.1,39.433488306260706,40.6,109.0,False,False,False,False,False,False
4676,H34089,H,303.5,311.5,40.36087214122113,33.5,73.0,False,False,False,False,False,False
120,L47299,L,298.7,308.5,38.301436004411116,40.7,106.0,False,False,False,False,False,False
4804,L51983,L,303.6,312.5,41.352146256270665,31.4,180.0,False,False,False,False,False,False
4760,L51939,L,303.5,311.6,36.89173349139343,46.5,62.0,True,False,True,False,False,False
8656,L55835,L,297.3,308.3,35.608987629529715,60.6,119.0,False,False,False,False,False,False
3465,L50644,L,301.7,310.6,36.09709129556009,59.7,42.0,False,False,False,False,False,False
7342,L54521,L,299.7,310.3,38.79432948254165,37.7,4.0,False,False,False,False,False,False
7541,M22400,M,300.2,311.3,39.83716857408418,31.2,73.0,False,False,False,False,False,False
4544,M19403,M,302.6,310.5,39.26830783214372,39.9,184.0,False,False,False,False,False,False
1335,L48514,L,299.0,310.4,36.945906403822335,49.1,226.0,True,False,False,False,True,False
6796,L53975,L,301.4,310.1,38.43175770115127,50.4,90.0,False,False,False,False,False,False
3098,M17957,M,300.1,309.2,36.78314831549904,49.8,182.0,False,False,False,False,False,False
4437,M19296,M,302.4,310.1,39.71145930332956,35.8,136.0,False,False,False,False,False,False
9401,L56580,L,297.7,308.2,38.02630668366309,43.9,172.0,False,False,False,False,False,False
1807,H31220,H,298.0,307.6,39.91240408695021,32.2,108.0,False,False,False,False,False,False
250,L47429,L,298.0,308.3,37.48332962798263,56.2,218.0,True,False,False,False,True,False
7553,L54732,L,300.3,311.3,39.05124837953327,40.7,105.0,False,False,False,False,False,False
7628,L54807,L,300.5,311.7,38.01315561749642,44.8,83.0,False,False,False,False,False,False
1776,L48955,L,298.5,308.0,37.469987990390386,48.1,32.0,False,False,False,False,False,False
8286,L55465,L,298.9,310.6,37.242448899072144,52.7,2.0,False,False,False,False,False,False
7389,M22248,M,299.8,310.6,41.15823125451335,31.3,121.0,False,False,False,False,False,False
6188,L53367,L,301.0,311.0,37.907782842049734,56.0,33.0,False,False,False,False,False,False
4432,H33845,H,302.3,310.2,37.986839826445156,54.6,120.0,False,False,False,False,False,False
9217,H38630,H,297.7,308.8,38.3275357934736,43.7,96.0,False,False,False,False,False,False
1390,L48569,L,298.9,310.2,39.153543900903784,42.8,138.0,False,False,False,False,False,False
7434,M22293,M,300.1,311.4,43.73785545725808,21.9,15.0,False,False,False,False,False,False
2096,L49275,L,299.4,310.1,39.05124837953327,41.5,30.0,False,False,False,False,False,False
9527,M24386,M,299.2,310.4,37.3496987939662,55.4,76.0,False,False,False,False,False,False
8429,M23288,M,299.0,310.3,42.74342054632502,28.0,178.0,False,False,False,False,False,False
5038,M19897,M,304.1,310.1,39.824615503479755,41.1,129.0,False,False,False,False,False,False
7784,L54963,L,300.3,311.5,40.82891132518721,28.8,56.0,False,False,False,False,False,False
9606,M24465,M,298.9,310.1,38.52272056851645,37.9,73.0,False,False,False,False,False,False
6219,H35632,H,300.1,310.6,36.959437225152655,50.6,106.0,False,False,False,False,False,False
9489,M24348,M,298.9,309.6,39.585350825778974,34.5,204.0,False,False,False,False,False,False
1440,M16299,M,298.8,309.8,39.16631205513228,37.0,47.0,False,False,False,False,False,False
6366,M21225,M,299.9,309.5,37.57658845611187,57.9,59.0,False,False,False,False,False,False
8767,L55946,L,297.5,308.8,36.87817782917155,50.7,190.0,False,False,False,False,False,False
3565,M18424,M,301.7,310.6,38.62641583165593,42.2,85.0,False,False,False,False,False,False
4936,L52115,L,303.4,312.3,38.45776904605882,42.8,92.0,False,False,False,False,False,False
3511,L50690,L,301.7,311.0,38.39270764090493,42.6,164.0,False,False,False,False,False,False
1949,L49128,L,298.1,308.1,37.54996671103717,45.8,71.0,False,False,False,False,False,False
5774,H35187,H,301.6,311.2,37.3496987939662,46.8,95.0,False,False,False,False,False,False
7997,M22856,M,301.0,312.2,38.71692136521188,41.5,140.0,False,False,False,False,False,False
1115,H30528,H,296.4,307.3,39.242833740697165,37.4,75.0,False,False,False,False,False,False
6968,M21827,M,300.8,311.2,36.945906403822335,51.7,111.0,False,False,False,False,False,False
1326,H30739,H,298.8,310.1,39.585350825778974,36.8,197.0,False,False,False,False,False,False
7850,M22709,M,300.3,311.7,37.067505985701274,47.9,222.0,True,True,False,False,False,False
3018,L50197,L,300.5,309.8,36.124783736376884,51.7,202.0,False,False,False,False,False,False
2835,L50014,L,300.3,309.1,36.98648401781386,46.0,171.0,False,False,False,False,False,False
5123,H34536,H,300.1,313.5,41.036569057366385,29.8,156.0,False,False,False,False,False,False
4234,M19093,M,302.2,310.9,36.08323710533743,53.4,58.0,False,False,False,False,False,False
1688,L48867,L,297.9,307.3,38.7556447501522,36.7,12.0,False,False,False,False,False,False
4037,L51216,L,302.0,310.8,38.01315561749642,49.1,2.0,False,False,False,False,False,False
5170,L52349,L,304.1,313.3,38.34057902536163,39.9,70.0,False,False,False,False,False,False
1350,L48529,L,298.7,310.2,37.44329045369811,45.9,30.0,False,False,False,False,False,False
3078,L50257,L,300.1,309.3,42.906875905849866,23.0,125.0,False,False,False,False,False,False
4459,L51638,L,302.6,310.4,38.44476557348217,47.7,189.0,False,False,False,False,False,False
8369,L55548,L,298.9,309.8,39.16631205513228,42.1,23.0,False,False,False,False,False,False
2496,M17355,M,299.1,308.8,38.61346915261564,41.0,209.0,False,False,False,False,False,False
1422,L48601,L,298.7,309.8,39.8622628559895,31.8,217.0,False,False,False,False,False,False
3627,M18486,M,302.2,311.5,36.87817782917155,53.0,36.0,False,False,False,False,False,False
2573,M17432,M,299.4,309.1,36.76955262170047,44.7,172.0,False,False,False,False,False,False
3873,L51052,L,302.7,311.9,37.26929030716845,46.5,15.0,False,False,False,False,False,False
1952,L49131,L,298.0,307.8,42.883563284783136,22.7,79.0,False,False,False,False,False,False
4076,L51255,L,302.0,310.6,39.786932528155525,38.9,94.0,False,False,False,False,False,False
8032,L55211,L,300.7,310.1,39.370039370059054,32.4,5.0,False,False,False,False,False,False
7727,M22586,M,300.8,311.9,41.96427051671457,29.0,113.0,False,False,False,False,False,False
4098,L51277,L,301.9,310.4,38.961519477556315,34.1,155.0,False,False,False,False,False,False
2750,M17609,M,299.7,309.2,41.048751503547585,28.9,179.0,True,False,False,False,False,False
572,M15431,M,297.8,309.8,40.93897898091744,29.0,178.0,False,False,False,False,False,False
2311,M17170,M,299.0,308.4,39.179076048319466,47.5,163.0,False,False,False,False,False,False
8266,H37679,H,300.1,310.1,42.320207938997655,28.0,168.0,False,False,False,False,False,False
7798,L54977,L,300.0,311.4,38.41874542459709,39.0,92.0,False,False,False,False,False,False
4565,L51744,L,302.8,310.1,38.93584466786357,39.5,23.0,False,False,False,False,False,False
6917,M21776,M,300.9,311.3,40.0374824383352,31.8,190.0,False,False,False,False,False,False
3640,L50819,L,302.4,311.6,40.27406113120453,35.0,68.0,False,False,False,False,False,False
5990,L53169,L,300.7,310.7,38.82009788756334,46.1,209.0,False,False,False,False,False,False
1519,H30932,H,298.2,309.0,37.027017163147235,55.7,23.0,False,False,False,False,False,False
9937,H39350,H,298.3,308.2,39.16631205513228,33.2,75.0,False,False,False,False,False,False
9013,L56192,L,297.2,308.0,41.291645644125154,26.0,200.0,False,False,False,False,False,False
6495,L53674,L,300.6,309.7,40.2119385257662,33.2,185.0,False,False,False,False,False,False
8610,L55789,L,297.4,308.3,38.40572873934304,40.5,222.0,True,True,False,False,False,False
6030,M20889,M,300.7,310.8,38.1051177665153,47.9,77.0,False,False,False,False,False,False
8187,L55366,L,299.7,311.0,42.74342054632502,25.4,194.0,False,False,False,False,False,False
4430,M19289,M,302.3,310.1,41.60528812542944,33.4,112.0,False,False,False,False,False,False
2619,M17478,M,299.4,309.1,38.22302970723278,48.6,70.0,False,False,False,False,False,False
8165,L55344,L,299.6,310.9,38.36665218650175,40.9,137.0,False,False,False,False,False,False
496,H29909,H,297.5,309.3,38.19685850956856,49.7,201.0,False,False,False,False,False,False
820,L47999,L,296.8,307.6,37.389838191679836,46.7,144.0,False,False,False,False,False,False
3530,L50709,L,301.9,310.9,39.585350825778974,39.0,214.0,True,True,False,False,False,False
592,H30005,H,297.5,309.3,39.05124837953327,41.7,235.0,False,False,False,False,False,False
3457,H32870,H,301.4,310.4,40.124805295477756,38.6,16.0,False,False,False,False,False,False
7435,L54614,L,300.0,311.4,38.8329756778952,38.2,18.0,False,False,False,False,False,False
7161,M22020,M,300.2,310.1,38.535697735995385,40.5,188.0,False,False,False,False,False,False
9221,L56400,L,297.8,308.9,35.805027579936315,58.1,108.0,False,False,False,False,False,False
3408,L50587,L,301.2,310.4,37.16180835212409,49.8,115.0,False,False,False,False,False,False
7795,M22654,M,300.1,311.6,37.61648574760805,55.8,82.0,False,False,False,False,False,False
7495,L54674,L,300.1,311.8,37.89459064299283,48.2,175.0,False,False,False,False,False,False
6682,L53861,L,301.4,310.7,37.749172176353746,45.1,7.0,False,False,False,False,False,False
3157,L50336,L,300.4,309.7,38.301436004411116,36.9,131.0,False,False,False,False,False,False
6914,L54093,L,300.8,311.2,38.48376280978771,38.5,181.0,False,False,False,False,False,True
7792,L54971,L,300.1,311.4,37.656340767525464,47.7,73.0,False,False,False,False,False,False
2616,L49795,L,300.1,309.0,38.93584466786357,38.7,64.0,False,False,False,False,False,False
1045,L48224,L,296.5,307.6,38.88444419044716,43.6,92.0,False,False,False,False,False,False
8705,L55884,L,297.1,308.5,37.749172176353746,40.0,35.0,False,False,False,False,False,False
3692,L50871,L,302.1,311.2,38.2099463490856,46.9,198.0,False,False,False,False,False,False
1446,L48625,L,299.0,310.1,40.22437072223753,29.2,62.0,False,False,False,False,False,False
7011,M21870,M,300.5,310.1,38.3275357934736,42.9,14.0,False,False,False,False,False,False
7213,M22072,M,299.8,309.7,41.291645644125154,28.5,103.0,False,False,False,False,False,False
7455,L54634,L,300.2,311.6,38.02630668366309,47.3,66.0,False,False,False,False,False,False
8566,L55745,L,298.0,308.8,38.58756276314948,36.5,109.0,False,False,False,False,False,False
4317,L51496,L,301.5,310.1,40.48456495999432,33.4,47.0,False,False,False,False,False,False
3196,M18055,M,300.0,309.2,40.43513323831146,32.4,4.0,False,False,False,False,False,False
3195,L50374,L,300.1,310.1,38.13135192987524,51.7,2.0,False,False,False,False,False,False
6209,M21068,M,300.7,310.6,37.656340767525464,46.3,84.0,False,False,False,False,False,False
205,L47384,L,298.4,308.5,41.72529209005013,32.8,112.0,False,False,False,False,False,False
4872,L52051,L,303.7,312.4,38.897300677553446,40.1,135.0,False,False,False,False,False,False
8830,M23689,M,297.3,308.8,38.3275357934736,44.1,150.0,False,False,False,False,False,False
2063,M16922,M,300.1,309.6,38.43175770115127,42.7,163.0,False,False,False,False,False,False
8101,L55280,L,300.3,310.1,41.012193308819754,27.8,178.0,False,False,False,False,False,False
8768,L55947,L,297.5,308.6,37.14835124201342,53.5,192.0,False,False,False,False,False,False
365,L47544,L,297.6,308.4,37.5099986670221,55.2,86.0,False,False,False,False,False,False
5095,M19954,M,304.1,313.5,38.34057902536163,45.8,85.0,False,False,False,False,False,False
5578,L52757,L,302.4,312.1,38.144462245521304,40.4,28.0,False,False,False,False,False,False
7195,L54374,L,300.1,310.1,37.14835124201342,52.6,59.0,False,False,False,False,False,False
7259,L54438,L,300.3,310.4,41.737273509418415,25.9,7.0,False,False,False,False,False,False
3812,M18671,M,302.1,310.7,40.099875311526844,30.3,81.0,False,False,False,False,False,False
6379,L53558,L,300.0,309.6,38.91015291668744,44.6,98.0,False,False,False,False,False,False
6163,L53342,L,301.0,310.8,39.4715087119811,34.9,196.0,False,False,False,False,False,False
8937,L56116,L,297.4,308.3,38.27531841800928,42.0,13.0,False,False,False,False,False,False
8015,L55194,L,300.9,312.0,38.72983346207417,44.2,108.0,False,False,False,False,False,False
396,L47575,L,297.4,308.3,39.63584236521283,37.7,162.0,False,False,False,False,False,False
9457,L56636,L,298.5,310.1,40.3732584763727,33.3,116.0,False,False,False,False,False,False
1386,M16245,M,298.9,310.1,40.0374824383352,36.1,108.0,False,False,False,False,False,False
2594,H32007,H,298.9,308.5,37.61648574760805,54.0,6.0,False,False,False,False,False,False
3014,L50193,L,300.5,309.6,37.282703764614496,48.4,194.0,False,False,False,False,False,False
7421,L54600,L,300.1,311.3,39.331920878594275,40.0,201.0,False,False,False,False,False,False
1024,L48203,L,296.2,307.3,43.37049688440288,24.3,40.0,False,False,False,False,False,False
236,M15095,M,300.1,308.3,40.98780306383839,33.7,185.0,False,False,False,False,False,False
6286,M21145,M,301.2,310.7,37.76241517699841,46.1,67.0,False,False,False,False,False,False
1064,M15923,M,296.8,307.8,40.792156108742276,32.8,142.0,False,False,False,False,False,False
6960,L54139,L,300.6,310.1,39.28103868280471,34.7,89.0,False,False,False,False,False,False
7221,L54400,L,299.8,309.7,37.8021163428716,42.6,127.0,False,False,False,False,False,False
8512,L55691,L,298.4,309.7,38.17066936798463,44.2,175.0,False,False,False,False,False,False
502,M15361,M,297.6,309.3,38.262252939417984,46.2,218.0,False,False,False,False,False,False
7065,M21924,M,300.8,310.5,41.182520563948,29.7,108.0,False,False,False,False,False,False
4555,L51734,L,302.6,310.5,41.80908992073375,28.2,2.0,False,False,False,False,False,False
629,M15488,M,298.4,310.1,36.53765181289022,57.8,96.0,False,False,False,False,False,False
7092,L54271,L,300.6,310.2,36.30426972134269,51.0,8.0,False,False,False,False,False,False
680,L47859,L,297.8,309.2,37.04051835490427,47.3,15.0,False,False,False,False,False,False
6076,L53255,L,301.0,310.9,42.579337712087536,28.5,197.0,False,False,False,False,False,False
8714,L55893,L,297.2,310.1,43.78355855797927,24.1,108.0,False,False,False,False,False,False
6187,M21046,M,301.1,311.0,37.589892258425,46.6,108.0,False,False,False,False,False,False
6553,L53732,L,301.4,310.7,42.261093218230876,26.1,123.0,False,False,False,False,False,False
9567,L56746,L,299.8,311.1,40.0374824383352,35.1,179.0,False,False,False,False,False,False
5998,M20857,M,300.5,310.2,39.63584236521283,34.6,228.0,False,False,False,False,False,False
5157,L52336,L,304.2,313.4,38.49675310984031,41.4,32.0,False,False,False,False,False,False
9372,L56551,L,297.7,308.4,35.90264614203248,51.3,82.0,False,False,False,False,False,False
8695,L55874,L,297.2,310.1,42.02380277890139,25.8,7.0,False,False,False,False,False,False
3572,M18431,M,301.7,310.6,41.12177038990418,27.7,105.0,False,False,False,False,False,False
6569,L53748,L,301.3,310.6,39.0,36.3,166.0,False,False,False,False,False,False
5356,H34769,H,303.3,312.5,36.4417343165772,49.8,120.0,False,False,False,False,False,False
3850,L51029,L,302.3,311.0,39.50949253027682,37.2,108.0,False,False,False,False,False,False
4026,H33439,H,302.1,311.0,41.58124577258358,26.1,210.0,False,False,False,False,False,False
2121,H31534,H,299.2,308.8,43.68065933568311,21.3,104.0,False,False,False,False,False,False
6364,M21223,M,300.0,309.6,40.22437072223753,36.2,53.0,False,False,False,False,False,False
7253,H36666,H,300.2,310.4,38.742741255621034,42.9,212.0,False,False,False,False,False,False
7291,L54470,L,300.3,310.6,42.49705872175156,24.4,88.0,False,False,False,False,False,False
3254,L50433,L,301.1,309.6,38.7556447501522,48.9,160.0,False,False,False,False,False,False
9616,M24475,M,300.1,310.1,39.54743986657038,39.9,97.0,False,False,False,False,False,False
2319,L49498,L,299.2,308.8,37.48332962798263,51.4,183.0,False,False,False,False,False,False
5537,M20396,M,302.3,311.8,36.91882988394946,54.0,119.0,True,False,False,False,False,False
3212,L50391,L,300.3,309.2,38.23610858861032,51.4,48.0,False,False,False,False,False,False
858,M15717,M,296.1,307.1,36.742346141747674,53.3,22.0,False,False,False,False,False,False
2331,M17190,M,300.1,308.7,37.282703764614496,49.3,215.0,False,False,False,False,False,False
534,L47713,L,297.5,309.3,40.92676385936225,29.8,108.0,False,False,False,False,False,False
3288,M18147,M,301.2,310.1,39.4715087119811,32.6,108.0,False,False,False,False,False,False
8611,L55790,L,297.4,308.3,39.50949253027682,38.3,0.0,False,False,False,False,False,False
4235,H33648,H,302.2,310.9,39.01281840626232,35.9,61.0,False,False,False,False,False,False
8220,L55399,L,299.0,310.4,38.781438859330635,34.3,48.0,False,False,False,False,False,False
6854,L54033,L,300.9,310.1,37.64306044943742,40.7,24.0,False,False,False,False,False,False
2188,M17047,M,299.8,309.4,37.93415347678132,47.4,57.0,False,False,False,False,False,False
541,L47720,L,300.1,309.4,38.379682124790975,45.5,94.0,False,False,False,False,False,False
9817,M24676,M,298.5,309.2,41.48493702538308,29.4,170.0,False,False,False,False,False,False
5678,L52857,L,302.3,311.8,35.79106033634656,51.7,61.0,False,False,False,False,False,False
8794,L55973,L,297.4,308.5,42.21374183841087,25.9,54.0,False,False,False,False,False,False
2197,M17056,M,299.7,308.9,39.382737335030434,35.4,82.0,False,False,False,False,False,False
1099,M15958,M,296.9,307.4,39.0,37.9,27.0,False,False,False,False,False,False
1550,L48729,L,298.4,308.9,41.30375285612676,29.5,107.0,False,False,False,False,False,False
4709,L51888,L,303.4,311.7,42.34383071948026,25.8,161.0,False,False,False,False,False,False
6014,L53193,L,300.1,310.1,39.96248240537617,30.5,38.0,False,False,False,False,False,False
5564,M20423,M,302.3,311.7,40.496913462633174,31.5,199.0,False,False,False,False,False,False
1745,M16604,M,300.1,308.0,38.22302970723278,51.9,157.0,False,False,False,False,False,False
4945,M19804,M,303.6,312.7,42.01190307520001,27.5,115.0,False,False,False,False,False,False
6215,L53394,L,300.9,310.7,37.30951621235526,44.2,97.0,False,False,False,False,False,False
259,L47438,L,298.1,308.2,38.49675310984031,37.9,17.0,False,False,False,False,False,False
8504,L55683,L,298.5,309.8,38.31448812133603,40.9,157.0,False,False,False,False,False,False
6281,M21140,M,301.2,310.7,39.07684736515984,41.1,53.0,False,False,False,False,False,False
853,M15712,M,296.3,307.3,36.98648401781386,49.5,10.0,False,False,False,False,False,False
2665,M17524,M,299.9,309.4,38.561638969317684,42.2,198.0,False,False,False,False,False,False
234,L47413,L,300.1,308.4,38.88444419044716,34.9,181.0,False,False,False,False,False,False
2406,L49585,L,299.1,308.7,38.704004960727254,38.9,181.0,False,False,False,False,False,False
5108,L52287,L,300.1,313.2,39.242833740697165,44.4,119.0,False,False,False,False,False,False
8130,L55309,L,300.0,311.3,38.98717737923585,39.2,43.0,False,False,False,False,False,False
2385,M17244,M,300.1,308.3,38.80721582386451,38.0,125.0,False,False,False,False,False,False
5256,M20115,M,303.5,313.0,37.456641600656084,51.9,77.0,False,False,False,False,False,False
8096,L55275,L,300.2,311.7,38.63935817272331,48.3,167.0,False,False,False,False,False,False
4367,L51546,L,302.0,309.9,37.255872020394314,51.4,183.0,False,False,False,False,False,False
4903,L52082,L,303.6,312.3,40.19950248448356,29.3,226.0,False,False,False,False,False,False
1166,L48345,L,297.1,308.1,38.561638969317684,34.6,208.0,False,False,False,False,False,False
4434,H33847,H,302.4,310.2,37.881393849751625,44.9,127.0,False,False,False,False,False,False
8756,M23615,M,297.4,308.7,39.774363602702685,31.9,161.0,False,False,False,False,False,False
7502,L54681,L,300.2,311.7,40.496913462633174,30.8,191.0,False,False,False,False,False,False
6490,M21349,M,300.7,309.8,38.600518131237564,38.8,173.0,False,False,False,False,False,False
4992,M19851,M,303.9,313.0,38.40572873934304,41.0,11.0,False,False,False,False,False,False
7009,L54188,L,300.5,310.6,36.98648401781386,49.6,108.0,False,False,False,False,False,False
2418,L49597,L,298.9,308.3,39.698866482558415,36.6,7.0,False,False,False,False,False,False
6255,L53434,L,300.1,310.5,37.52332607858744,47.0,202.0,False,False,False,False,False,False
2172,L49351,L,299.5,310.1,38.7556447501522,44.6,13.0,False,False,False,False,False,False
3923,M18782,M,300.1,311.4,41.916583830269374,29.5,151.0,False,False,False,False,False,False
9390,L56569,L,297.6,308.0,35.4682957019364,57.4,139.0,False,False,False,False,False,False
3761,L50940,L,300.1,310.9,37.107950630558946,46.8,166.0,True,False,True,False,False,False
7525,L54704,L,300.2,311.5,40.48456495999432,31.1,31.0,False,False,False,False,False,False
9884,H39297,H,298.7,309.6,40.66939881532551,34.3,136.0,False,False,False,False,False,False
1933,M16792,M,298.1,308.0,41.060930335295616,29.3,108.0,False,False,False,False,False,False
5060,L52239,L,303.9,310.1,37.66961640367472,47.9,108.0,False,False,False,False,False,False
8629,L55808,L,297.5,308.4,41.79712908801273,31.0,45.0,False,False,False,False,False,False
8965,M23824,M,300.1,307.9,38.157568056677825,44.9,85.0,False,False,False,False,False,False
9452,H38865,H,298.0,308.7,39.191835884530846,39.6,99.0,False,False,False,False,False,False
2689,L49868,L,299.9,309.4,36.359317925395686,53.9,33.0,False,False,False,False,False,False
4136,M18995,M,301.7,310.3,42.2729227756965,26.7,33.0,False,False,False,False,False,False
3180,L50359,L,300.1,309.3,39.6232255123179,36.8,189.0,False,False,False,False,False,False
9873,L57052,L,298.9,309.9,37.05401462729781,52.1,108.0,False,False,False,False,False,False
2347,L49526,L,299.2,308.4,37.44329045369811,47.7,108.0,False,False,False,False,False,False
8581,L55760,L,297.5,310.1,40.38564101261734,30.6,146.0,False,False,False,False,False,False
3423,L50602,L,301.5,310.4,40.36087214122113,34.1,151.0,False,False,False,False,False,False
5219,L52398,L,303.8,312.9,39.8622628559895,37.2,203.0,False,False,False,False,False,False
436,L47615,L,297.4,308.3,38.63935817272331,41.2,43.0,False,False,False,False,False,False
8753,M23612,M,297.4,308.5,38.27531841800928,55.9,153.0,False,False,False,False,False,False
6265,L53444,L,300.9,310.4,39.25557285278104,39.1,17.0,False,False,False,False,False,False
398,M15257,M,300.1,308.3,42.118879377305376,28.9,166.0,False,False,False,False,False,False
2742,L49921,L,299.6,309.0,37.12142238654117,51.9,162.0,False,False,False,False,False,False
3846,L51025,L,302.3,311.0,39.88734135035826,32.7,171.0,False,False,False,False,False,False
3231,L50410,L,300.6,309.4,39.44616584663204,36.0,98.0,False,False,False,False,False,False
2024,L49203,L,298.7,308.5,38.0,54.2,62.0,False,False,False,False,False,False
3260,M18119,M,301.2,310.0,40.311288741492746,31.6,173.0,False,False,False,False,False,False
8909,L56088,L,297.2,308.5,38.961519477556315,44.3,163.0,False,False,False,False,False,False
6275,M21134,M,301.2,310.7,39.28103868280471,32.9,40.0,False,False,False,False,False,False
1631,L48810,L,297.9,307.9,37.57658845611187,44.5,85.0,False,False,False,False,False,False
4617,L51796,L,303.1,310.1,42.76680956068619,24.5,159.0,False,False,False,False,False,False
6258,L53437,L,301.1,310.7,37.094473981982816,49.1,0.0,False,False,False,False,False,False
9824,M24683,M,298.5,309.3,38.57460304397182,43.7,189.0,False,False,False,False,False,False
2079,M16938,M,299.4,310.1,41.13392760240627,28.4,201.0,False,False,False,False,False,False
7412,L54591,L,300.0,310.1,37.749172176353746,47.8,179.0,False,False,False,False,False,False
9141,L56320,L,297.5,308.5,37.05401462729781,39.9,110.0,False,False,False,False,False,False
7467,H36880,H,300.3,311.6,42.43819034784589,23.6,97.0,False,False,False,False,False,False
9191,M24050,M,300.1,309.0,37.93415347678132,38.5,34.0,False,False,False,False,False,False
6297,L53476,L,301.0,310.5,37.8021163428716,39.4,98.0,False,False,False,False,False,False
9596,H39009,H,299.0,310.1,37.841775856849004,50.0,45.0,False,False,False,False,False,False
6087,L53266,L,300.9,310.8,38.49675310984031,37.0,5.0,False,False,False,False,False,False
5841,M20700,M,301.3,311.1,39.761790704142086,30.9,31.0,False,False,False,False,False,False
7743,M22602,M,300.5,311.9,36.373066958946424,57.9,155.0,False,False,False,False,False,False
7214,M22073,M,299.8,309.8,37.77565353504821,45.2,106.0,False,False,False,False,False,False
7680,L54859,L,300.7,311.7,40.43513323831146,32.4,213.0,False,False,False,False,False,False
99,L47278,L,298.9,308.8,39.102429592034305,32.7,53.0,False,False,False,False,False,False
9910,L57089,L,298.7,309.1,40.08740450565489,32.7,2.0,False,False,False,False,False,False
7179,L54358,L,300.2,310.2,40.0,31.5,23.0,False,False,False,False,False,False
3626,M18485,M,302.1,311.4,38.301436004411116,43.4,33.0,False,False,False,False,False,False
2729,L49908,L,299.7,309.3,42.17819341792628,25.5,129.0,False,False,False,False,False,False
1471,L48650,L,298.5,309.7,37.907782842049734,42.6,120.0,False,False,False,False,False,False
1382,M16241,M,298.8,310.2,39.786932528155525,35.7,116.0,False,False,False,False,False,False
1480,L48659,L,298.2,309.3,36.810324638611924,43.8,108.0,False,False,False,False,False,False
5499,M20358,M,302.9,312.5,43.62338822237447,21.2,23.0,False,False,False,False,False,False
3187,M18046,M,300.2,309.4,38.157568056677825,48.8,205.0,False,False,False,False,False,False
7223,M22082,M,299.8,309.7,36.3318042491699,61.7,134.0,False,False,False,False,False,False
8459,L55638,L,298.7,309.9,41.86884283091664,26.8,40.0,False,False,False,False,False,False
1093,M15952,M,296.9,307.6,41.048751503547585,32.0,10.0,False,False,False,False,False,False
8655,M23514,M,297.4,308.4,37.960505792204614,46.8,116.0,False,False,False,False,False,False
4786,H34199,H,303.9,310.1,37.429934544425805,50.0,129.0,False,False,False,False,False,False
6956,L54135,L,300.7,311.2,37.403208418530085,47.9,80.0,False,False,False,False,False,False
8780,M23639,M,297.5,308.6,36.72873534441391,51.5,21.0,False,False,False,False,False,False
2966,M17825,M,300.7,309.5,42.871902220452036,24.9,66.0,False,False,False,False,False,False
9540,L56719,L,299.4,310.8,37.73592452822641,47.7,109.0,False,False,False,False,False,False
1747,L48926,L,298.4,308.0,39.06404996924922,41.1,162.0,False,False,False,False,False,False
182,H29595,H,298.2,308.3,42.708313008125245,24.2,49.0,False,False,False,False,False,False
9293,L56472,L,300.1,309.0,40.53393639902249,34.1,91.0,False,False,False,False,False,False
5448,L52627,L,300.1,312.8,38.27531841800928,44.1,109.0,False,False,False,False,False,False
7461,L54640,L,300.0,311.5,38.01315561749642,41.6,81.0,False,False,False,False,False,False
2156,L49335,L,299.3,308.8,36.61966684720111,47.7,199.0,False,False,False,False,False,False
1234,M16093,M,297.2,308.5,36.932370625238775,55.6,163.0,False,False,False,False,False,False
8908,M23767,M,297.2,308.6,37.469987990390386,43.7,160.0,False,False,False,False,False,False
7441,L54620,L,300.0,311.4,40.681691213615984,29.6,108.0,False,False,False,False,False,False
4197,M19056,M,302.5,311.0,39.534794801541594,35.6,190.0,False,False,False,False,False,False
7861,L55040,L,300.5,312.0,37.61648574760805,44.6,23.0,False,False,False,False,False,False
450,L47629,L,297.6,308.7,40.27406113120453,37.9,79.0,False,False,False,False,False,False
1191,L48370,L,297.2,308.4,38.2099463490856,42.1,41.0,False,False,False,False,False,False
8872,M23731,M,297.9,309.1,39.4715087119811,39.2,108.0,False,False,False,False,False,False
8153,L55332,L,299.5,310.7,37.92097045171708,45.7,106.0,False,False,False,False,False,False
7826,M22685,M,299.9,311.2,39.736632972611055,35.5,162.0,False,False,False,False,False,False
9377,H38790,H,297.7,310.1,41.689327171351664,27.7,96.0,False,False,False,False,False,False
5884,L53063,L,301.4,311.1,42.42640687119285,26.0,135.0,False,False,False,False,False,False
7618,L54797,L,300.5,311.4,39.44616584663204,45.3,58.0,False,False,False,False,False,False
3396,L50575,L,301.4,310.5,40.58324777540605,33.3,85.0,False,False,False,False,False,False
94,L47273,L,299.1,309.0,38.07886552931954,43.0,40.0,False,False,False,False,False,False
9102,H38515,H,300.1,310.1,40.65710270051225,31.4,9.0,False,False,False,False,False,False
9556,H38969,H,299.4,310.8,39.81205847478876,31.4,149.0,False,False,False,False,False,False
9710,M24569,M,299.0,310.0,38.54867053479276,34.6,91.0,False,False,False,False,False,False
444,H29857,H,297.4,308.5,38.3275357934736,45.1,63.0,False,False,False,False,False,False
3694,L50873,L,302.1,311.3,39.0,31.5,202.0,False,False,False,False,False,False
2887,H32300,H,300.5,309.5,40.43513323831146,34.2,62.0,False,False,False,False,False,False
5272,L52451,L,303.6,313.0,39.16631205513228,39.7,115.0,False,False,False,False,False,False
8224,L55403,L,299.1,310.5,36.45545226711637,54.9,58.0,False,False,False,False,False,False
9464,M24323,M,298.5,309.3,39.395431207184416,36.8,133.0,False,False,False,False,False,False
4110,M18969,M,301.9,310.6,38.40572873934304,47.8,179.0,False,False,False,False,False,False
6681,L53860,L,301.5,310.8,37.64306044943742,49.7,5.0,False,False,False,False,False,False
2303,L49482,L,299.2,308.5,38.92300091205713,39.8,141.0,False,False,False,False,False,False
4007,L51186,L,302.1,311.2,38.62641583165593,45.0,162.0,False,False,False,False,False,False
2507,M17366,M,299.2,309.1,38.768543949960254,34.7,6.0,False,False,False,False,False,False
2205,M17064,M,299.7,309.1,36.76955262170047,46.1,102.0,False,False,False,False,False,False
6202,M21061,M,300.1,310.9,38.8587184554509,44.5,66.0,False,False,False,False,False,False
4350,L51529,L,301.9,309.7,39.93745109543172,31.4,133.0,False,False,False,False,False,False
8912,L56091,L,297.1,308.3,42.1070065428546,23.8,169.0,False,False,False,False,False,False
1660,L48839,L,298.1,308.0,41.19465984809196,31.0,164.0,False,False,False,False,False,False
740,L47919,L,296.9,308.4,37.282703764614496,41.8,184.0,False,False,False,False,False,False
242,L47421,L,298.0,308.1,42.15447781671598,24.3,200.0,False,False,False,False,False,False
9890,H39303,H,298.8,309.6,38.93584466786357,40.2,152.0,False,False,False,False,False,False
5939,L53118,L,300.1,310.1,41.255302689472536,33.1,108.0,False,False,False,False,False,False
9052,L56231,L,297.4,310.1,42.661458015403085,24.6,79.0,False,False,False,False,False,False
3623,L50802,L,300.1,311.3,38.84584919911006,39.9,25.0,False,False,False,False,False,False
1722,L48901,L,298.2,307.7,41.08527716834828,32.4,91.0,False,False,False,False,False,False
8233,L55412,L,299.1,310.6,36.41428291206625,49.7,78.0,False,False,False,False,False,False
1281,H30694,H,298.3,310.1,39.0,37.1,84.0,False,False,False,False,False,False
2404,H31817,H,299.2,308.7,38.05259518088089,51.4,173.0,False,False,False,False,False,False
8237,L55416,L,299.2,310.6,38.704004960727254,41.1,88.0,False,False,False,False,False,False
2504,L49683,L,299.2,309.0,37.52332607858744,47.2,108.0,False,False,False,False,False,False
8073,H37486,H,300.1,312.0,37.080992435478315,43.2,108.0,False,False,False,False,False,False
7322,L54501,L,299.8,310.2,43.71498598878879,23.5,166.0,False,False,False,False,False,False
8524,H37937,H,298.3,309.3,39.102429592034305,41.7,5.0,False,False,False,False,False,False
721,L47900,L,297.4,308.9,42.532340636273474,23.8,131.0,False,False,False,False,False,False
7756,M22615,M,300.4,311.8,36.90528417449187,47.6,188.0,False,False,False,False,False,False
3033,M17892,M,300.6,309.8,38.03945320322047,42.9,12.0,False,False,False,False,False,False
7699,L54878,L,300.6,311.5,37.66961640367472,38.6,31.0,False,False,False,False,False,False
8738,L55917,L,300.1,310.1,39.44616584663204,36.7,114.0,False,False,False,False,False,False
6401,L53580,L,300.1,309.7,40.01249804748511,35.8,160.0,False,False,False,False,False,False
2398,L49577,L,300.1,308.6,39.774363602702685,38.8,156.0,False,False,False,False,False,False
2563,L49742,L,299.3,309.1,39.382737335030434,39.1,108.0,False,False,False,False,False,False
824,M15683,M,296.6,307.5,38.49675310984031,39.9,153.0,False,False,False,False,False,False
5693,M20552,M,302.4,311.9,36.235341863986875,55.7,102.0,False,False,False,False,False,False
8602,H38015,H,300.1,308.2,36.864617182333525,46.9,199.0,False,False,False,False,False,False
7704,H37117,H,300.7,311.7,43.174066289845804,23.6,47.0,False,False,False,False,False,False
2028,L49207,L,298.7,308.4,41.83300132670378,25.8,108.0,False,False,False,False,False,False
5714,L52893,L,302.2,310.1,39.949968710876355,38.0,156.0,False,False,False,False,False,False
5531,M20390,M,302.3,311.8,36.810324638611924,50.1,104.0,False,False,False,False,False,False
3539,L50718,L,302.0,311.1,40.43513323831146,36.0,23.0,False,False,False,False,False,False
8377,L55556,L,300.1,309.8,36.52396473549935,49.3,42.0,False,False,False,False,False,False
7217,M22076,M,300.0,309.9,40.63249930782009,28.1,114.0,False,False,False,False,False,False
7431,M22290,M,300.0,311.4,37.20215047547655,46.1,7.0,False,False,False,False,False,False
7873,L55052,L,300.6,312.3,39.14077158156185,37.2,54.0,False,False,False,False,False,False
751,L47930,L,296.7,308.0,39.179076048319466,36.8,210.0,False,False,False,False,False,False
8420,L55599,L,299.0,310.3,37.82856063875548,39.9,157.0,False,False,False,False,False,False
6666,L53845,L,301.3,310.4,37.94733192202055,41.5,197.0,False,False,False,False,False,False
489,L47668,L,297.4,309.2,39.7994974842648,42.8,186.0,False,False,False,False,False,False
1122,L48301,L,296.6,307.6,38.19685850956856,40.2,96.0,False,False,False,False,False,False
8828,L56007,L,297.2,308.7,38.24918299781056,49.9,146.0,False,False,False,False,False,False
6165,H35578,H,300.9,310.1,40.69397989875161,30.7,200.0,False,False,False,False,False,False
1643,H31056,H,300.1,307.8,39.84971769034255,35.4,114.0,False,False,False,False,False,False
4629,M19488,M,303.0,311.1,39.96248240537617,36.7,191.0,False,False,False,False,False,False
1793,M16652,M,298.1,307.7,38.01315561749642,48.0,73.0,False,False,False,False,False,False
2046,M16905,M,299.3,309.1,41.2674205639267,31.3,120.0,False,False,False,False,False,False
6890,H36303,H,300.9,311.4,37.242448899072144,42.7,121.0,False,False,False,False,False,False
6469,L53648,L,300.5,309.8,38.82009788756334,42.5,117.0,False,False,False,False,False,False
1726,M16585,M,298.3,307.8,37.30951621235526,50.4,101.0,False,False,False,False,False,False
7736,L54915,L,300.6,312.0,37.49666651850535,55.1,136.0,False,False,False,False,False,False
9385,M24244,M,297.6,308.1,37.134889255254286,57.4,122.0,False,False,False,False,False,False
7097,L54276,L,300.6,310.2,38.58756276314948,47.8,21.0,False,False,False,False,False,False
710,M15569,M,297.6,308.8,36.837480912787726,49.7,104.0,False,False,False,False,False,False
851,L48030,L,296.3,307.3,39.585350825778974,31.4,5.0,False,False,False,False,False,False
4194,L51373,L,302.4,311.1,40.422765862815474,34.2,184.0,False,False,False,False,False,False
4642,H34055,H,303.1,311.3,38.65229618017538,42.7,221.0,False,False,False,False,False,False
6919,L54098,L,301.0,311.5,39.48417404479927,31.8,195.0,False,False,False,False,False,False
8118,L55297,L,300.3,311.7,37.49666651850535,47.5,14.0,False,False,False,False,False,False
2927,L50106,L,300.7,309.7,38.82009788756334,52.4,163.0,False,False,False,False,False,False
5855,L53034,L,301.2,310.9,37.62977544445356,53.3,66.0,False,False,False,False,False,False
8173,L55352,L,300.1,311.4,39.949968710876355,28.9,160.0,False,False,False,False,False,False
467,L47646,L,297.2,308.5,39.370039370059054,41.5,108.0,False,False,False,False,False,False
7287,M22146,M,300.1,310.1,38.47076812334269,37.1,108.0,False,False,False,False,False,False
6947,L54126,L,300.7,311.2,38.54867053479276,46.8,108.0,False,False,False,False,False,False
7023,L54202,L,300.7,310.5,39.50949253027682,33.2,48.0,False,False,False,False,False,False
5772,L52951,L,301.6,311.2,39.05124837953327,43.7,91.0,False,False,False,False,False,False
6998,M21857,M,300.6,310.1,39.57271787481876,38.2,187.0,False,False,False,False,False,False
536,H29949,H,297.4,309.3,36.945906403822335,52.4,76.0,False,False,False,False,False,False
6252,M21111,M,300.8,310.2,39.97499218261337,36.5,195.0,False,False,False,False,False,False
9467,L56646,L,298.6,310.1,38.353617821530214,48.0,141.0,False,False,False,False,False,False
2995,L50174,L,300.5,309.8,38.22302970723278,52.5,146.0,False,False,False,False,False,False
5628,L52807,L,302.7,312.1,39.96248240537617,39.8,153.0,False,False,False,False,False,False
764,L47943,L,296.7,307.8,37.416573867739416,47.5,3.0,False,False,False,False,False,False
43,M14902,M,298.8,309.1,36.98648401781386,49.1,117.0,False,False,False,False,False,False
9378,H38791,H,297.7,308.3,38.57460304397182,41.0,101.0,False,False,False,False,False,False
3500,L50679,L,300.1,311.0,36.78314831549904,43.8,130.0,False,False,False,False,False,False
9046,L56225,L,297.4,308.4,40.0374824383352,34.6,65.0,False,False,False,False,False,False
6117,L53296,L,300.8,310.9,38.118237105091836,43.9,84.0,False,False,False,False,False,False
7093,L54272,L,300.7,310.2,38.63935817272331,35.9,10.0,False,False,False,False,False,False
5514,M20373,M,302.8,312.2,38.1051177665153,50.3,60.0,False,False,False,False,False,False
9518,L56697,L,298.9,310.1,39.02563260217571,39.1,53.0,False,False,False,False,False,False
8198,M23057,M,299.4,310.7,38.62641583165593,45.7,219.0,False,False,False,False,False,False
3241,L50420,L,300.9,309.5,40.149719799769464,35.2,124.0,False,False,False,False,False,False
6607,H36020,H,300.1,310.5,39.21734310225516,44.3,43.0,False,False,False,False,False,False
2601,L49780,L,299.3,309.0,37.70941526992961,47.3,108.0,False,False,False,False,False,False
6322,L53501,L,300.7,310.2,35.86084215408221,64.9,160.0,False,False,False,False,False,False
5133,L52312,L,304.1,310.1,37.61648574760805,50.0,184.0,False,False,False,False,False,False
9119,L56298,L,297.6,310.1,39.06404996924922,42.1,57.0,False,False,False,False,False,False
5666,L52845,L,302.3,311.4,42.95346318982906,21.9,27.0,False,False,False,False,False,False
1438,H30851,H,298.8,309.9,37.93415347678132,45.2,40.0,True,False,False,False,False,False
641,M15500,M,297.9,309.6,38.92300091205713,38.8,124.0,False,False,False,False,False,False
864,L48043,L,296.0,306.7,37.62977544445356,44.2,46.0,False,False,False,False,False,False
1425,L48604,L,298.7,309.7,38.23610858861032,46.8,4.0,False,False,False,False,False,False
1819,M16678,M,298.1,307.7,37.881393849751625,40.9,147.0,False,False,False,False,False,False
5483,L52662,L,302.6,310.1,42.21374183841087,26.8,198.0,False,False,False,False,False,False
1241,L48420,L,297.2,308.6,40.44749683231337,31.3,192.0,False,False,False,False,False,False
6528,L53707,L,301.2,310.4,38.93584466786357,44.4,53.0,False,False,False,False,False,False
789,M15648,M,296.9,308.1,37.94733192202055,46.3,64.0,False,False,False,False,False,False
7857,L55036,L,300.4,311.8,37.8549864614954,42.2,14.0,False,False,False,False,False,False
3119,M17978,M,300.2,309.5,38.18376618407357,46.9,23.0,False,False,False,False,False,False
6461,L53640,L,300.6,310.1,36.235341863986875,52.9,93.0,False,False,False,False,False,False
934,L48113,L,295.5,306.0,39.96248240537617,37.2,16.0,False,False,False,False,False,False
2026,L49205,L,298.7,308.5,38.3275357934736,39.9,67.0,False,False,False,False,False,False
2428,L49607,L,298.9,308.3,43.069710934716056,23.8,108.0,False,False,False,False,False,False
4767,M19626,M,303.6,312.0,40.55859958134649,35.7,81.0,False,False,False,False,False,False
7323,H36736,H,299.8,310.2,39.66106403010388,33.3,168.0,False,False,False,False,False,False
2778,L49957,L,300.1,309.4,38.262252939417984,41.7,30.0,False,False,False,False,False,False
3209,M18068,M,300.2,309.1,37.49666651850535,42.2,40.0,False,False,False,False,False,False
9157,M24016,M,297.5,308.4,37.0,54.8,145.0,False,False,False,False,False,False
3747,H33160,H,302.5,311.3,37.322915213043046,47.5,130.0,False,False,False,False,False,False
9939,L57118,L,298.3,308.1,39.08964057138413,33.9,82.0,False,False,False,False,False,False
3110,L50289,L,299.9,309.2,38.61346915261564,44.3,214.0,False,False,False,False,False,False
6066,L53245,L,301.0,310.9,39.59797974644666,38.2,172.0,False,False,False,False,False,False
6785,M21644,M,301.3,310.7,37.296112397943034,52.5,61.0,False,False,False,False,False,False
2005,L49184,L,298.5,308.2,38.09199390948182,47.5,18.0,False,False,False,False,False,False
7110,L54289,L,300.9,310.5,39.98749804626441,40.5,57.0,False,False,False,False,False,False
6697,L53876,L,301.7,310.9,40.44749683231337,31.3,42.0,False,False,False,False,False,False
177,L47356,L,298.2,308.1,40.22437072223753,34.7,39.0,False,False,False,False,False,False
6633,L53812,L,301.4,310.4,36.069377593742864,51.2,112.0,False,False,False,False,False,False
474,M15333,M,297.4,309.0,38.98717737923585,37.0,147.0,False,False,False,False,False,False
1989,H31402,H,298.3,307.9,37.68288736283355,39.2,176.0,False,False,False,False,False,False
5062,L52241,L,304.0,312.9,36.91882988394946,62.5,200.0,True,False,False,False,True,False
5726,M20585,M,302.3,311.8,39.45883931389772,34.1,185.0,False,False,False,False,False,False
7799,L54978,L,300.0,311.5,42.567593307585526,28.3,94.0,False,False,False,False,False,False
211,L47390,L,298.4,308.7,39.02563260217571,36.1,126.0,False,False,False,False,False,False
2460,L49639,L,299.0,308.6,36.013886210738214,54.2,110.0,False,False,False,False,False,False
5261,M20120,M,303.5,313.0,38.62641583165593,46.1,89.0,False,False,False,False,False,False
3573,L50752,L,301.8,310.1,38.09199390948182,50.7,108.0,False,False,False,False,False,False
2878,M17737,M,300.5,309.4,40.681691213615984,32.1,37.0,False,False,False,False,False,False
3680,L50859,L,302.2,311.5,41.53311931459037,34.0,170.0,False,False,False,False,False,False
283,M15142,M,298.1,308.1,37.282703764614496,49.8,85.0,False,False,False,False,False,False
5192,L52371,L,304.0,313.2,37.62977544445356,46.0,128.0,False,False,False,False,False,False
3556,L50735,L,301.8,310.7,39.382737335030434,37.7,64.0,False,False,False,False,False,False
2896,M17755,M,300.7,309.6,38.379682124790975,48.1,87.0,False,False,False,False,False,False
3999,L51178,L,302.1,311.0,39.824615503479755,35.1,142.0,False,False,False,False,False,False
265,L47444,L,298.1,308.2,37.282703764614496,47.5,33.0,False,False,False,False,False,False
9631,L56810,L,299.0,310.1,39.786932528155525,35.8,142.0,False,False,False,False,False,False
712,L47891,L,297.5,310.1,37.986839826445156,46.2,110.0,False,False,False,False,False,False
9896,L57075,L,298.8,309.4,37.242448899072144,54.1,171.0,False,False,False,False,False,False
7619,M22478,M,300.5,311.4,36.22154055254967,51.4,108.0,False,False,False,False,False,False
8802,L55981,L,297.4,308.6,38.57460304397182,36.4,71.0,False,False,False,False,False,False
1223,L48402,L,300.1,310.1,37.403208418530085,59.0,135.0,False,False,False,False,False,False
1950,M16809,M,298.1,308.0,39.28103868280471,41.9,73.0,False,False,False,False,False,False
316,L47495,L,297.9,308.4,40.570925550201586,40.6,175.0,False,False,False,False,False,False
2956,M17815,M,300.7,309.5,37.93415347678132,43.8,41.0,False,False,False,False,False,False
8853,L56032,L,297.7,308.9,39.68626966596886,39.9,12.0,False,False,False,False,False,False
4109,L51288,L,301.9,310.5,43.497126341863094,21.8,177.0,False,False,False,False,False,False
2306,H31719,H,299.2,308.5,36.6333181680284,47.5,147.0,False,False,False,False,False,False
249,L47428,L,298.0,310.1,36.90528417449187,56.8,216.0,True,False,False,False,True,False
6732,L53911,L,301.6,310.9,37.21558813185679,51.2,132.0,False,False,False,False,False,False
7973,L55152,L,301.1,312.2,37.376463182061514,54.9,81.0,False,False,False,False,False,False
8983,L56162,L,297.0,307.7,36.26292872893749,60.1,128.0,False,False,False,False,False,False
8247,L55426,L,299.0,310.3,39.395431207184416,39.9,114.0,False,False,False,False,False,False
3067,M17926,M,300.1,309.2,38.17066936798463,44.3,98.0,False,False,False,False,False,False
9927,M24786,M,298.5,308.6,43.55456348076513,20.2,50.0,False,False,False,False,False,False
5212,L52391,L,303.7,312.5,37.8549864614954,53.6,185.0,False,False,False,False,False,False
7241,M22100,M,300.1,310.1,36.90528417449187,56.3,179.0,False,False,False,False,False,False
635,L47814,L,298.3,309.9,38.82009788756334,41.6,112.0,False,False,False,False,False,False
2108,M16967,M,299.4,309.1,37.64306044943742,47.3,59.0,False,False,False,False,False,False
3663,M18522,M,302.3,311.7,38.948684188300895,37.6,124.0,False,False,False,False,False,False
9263,M24122,M,298.3,309.1,37.469987990390386,47.0,108.0,False,False,False,False,False,False
9951,L57130,L,298.1,307.8,37.589892258425,54.1,113.0,False,False,False,False,False,False
2602,L49781,L,299.3,309.1,37.403208418530085,52.1,27.0,False,False,False,False,False,False
8539,L55718,L,298.5,309.4,39.344631145812,37.7,43.0,False,False,False,False,False,False
8188,L55367,L,299.6,310.9,38.05259518088089,46.3,196.0,False,False,False,False,False,False
3632,M18491,M,302.1,310.1,37.66961640367472,36.2,108.0,False,False,False,False,False,False
8886,M23745,M,298.0,309.2,37.92097045171708,42.9,101.0,False,False,False,False,False,False
6483,L53662,L,300.6,309.9,38.47076812334269,43.7,153.0,False,False,False,False,False,False
6687,L53866,L,301.7,311.0,41.41255848169731,24.8,17.0,False,False,False,False,False,False
6576,M21435,M,301.4,310.5,38.09199390948182,45.3,183.0,False,False,False,False,False,False
3622,L50801,L,301.9,311.2,40.70626487409524,29.1,23.0,False,False,False,False,False,False
2988,M17847,M,300.6,309.8,40.7308237088326,28.9,127.0,False,False,False,False,False,False
1888,M16747,M,297.9,307.5,40.52159917870962,32.4,126.0,False,False,False,False,False,False
7154,L54333,L,300.2,310.0,38.63935817272331,47.3,172.0,False,False,False,False,False,False
3168,L50347,L,300.4,309.7,37.20215047547655,45.1,159.0,False,False,False,False,False,False
5253,L52432,L,303.5,313.0,36.359317925395686,59.5,71.0,False,False,False,False,False,False
6827,L54006,L,301.0,310.9,42.68489194082609,21.6,168.0,False,False,False,False,False,False
4828,L52007,L,303.4,311.8,37.92097045171708,58.9,22.0,False,False,False,False,False,False
4571,L51750,L,302.8,310.9,36.22154055254967,52.2,40.0,True,False,True,False,False,False
8732,H38145,H,297.2,308.6,38.54867053479276,46.6,98.0,False,False,False,False,False,False
9514,M24373,M,299.0,310.2,39.97499218261337,33.4,108.0,False,False,False,False,False,False
2803,M17662,M,300.3,310.1,38.84584919911006,46.6,95.0,False,False,False,False,False,False
47,M14906,M,298.7,309.0,42.930175867331364,25.8,130.0,False,False,False,False,False,False
2448,L49627,L,299.3,308.7,37.52332607858744,48.7,85.0,False,False,False,False,False,False
2154,H31567,H,299.3,308.8,37.376463182061514,45.4,191.0,False,False,False,False,False,False
9783,L56962,L,298.7,309.9,37.469987990390386,47.1,64.0,False,False,False,False,False,False
3788,L50967,L,302.3,310.8,37.107950630558946,47.3,22.0,True,False,True,False,False,False
7753,M22612,M,300.4,311.7,42.80186911806539,24.2,179.0,False,False,False,False,False,False
4653,L51832,L,303.1,311.2,38.1051177665153,52.9,11.0,False,False,False,False,False,False
6659,L53838,L,301.4,310.4,37.815340802378074,50.9,178.0,False,False,False,False,False,False
5584,L52763,L,302.5,312.0,40.90232267243512,29.9,42.0,False,False,False,False,False,False
4687,M19546,M,303.5,311.6,39.52214569073901,34.2,108.0,False,False,False,False,False,False
4965,L52144,L,300.1,312.7,40.024992192379,33.9,165.0,False,False,False,False,False,False
1618,L48797,L,297.8,307.8,39.534794801541594,34.3,53.0,False,False,False,False,False,False
8040,L55219,L,300.8,311.9,39.496835316262995,31.8,21.0,False,False,False,False,False,False
2399,L49578,L,299.2,308.5,38.600518131237564,43.2,158.0,False,False,False,False,False,False
1395,L48574,L,300.1,310.4,39.07684736515984,44.0,149.0,False,False,False,False,False,False
6077,L53256,L,301.0,310.9,38.62641583165593,36.7,199.0,False,False,False,False,False,False
1112,H30525,H,296.5,307.4,37.841775856849004,49.2,64.0,False,False,False,False,False,False
1207,H30620,H,296.9,308.0,36.30426972134269,53.5,88.0,False,False,False,False,False,False
8007,L55186,L,300.9,312.1,38.23610858861032,46.0,166.0,False,False,False,False,False,False
2067,L49246,L,300.1,309.6,38.88444419044716,36.2,172.0,False,False,False,False,False,False
469,L47648,L,300.1,308.7,40.23679907746142,31.6,129.0,False,False,False,False,False,False
5802,L52981,L,301.5,310.8,37.589892258425,44.6,166.0,False,False,False,False,False,False
4723,M19582,M,303.4,311.8,37.296112397943034,42.7,197.0,False,False,False,False,False,False
4823,L52002,L,303.5,311.9,39.56008088970496,38.9,12.0,False,False,False,False,False,False
9178,L56357,L,297.9,309.1,38.781438859330635,43.0,4.0,False,False,False,False,False,False
6899,M21758,M,301.0,311.6,38.05259518088089,43.9,145.0,False,False,False,False,False,False
9697,L56876,L,298.9,309.9,37.469987990390386,39.8,62.0,False,False,False,False,False,False
5012,M19871,M,303.7,312.8,40.422765862815474,33.8,63.0,False,False,False,False,False,False
5973,L53152,L,300.5,310.8,38.01315561749642,46.6,155.0,False,False,False,False,False,False
1957,M16816,M,297.9,307.7,36.932370625238775,46.8,89.0,False,False,False,False,False,False
3009,M17868,M,300.4,309.7,39.331920878594275,38.0,181.0,False,False,False,False,False,False
944,M15803,M,295.6,306.2,38.43175770115127,45.0,40.0,False,False,False,False,False,False
6111,L53290,L,300.7,310.8,39.16631205513228,41.3,69.0,False,False,False,False,False,False
6335,M21194,M,300.4,309.8,41.53311931459037,30.4,195.0,False,False,False,False,False,False
2802,M17661,M,300.2,309.5,40.52159917870962,28.8,92.0,False,False,False,False,False,False
8356,L55535,L,298.7,309.6,38.7556447501522,46.7,198.0,False,False,False,False,False,False
556,M15415,M,297.4,310.1,39.230090491866065,42.2,134.0,False,False,False,False,False,False
7073,M21932,M,300.7,310.6,37.93415347678132,41.7,184.0,False,False,False,False,False,False
5233,L52412,L,303.6,312.9,37.16180835212409,57.8,27.0,False,False,False,False,False,False
4543,M19402,M,302.5,310.4,39.761790704142086,32.7,181.0,False,False,False,False,False,False
3544,L50723,L,301.8,310.9,38.06573262134856,36.5,33.0,False,False,False,False,False,False
2593,L49772,L,298.9,308.6,39.230090491866065,45.4,4.0,False,False,False,False,False,False
3460,L50639,L,301.5,310.4,35.63705936241092,54.2,26.0,False,False,False,False,False,False
8436,M23295,M,298.7,310.0,38.97435053981015,38.1,198.0,False,False,False,False,False,False
6746,M21605,M,301.8,311.1,37.3496987939662,44.6,171.0,False,False,False,False,False,False
9520,L56699,L,299.0,310.1,39.1279950930277,36.0,57.0,False,False,False,False,False,False
3025,L50204,L,300.5,310.1,38.27531841800928,41.6,217.0,False,False,False,False,False,False
8476,M23335,M,298.5,310.1,39.45883931389772,37.7,86.0,False,False,False,False,False,False
6611,L53790,L,301.5,310.4,39.28103868280471,34.0,55.0,False,False,False,False,False,False
4102,L51281,L,301.9,310.4,43.40506882842141,23.4,163.0,False,False,False,False,False,False
4458,M19317,M,302.5,310.3,41.352146256270665,27.3,108.0,False,False,False,False,False,False
9132,H38545,H,297.6,308.6,38.24918299781056,46.7,108.0,False,False,False,False,False,False
272,M15131,M,298.1,308.1,38.1051177665153,40.8,56.0,False,False,False,False,False,False
5532,M20391,M,302.3,311.7,38.781438859330635,37.3,107.0,False,False,False,False,False,False
2765,M17624,M,299.9,309.3,37.26929030716845,52.8,0.0,False,False,False,False,False,False
9045,L56224,L,297.4,308.4,37.12142238654117,39.9,63.0,False,False,False,False,False,False
5691,L52870,L,302.3,311.8,37.881393849751625,44.8,98.0,False,False,False,False,False,False
7138,M21997,M,300.6,310.1,38.54867053479276,41.2,127.0,False,False,False,False,False,False
5423,M20282,M,300.1,312.4,37.70941526992961,44.5,49.0,False,False,False,False,False,False
40,L47219,L,298.8,309.1,36.742346141747674,52.5,111.0,False,False,False,False,False,False
2648,L49827,L,299.8,309.4,37.52332607858744,45.6,156.0,False,False,False,False,False,False
152,M15011,M,298.4,308.2,38.24918299781056,37.6,188.0,False,False,False,False,False,False
6025,L53204,L,300.7,310.9,36.823905279043935,65.3,66.0,True,False,False,True,False,False
7340,L54519,L,299.8,310.4,39.736632972611055,36.4,0.0,False,False,False,False,False,False
9149,L56328,L,297.6,308.6,37.322915213043046,40.4,127.0,False,False,False,False,False,False
3013,L50192,L,300.4,309.6,37.841775856849004,44.7,192.0,False,False,False,False,False,False
7255,L54434,L,300.3,310.4,38.63935817272331,37.5,219.0,False,False,False,False,False,False
1683,H31096,H,297.9,310.1,40.049968789001575,36.1,225.0,True,True,False,False,False,False
9968,M24827,M,298.3,307.9,40.11234224026316,32.4,151.0,False,False,False,False,False,False
1367,M16226,M,298.7,310.1,36.98648401781386,56.8,72.0,False,False,False,False,False,False
4236,L51415,L,302.2,310.8,37.92097045171708,41.4,66.0,False,False,False,False,False,False
1696,L48875,L,298.0,307.6,38.84584919911006,41.6,33.0,False,False,False,False,False,False
1916,L49095,L,298.0,307.7,38.62641583165593,38.7,202.0,False,False,False,False,False,False
813,L47992,L,296.8,307.6,36.578682316343766,44.4,128.0,False,False,False,False,False,False
507,L47686,L,297.6,309.3,39.28103868280471,34.3,8.0,False,False,False,False,False,False
1827,H31240,H,297.8,310.1,38.93584466786357,40.1,166.0,False,False,False,False,False,False
6486,L53665,L,300.6,309.8,40.36087214122113,37.6,162.0,False,False,False,False,False,False
7560,M22419,M,300.4,311.4,36.810324638611924,56.2,122.0,False,False,False,False,False,False
8256,L55435,L,299.0,310.4,40.07492981902776,31.1,134.0,False,False,False,False,False,False
1041,L48220,L,300.1,310.1,38.7556447501522,43.9,84.0,False,False,False,False,False,False
2979,H32392,H,300.5,309.4,40.52159917870962,36.2,103.0,False,False,False,False,False,False
2848,L50027,L,300.4,309.3,39.05124837953327,39.6,202.0,False,False,False,False,False,False
896,M15755,M,295.6,306.2,37.881393849751625,51.6,126.0,False,False,False,False,False,False
5617,L52796,L,303.0,312.3,38.47076812334269,41.4,125.0,False,False,False,False,False,False
3751,L50930,L,302.3,311.1,39.8622628559895,29.9,141.0,False,False,False,False,False,False
2085,L49264,L,299.5,309.3,37.97367509209505,46.2,5.0,False,False,False,False,False,False
7569,L54748,L,300.2,311.0,40.33608806019741,33.7,108.0,False,False,False,False,False,False
2274,L49453,L,299.3,308.5,39.8622628559895,32.7,74.0,False,False,False,False,False,False
9659,L56838,L,300.1,309.9,39.344631145812,34.5,214.0,False,False,False,False,False,False
4778,M19637,M,303.5,312.2,42.638011210655684,23.6,109.0,False,False,False,False,False,False
1758,M16617,M,298.1,307.4,36.53765181289022,56.2,190.0,False,False,False,False,False,False
9494,L56673,L,299.1,309.8,37.389838191679836,55.4,217.0,True,False,False,False,True,False
1201,M16060,M,296.9,308.0,37.815340802378074,55.9,71.0,False,False,False,False,False,False
3966,L51145,L,300.1,311.5,38.82009788756334,37.5,55.0,False,False,False,False,False,False
4655,M19514,M,303.1,311.0,38.8587184554509,47.6,16.0,False,False,False,False,False,False
4482,M19341,M,300.1,310.4,39.293765408777,35.1,25.0,False,False,False,False,False,False
7740,L54919,L,300.5,311.9,39.698866482558415,31.1,149.0,False,False,False,False,False,False
3520,M18379,M,301.9,310.9,39.61060464067672,32.5,188.0,False,False,False,False,False,False
3054,H32467,H,300.2,309.3,38.80721582386451,35.6,63.0,False,False,False,False,False,False
6214,L53393,L,300.1,310.6,39.395431207184416,34.9,95.0,False,False,False,False,False,False
1397,L48576,L,299.0,310.3,38.50973902793941,39.2,153.0,False,False,False,False,False,False
856,L48035,L,296.1,310.1,40.18706259482024,30.8,18.0,False,False,False,False,False,False
8278,H37691,H,298.8,310.1,35.9722114972099,55.8,202.0,False,False,False,False,False,False
9199,M24058,M,297.9,308.8,39.21734310225516,37.6,54.0,False,False,False,False,False,False
9861,H39274,H,298.7,309.6,41.892720131306824,26.9,73.0,False,False,False,False,False,False
2475,L49654,L,298.9,308.5,38.768543949960254,40.6,145.0,False,False,False,False,False,False
2329,L49508,L,299.3,310.1,39.736632972611055,36.3,211.0,False,False,False,False,False,False
7356,L54535,L,299.6,310.2,39.84971769034255,34.1,108.0,False,False,False,False,False,False
3084,L50263,L,300.1,309.3,41.376321731154405,28.5,108.0,False,False,False,False,False,False
8798,L55977,L,297.2,308.3,39.61060464067672,31.2,63.0,False,False,False,False,False,False
9331,M24190,M,298.4,309.0,38.82009788756334,36.1,191.0,False,False,False,False,False,False
3485,L50664,L,301.9,310.8,38.97435053981015,39.0,90.0,False,False,False,False,False,False
870,L48049,L,300.1,310.1,36.851051545376556,49.2,108.0,False,False,False,False,False,False
3960,M18819,M,302.2,311.4,39.21734310225516,37.4,37.0,False,False,False,False,False,False
3689,L50868,L,302.0,311.2,37.68288736283355,45.8,192.0,False,False,False,False,False,False
7016,L54195,L,300.1,310.5,38.1051177665153,42.9,29.0,False,False,False,False,False,False
6620,M21479,M,301.7,310.7,40.33608806019741,31.3,78.0,False,False,False,False,False,False
4334,L51513,L,301.6,309.8,39.84971769034255,33.9,89.0,False,False,False,False,False,False
2014,L49193,L,298.6,308.4,38.535697735995385,42.9,38.0,False,False,False,False,False,False
5418,L52597,L,302.6,312.4,37.22902093797257,45.8,108.0,False,False,False,False,False,False
1496,H30909,H,297.9,308.5,37.1887079635741,44.6,184.0,False,False,False,False,False,False
7149,M22008,M,300.3,309.8,40.2119385257662,40.8,158.0,False,False,False,False,False,False
560,L47739,L,297.5,309.4,38.768543949960254,40.6,144.0,False,False,False,False,False,False
9499,H38912,H,299.2,310.1,39.26830783214372,36.1,5.0,False,False,False,False,False,False
6881,M21740,M,300.9,311.3,42.43819034784589,24.6,100.0,False,False,False,False,False,False
7828,M22687,M,299.8,311.1,38.1051177665153,44.3,167.0,False,False,False,False,False,False
1055,H30468,H,296.8,307.8,40.33608806019741,30.5,117.0,False,False,False,False,False,False
6262,L53441,L,301.1,310.6,37.64306044943742,47.6,10.0,False,False,False,False,False,False
8350,M23209,M,298.7,309.5,38.561638969317684,33.6,183.0,False,False,False,False,False,False
3205,L50384,L,300.1,309.0,37.469987990390386,54.8,108.0,False,False,False,False,False,False
7182,L54361,L,300.1,310.3,36.4828726939094,52.1,30.0,False,False,False,False,False,False
456,L47635,L,297.4,308.7,37.8021163428716,57.4,96.0,False,False,False,False,False,False
7019,M21878,M,300.7,310.7,37.107950630558946,46.7,36.0,False,False,False,False,False,False
2579,L49758,L,299.4,309.3,37.296112397943034,46.6,185.0,False,False,False,False,False,False
2420,M17279,M,298.9,308.2,36.4417343165772,49.2,11.0,False,False,False,False,False,False
9903,H39316,H,298.7,309.3,37.44329045369811,45.3,190.0,False,False,False,False,False,False
6243,L53422,L,300.1,310.4,38.41874542459709,43.6,173.0,False,False,False,False,False,False
8448,L55627,L,298.6,310.1,37.93415347678132,49.9,17.0,False,False,False,False,False,False
9977,L57156,L,298.6,308.2,41.291645644125154,26.3,177.0,False,False,False,False,False,False
2630,L49809,L,300.0,309.7,39.824615503479755,37.8,103.0,False,False,False,False,False,False
5107,L52286,L,304.0,313.3,38.97435053981015,36.7,117.0,False,False,False,False,False,False
9600,L56779,L,299.0,310.1,38.24918299781056,37.4,56.0,False,False,False,False,False,False
6435,M21294,M,300.1,309.9,38.65229618017538,38.5,33.0,False,False,False,False,False,False
246,M15105,M,297.9,308.1,40.33608806019741,31.4,209.0,False,False,False,False,False,False
7086,L54265,L,300.6,310.3,38.52272056851645,41.0,213.0,False,False,False,False,False,False
3552,L50731,L,301.9,310.9,42.41462012089699,24.2,54.0,False,False,False,False,False,False
3708,M18567,M,302.1,311.3,38.691084244306204,38.4,28.0,False,False,False,False,False,False
9883,L57062,L,298.8,310.1,43.53159771935783,22.0,134.0,False,False,False,False,False,False
2607,H32020,H,299.4,309.3,39.16631205513228,37.5,39.0,False,False,False,False,False,False
1462,L48641,L,298.9,310.2,38.61346915261564,45.1,101.0,False,False,False,False,False,False
6879,H36292,H,300.9,311.2,38.961519477556315,35.0,108.0,False,False,False,False,False,False
7739,M22598,M,300.5,312.0,35.53871128783372,60.8,108.0,False,False,False,False,False,False
8970,L56149,L,297.0,307.8,37.36308338453881,50.0,96.0,False,False,False,False,False,False
1682,M16541,M,297.8,307.3,42.473521163190604,26.0,222.0,False,False,False,False,False,False
2336,L49515,L,299.2,308.4,38.84584919911006,39.4,0.0,False,False,False,False,False,False
9439,M24298,M,298.1,308.7,36.26292872893749,56.8,59.0,False,False,False,False,False,False
155,L47334,L,298.4,310.1,39.08964057138413,36.2,196.0,False,False,False,False,False,False
4967,L52146,L,303.8,310.1,42.34383071948026,28.1,170.0,False,False,False,False,False,False
3412,L50591,L,300.1,310.3,37.66961640367472,55.7,125.0,False,False,False,False,False,False
1391,L48570,L,298.9,310.2,37.53664875824692,54.8,140.0,False,False,False,False,False,False
290,L47469,L,298.1,308.4,37.89459064299283,46.7,103.0,False,False,False,False,False,False
227,L47406,L,298.3,308.4,36.45545226711637,49.2,166.0,False,False,False,False,False,False
7918,L55097,L,300.9,312.1,38.39270764090493,42.4,171.0,False,False,False,False,False,False
378,M15237,M,300.1,308.2,37.73592452822641,53.9,120.0,False,False,False,False,False,False
2374,L49553,L,300.1,310.1,36.742346141747674,51.3,96.0,False,False,False,False,False,False
4088,L51267,L,301.9,310.4,37.094473981982816,54.9,126.0,True,False,True,False,False,False
5472,L52651,L,302.7,312.3,36.68787265568828,61.2,170.0,False,False,False,False,False,True
1433,L48612,L,298.8,309.8,37.907782842049734,42.8,23.0,False,False,False,False,False,False
5657,M20516,M,302.3,311.5,36.27671429443411,47.2,4.0,False,False,False,False,False,False
431,L47610,L,297.5,310.1,39.949968710876355,37.1,30.0,False,False,False,False,False,False
3114,M17973,M,299.9,309.1,36.6742416417845,56.8,10.0,False,False,False,False,False,False
3821,L51000,L,302.3,310.1,37.69615364994153,41.4,102.0,False,False,False,False,False,False
2850,L50029,L,300.4,309.3,42.02380277890139,28.2,207.0,False,False,False,False,False,False
194,H29607,H,298.2,310.1,40.963398296528084,34.6,108.0,False,False,False,False,False,False
9620,M24479,M,298.9,310.1,36.373066958946424,52.9,106.0,False,False,False,False,False,False
4922,L52101,L,303.4,312.3,35.874782229304195,54.8,54.0,False,False,False,False,False,False
8751,L55930,L,297.3,308.5,42.0,30.8,148.0,False,False,False,False,False,False
6321,M21180,M,300.8,310.2,36.11094017053558,52.5,157.0,False,False,False,False,False,False
7203,L54382,L,300.0,309.7,36.41428291206625,61.9,80.0,False,False,False,False,False,False
6277,L53456,L,301.2,310.8,35.11409973215888,64.6,45.0,False,False,False,False,False,False
1856,H31269,H,297.7,307.3,35.34119409414458,62.8,47.0,False,False,False,False,False,False
9815,H39228,H,300.1,309.1,37.815340802378074,40.9,162.0,False,False,False,False,False,False
4975,L52154,L,303.8,312.7,37.603191353926334,41.7,190.0,False,False,False,False,False,False
4311,L51490,L,300.1,310.0,42.14261501141095,25.6,30.0,False,False,False,False,False,False
7899,L55078,L,300.8,312.5,37.72267222772003,47.3,123.0,False,False,False,False,False,False
735,H30148,H,297.0,308.4,36.124783736376884,54.6,168.0,False,False,False,False,False,False
8901,M23760,M,297.3,308.6,39.7994974842648,29.4,141.0,False,False,False,False,False,False
9299,L56478,L,298.1,308.9,36.235341863986875,50.6,108.0,False,False,False,False,False,False
696,L47875,L,297.6,309.0,38.561638969317684,45.4,64.0,False,False,False,False,False,False
5754,L52933,L,302.2,311.6,37.62977544445356,54.1,48.0,False,False,False,False,False,False
1579,L48758,L,298.3,308.4,39.91240408695021,37.0,174.0,False,False,False,False,False,False
9950,M24809,M,298.2,307.8,37.5632799419859,53.4,110.0,False,False,False,False,False,False
5096,M19955,M,304.1,310.1,37.78888725538237,39.9,88.0,False,False,False,False,False,False
5466,L52645,L,302.9,312.4,37.73592452822641,49.5,155.0,False,False,False,False,False,False
908,M15767,M,295.6,306.1,40.85339643163099,29.0,161.0,False,False,False,False,False,False
1021,L48200,L,300.1,307.3,37.04051835490427,57.7,33.0,False,False,False,False,False,False
5679,M20538,M,302.2,311.7,39.7994974842648,36.2,63.0,False,False,False,False,False,False
4518,L51697,L,302.4,310.3,38.98717737923585,31.6,121.0,False,False,False,False,False,False
7122,M21981,M,300.9,310.4,37.080992435478315,44.7,87.0,False,False,False,False,False,False
1276,M16135,M,298.1,309.4,36.90528417449187,47.6,70.0,False,False,False,False,False,False
4770,H34183,H,303.6,311.9,39.293765408777,37.1,108.0,False,False,False,False,False,False
3437,L50616,L,300.1,310.5,38.28837943815329,48.1,189.0,False,False,False,False,False,False
4616,L51795,L,303.0,311.3,42.34383071948026,29.3,157.0,False,False,False,False,False,False
3847,L51026,L,302.3,310.9,37.456641600656084,47.2,173.0,False,False,False,False,False,False
4038,M18897,M,302.0,310.8,40.11234224026316,35.2,4.0,False,False,False,False,False,False
7017,L54196,L,300.1,310.5,38.84584919911006,43.1,31.0,False,False,False,False,False,False
9150,M24009,M,297.5,308.6,37.8021163428716,50.5,129.0,False,False,False,False,False,False
6413,L53592,L,300.4,310.0,37.72267222772003,44.2,189.0,False,False,False,False,False,False
4358,L51537,L,302.0,309.9,37.5099986670221,52.8,154.0,False,False,False,False,False,False
693,L47872,L,300.1,309.1,38.45776904605882,42.1,58.0,False,False,False,False,False,False
3203,L50382,L,300.1,309.2,37.815340802378074,43.4,24.0,False,False,False,False,False,False
2209,H31622,H,299.8,309.2,37.881393849751625,42.6,111.0,False,False,False,False,False,False
9400,L56579,L,297.8,308.3,38.43175770115127,44.8,170.0,False,False,False,False,False,False
4287,M19146,M,301.7,309.9,37.86819245752297,47.9,189.0,False,False,False,False,False,False
8617,L55796,L,297.6,308.6,36.810324638611924,46.4,13.0,False,False,False,False,False,False
3308,M18167,M,301.4,310.5,39.534794801541594,39.9,108.0,False,False,False,False,False,False
8064,M22923,M,300.3,311.7,39.382737335030434,36.4,84.0,False,False,False,False,False,False
4042,L51221,L,302.0,310.9,39.230090491866065,34.2,13.0,False,False,False,False,False,False
777,L47956,L,300.1,307.8,38.31448812133603,39.2,35.0,False,False,False,False,False,False
8514,M23373,M,298.2,309.5,38.44476557348217,36.5,182.0,False,False,False,False,False,False
2973,M17832,M,300.6,309.4,37.841775856849004,44.2,84.0,False,False,False,False,False,False
7021,L54200,L,300.8,310.8,38.2099463490856,53.8,41.0,False,False,False,False,False,False
2339,L49518,L,299.3,308.3,40.63249930782009,28.0,6.0,False,False,False,False,False,False
8840,M23699,M,297.4,310.1,37.094473981982816,39.0,181.0,False,False,False,False,False,False
9019,L56198,L,297.3,308.1,40.18706259482024,35.4,217.0,True,True,False,False,False,False
6037,M20896,M,300.6,311.0,37.429934544425805,54.6,94.0,False,False,False,False,False,False
656,L47835,L,297.7,309.1,37.881393849751625,38.8,165.0,False,False,False,False,False,False
3199,M18058,M,300.0,309.1,38.24918299781056,45.7,11.0,False,False,False,False,False,False
5544,L52723,L,302.4,311.8,35.4259791678367,59.0,138.0,False,False,False,False,False,False
5928,L53107,L,300.1,310.1,40.607881008493905,30.5,43.0,False,False,False,False,False,False
4481,H33894,H,302.7,310.4,36.124783736376884,55.2,20.0,True,False,True,False,False,False
2514,L49693,L,299.0,308.7,39.786932528155525,32.5,25.0,False,False,False,False,False,False
2696,L49875,L,300.0,309.5,43.23193264243457,22.7,49.0,False,False,False,False,False,False
2070,H31483,H,299.7,309.6,39.408120990476064,41.0,179.0,False,False,False,False,False,False
4817,L51996,L,303.4,312.0,39.0,35.9,108.0,True,True,False,False,False,False
2077,L49256,L,299.4,309.3,39.293765408777,36.0,197.0,False,False,False,False,False,False
6601,M21460,M,301.5,310.6,37.73592452822641,47.0,26.0,False,False,False,False,False,False
4059,M18918,M,302.0,310.9,38.157568056677825,47.2,108.0,False,False,False,False,False,False
3418,L50597,L,301.6,310.1,40.26164427839479,33.7,137.0,False,False,False,False,False,False
8179,L55358,L,299.7,311.2,36.76955262170047,52.1,108.0,False,False,False,False,False,False
4471,L51650,L,302.7,310.6,39.54743986657038,34.3,0.0,False,False,False,False,False,False
8164,L55343,L,299.7,311.1,39.67366884975475,36.4,135.0,False,False,False,False,False,False
6422,L53601,L,300.3,309.9,39.07684736515984,41.4,108.0,False,False,False,False,False,False
6570,M21429,M,301.4,310.1,37.080992435478315,42.0,168.0,False,False,False,False,False,False
7971,M22830,M,300.9,312.1,36.013886210738214,48.6,76.0,False,False,False,False,False,False
1831,L49010,L,297.8,307.3,43.116122274620196,24.0,178.0,False,False,False,False,False,False
3454,L50633,L,301.5,310.4,37.749172176353746,54.4,7.0,False,False,False,False,False,False
6777,L53956,L,301.3,310.6,38.09199390948182,47.5,42.0,False,False,False,False,False,False
6057,L53236,L,300.8,310.8,40.422765862815474,29.2,108.0,False,False,False,False,False,False
8172,H37585,H,300.0,311.4,40.50925820105819,34.5,155.0,False,False,False,False,False,False
4601,L51780,L,303.0,311.0,36.864617182333525,44.2,115.0,True,False,True,False,False,False
689,H30102,H,297.6,309.0,41.65333119931706,26.4,41.0,False,False,False,False,False,False
5680,M20539,M,302.2,310.1,38.28837943815329,49.0,66.0,False,False,False,False,False,False
8447,L55626,L,298.5,309.9,38.49675310984031,42.1,15.0,False,False,False,False,False,False
2006,L49185,L,300.1,308.3,38.781438859330635,38.0,20.0,False,False,False,False,False,False
9788,H39201,H,300.1,310.1,37.68288736283355,50.4,82.0,False,False,False,False,False,False
3810,L50989,L,302.2,310.8,36.742346141747674,56.6,76.0,False,False,False,False,False,False
273,L47452,L,298.1,308.1,38.52272056851645,40.4,59.0,False,False,False,False,False,False
9542,M24401,M,299.5,310.8,41.88078318274385,31.3,114.0,False,False,False,False,False,False
5364,L52543,L,303.2,312.5,38.961519477556315,39.9,146.0,False,False,False,False,False,False
3208,M18067,M,300.2,309.0,40.52159917870962,31.2,37.0,False,False,False,False,False,False
4970,L52149,L,303.9,312.7,39.08964057138413,38.4,177.0,False,False,False,False,False,False
2086,L49265,L,300.1,309.3,38.23610858861032,46.7,7.0,False,False,False,False,False,False
8858,L56037,L,297.7,308.9,41.737273509418415,26.3,24.0,False,False,False,False,False,False
6314,L53493,L,300.1,310.3,37.94733192202055,47.6,140.0,False,False,False,False,False,False
7654,L54833,L,300.4,311.5,38.62641583165593,44.6,149.0,False,False,False,False,False,False
3283,L50462,L,301.2,309.9,38.92300091205713,40.9,21.0,False,False,False,False,False,False
5079,M19938,M,304.3,313.4,38.49675310984031,43.8,41.0,False,False,False,False,False,False
9164,L56343,L,297.6,308.6,37.61648574760805,47.3,169.0,False,False,False,False,False,False
3127,L50306,L,300.0,309.4,38.71692136521188,35.7,46.0,False,False,False,False,False,False
5474,L52653,L,302.7,312.2,37.0,51.8,174.0,False,False,False,False,False,False
4587,L51766,L,302.7,310.9,37.3496987939662,48.3,80.0,False,False,False,False,False,False
713,L47892,L,297.5,308.7,38.118237105091836,37.6,112.0,False,False,False,False,False,False
3713,L50892,L,302.3,311.5,39.28103868280471,33.1,39.0,False,False,False,False,False,False
6170,L53349,L,300.7,310.5,38.05259518088089,38.2,218.0,False,False,False,False,False,False
7818,H37231,H,299.8,311.3,42.24926034855522,25.4,139.0,False,False,False,False,False,False
2169,M17028,M,299.5,309.1,37.68288736283355,49.5,5.0,False,False,False,False,False,False
9106,M23965,M,297.3,310.1,40.95119045888654,34.9,21.0,False,False,False,False,False,False
4660,M19519,M,303.1,311.2,38.58756276314948,44.5,27.0,False,False,False,False,False,False
2900,L50079,L,300.6,309.4,37.54996671103717,40.6,99.0,False,False,False,False,False,False
3798,L50977,L,302.1,310.8,40.27406113120453,36.8,45.0,False,False,False,False,False,False
5815,M20674,M,301.3,311.0,37.44329045369811,47.5,197.0,False,False,False,False,False,False
584,H29997,H,297.7,309.6,41.19465984809196,32.2,210.0,False,False,False,False,False,False
2542,H31955,H,299.1,310.1,39.408120990476064,32.6,108.0,False,False,False,False,False,False
1349,L48528,L,298.7,310.2,36.91882988394946,45.5,28.0,False,False,False,False,False,False
9809,M24668,M,298.2,309.0,37.960505792204614,44.2,147.0,False,False,False,False,False,False
3780,L50959,L,302.3,311.0,40.70626487409524,31.1,3.0,False,False,False,False,False,False
6876,M21735,M,300.8,310.1,39.89987468652001,32.9,82.0,False,False,False,False,False,False
6773,L53952,L,301.3,310.7,39.191835884530846,39.3,31.0,False,False,False,False,False,False
523,M15382,M,297.5,309.5,38.05259518088089,43.7,46.0,False,False,False,False,False,False
3263,L50442,L,301.3,310.1,39.4715087119811,36.3,184.0,False,False,False,False,False,False
3909,L51088,L,302.3,311.2,40.4103947023535,36.4,114.0,False,False,False,False,False,False
2674,L49853,L,299.8,309.4,38.47076812334269,40.9,108.0,False,False,False,False,False,False
2921,L50100,L,300.7,310.1,39.97499218261337,33.7,149.0,False,False,False,False,False,False
2752,L49931,L,299.7,310.1,37.64306044943742,50.1,187.0,False,False,False,False,False,False
3961,L51140,L,302.2,311.4,37.282703764614496,48.1,40.0,False,False,False,False,False,False
9034,L56213,L,300.1,310.1,37.22902093797257,41.0,35.0,False,False,False,False,False,False
5266,M20125,M,303.5,310.1,43.393547907494266,23.3,100.0,False,False,False,False,False,False
2462,M17321,M,298.9,308.6,38.948684188300895,39.8,114.0,False,False,False,False,False,False
4594,L51773,L,303.0,311.2,37.53664875824692,41.9,98.0,False,False,False,False,False,False
7882,L55061,L,300.8,312.4,38.63935817272331,39.1,79.0,False,False,False,False,False,False
6288,M21147,M,301.1,310.6,38.45776904605882,41.1,72.0,False,False,False,False,False,False
1165,L48344,L,297.1,308.1,41.88078318274385,30.3,206.0,False,False,False,False,False,False
5952,L53131,L,300.7,310.9,40.620192023179804,29.4,102.0,False,False,False,False,False,False
4833,L52012,L,303.5,312.0,37.89459064299283,45.1,32.0,False,False,False,False,False,False
3765,L50944,L,302.4,310.1,36.45545226711637,54.6,176.0,False,False,False,False,False,False
6922,L54101,L,301.1,311.6,37.841775856849004,48.1,202.0,False,False,False,False,False,False
5750,H35163,H,302.2,311.8,36.46916505762094,62.4,108.0,False,False,False,False,False,False
4372,L51551,L,302.0,309.8,38.47076812334269,40.0,199.0,False,False,False,False,False,False
8748,L55927,L,297.3,308.5,38.781438859330635,42.0,142.0,False,False,False,False,False,False
8770,M23629,M,297.4,308.6,38.1051177665153,41.2,197.0,False,False,False,False,False,False
7376,M22235,M,299.4,309.9,39.585350825778974,40.6,87.0,False,False,False,False,False,False
4821,M19680,M,303.6,310.1,40.33608806019741,32.5,7.0,False,False,False,False,False,False
4035,L51214,L,302.0,310.8,40.18706259482024,29.0,108.0,True,True,False,False,False,False
3772,M18631,M,302.3,311.0,37.20215047547655,49.7,192.0,False,False,False,False,False,False
5204,M20063,M,303.7,312.6,40.87786687193939,30.5,163.0,False,False,False,False,False,False
6584,M21443,M,301.5,310.5,38.768543949960254,38.2,200.0,False,False,False,False,False,False
8477,L55656,L,298.5,309.6,39.81205847478876,32.2,89.0,False,False,False,False,False,False
5061,L52240,L,304.0,312.8,39.26830783214372,42.7,198.0,False,False,False,False,False,False
7415,L54594,L,300.1,311.1,40.23679907746142,33.4,186.0,False,False,False,False,False,False
6279,L53458,L,301.2,310.7,39.59797974644666,38.3,49.0,False,False,False,False,False,False
4907,H34320,H,303.6,312.4,37.89459064299283,45.6,9.0,False,False,False,False,False,False
9766,L56945,L,298.6,309.6,38.36665218650175,39.1,14.0,False,False,False,False,False,False
7930,M22789,M,300.6,311.6,40.85339643163099,29.2,200.0,False,False,False,False,False,False
4401,L51580,L,302.3,310.1,36.78314831549904,50.9,36.0,True,False,True,False,False,False
3587,L50766,L,300.1,310.5,39.91240408695021,34.9,139.0,False,False,False,False,False,False
9838,M24697,M,298.4,309.3,36.810324638611924,50.6,8.0,False,False,False,False,False,False
9259,H38672,H,298.3,309.0,37.134889255254286,43.2,0.0,False,False,False,False,False,False
952,H30365,H,300.1,310.1,38.84584919911006,35.8,60.0,False,False,False,False,False,False
113,M14972,M,298.8,308.7,38.704004960727254,39.5,89.0,False,False,False,False,False,False
9027,M23886,M,297.5,308.4,41.048751503547585,28.1,15.0,False,False,False,False,False,False
9426,M24285,M,298.1,308.6,37.61648574760805,46.3,27.0,False,False,False,False,False,False
443,L47622,L,297.4,308.5,37.403208418530085,61.5,61.0,True,False,False,True,False,False
111,L47290,L,298.8,308.6,43.266615305567875,22.5,82.0,False,False,False,False,False,False
3191,L50370,L,300.1,309.2,39.98749804626441,30.1,216.0,False,False,False,False,False,False
2019,L49198,L,298.7,308.5,37.080992435478315,46.4,48.0,False,False,False,False,False,False
6448,L53627,L,300.6,310.1,36.565010597564445,45.8,62.0,False,False,False,False,False,False
7063,M21922,M,300.6,310.4,37.5099986670221,51.1,157.0,False,False,False,False,False,False
9534,L56713,L,299.2,310.5,41.291645644125154,29.5,95.0,False,False,False,False,False,False
4488,L51667,L,302.5,310.5,37.89459064299283,36.5,43.0,False,False,False,False,False,False
9270,L56449,L,300.1,308.8,36.796738985948195,60.9,108.0,False,False,False,False,False,False
2312,M17171,M,299.1,308.6,38.61346915261564,38.5,108.0,False,False,False,False,False,False
1255,H30668,H,297.5,308.8,37.815340802378074,49.4,2.0,False,False,False,False,False,False
8328,M23187,M,298.7,309.6,35.41186241925155,57.1,124.0,False,False,False,False,False,False
6913,M21772,M,300.8,311.2,40.422765862815474,31.9,178.0,False,False,False,False,False,False
9902,M24761,M,298.7,309.2,37.72267222772003,48.9,187.0,False,False,False,False,False,False
9096,L56275,L,300.1,310.1,38.18376618407357,45.7,202.0,False,False,False,False,False,False
3251,H32664,H,301.2,309.8,41.340053217188775,27.0,151.0,False,False,False,False,False,False
8209,L55388,L,299.2,310.7,38.43175770115127,44.0,19.0,False,False,False,False,False,False
5104,L52283,L,304.1,313.4,37.403208418530085,43.7,111.0,False,False,False,False,False,False
2486,L49665,L,298.8,308.6,39.91240408695021,35.5,175.0,False,False,False,False,False,False
4538,L51717,L,300.1,310.1,39.344631145812,35.3,170.0,False,False,False,False,False,False
6609,M21468,M,301.5,310.4,39.91240408695021,36.8,50.0,False,False,False,False,False,False
1818,L48997,L,300.1,307.7,40.792156108742276,27.6,145.0,False,False,False,False,False,False
429,M15288,M,297.6,308.6,39.93745109543172,36.9,25.0,False,False,False,False,False,False
6337,L53516,L,300.4,309.8,37.3496987939662,48.1,201.0,False,False,False,False,False,False
2787,M17646,M,300.2,310.1,40.3732584763727,28.3,51.0,False,False,False,False,False,False
5122,L52301,L,304.2,313.6,38.3275357934736,40.0,154.0,False,False,False,False,False,False
9897,M24756,M,298.8,309.3,40.22437072223753,35.1,173.0,False,False,False,False,False,False
4611,L51790,L,300.1,311.2,37.33630940518894,45.3,144.0,False,False,False,False,False,False
5743,L52922,L,302.3,311.7,37.603191353926334,47.0,11.0,False,False,False,False,False,False
6953,L54132,L,300.1,311.3,38.704004960727254,40.2,73.0,False,False,False,False,False,False
9984,L57163,L,298.7,310.1,41.15823125451335,28.7,195.0,False,False,False,False,False,False
1664,M16523,M,298.1,307.9,41.94043395102154,28.6,176.0,False,False,False,False,False,False
2440,L49619,L,300.1,308.4,41.14608122288197,31.6,108.0,False,False,False,False,False,False
2034,H31447,H,300.1,308.5,36.864617182333525,47.6,85.0,False,False,False,False,False,False
7572,L54751,L,300.3,311.1,40.07492981902776,30.9,108.0,False,False,False,False,False,False
8195,L55374,L,299.4,310.7,37.76241517699841,45.7,213.0,False,False,False,False,False,False
6658,L53837,L,301.4,310.3,37.067505985701274,47.6,176.0,False,False,False,False,False,False
5777,L52956,L,301.6,311.1,36.40054944640259,49.2,104.0,False,False,False,False,False,False
8338,M23197,M,298.8,309.7,39.8622628559895,35.3,149.0,False,False,False,False,False,False
4507,M19366,M,302.4,310.1,38.98717737923585,36.6,97.0,False,False,False,False,False,False
7432,M22291,M,300.0,311.4,36.76955262170047,61.8,10.0,False,False,False,False,False,False
4210,M19069,M,302.2,310.8,37.70941526992961,47.0,3.0,False,False,False,False,False,False
2704,M17563,M,300.1,309.2,37.04051835490427,58.2,65.0,False,False,False,False,False,False
4123,L51302,L,302.2,310.6,38.23610858861032,43.6,0.0,False,False,False,False,False,False
128,L47307,L,298.9,308.6,37.589892258425,46.5,122.0,False,False,False,False,False,False
5660,M20519,M,300.1,311.5,40.91454509095757,30.0,12.0,False,False,False,False,False,False
7763,M22622,M,300.3,311.5,37.416573867739416,43.8,0.0,False,False,False,False,False,False
2953,H32366,H,300.7,309.5,40.82891132518721,30.5,29.0,False,False,False,False,False,False
8398,L55577,L,298.5,309.6,41.52107898405339,26.4,100.0,False,False,False,False,False,False
8403,L55582,L,298.5,309.5,37.013511046643494,52.4,113.0,False,False,False,False,False,False
6176,L53355,L,300.9,310.8,38.948684188300895,44.3,4.0,False,False,False,False,False,False
3743,L50922,L,302.4,311.4,39.54743986657038,35.0,122.0,False,False,False,False,False,False
1155,L48334,L,300.1,307.9,40.32369030731191,29.9,177.0,False,False,False,False,False,False
8215,L55394,L,299.2,310.5,37.296112397943034,45.8,38.0,False,False,False,False,False,False
1639,L48818,L,297.9,307.8,37.376463182061514,45.0,104.0,False,False,False,False,False,False
504,M15363,M,297.6,309.2,37.97367509209505,48.1,0.0,False,False,False,False,False,False
6178,L53357,L,301.0,310.8,39.07684736515984,45.3,108.0,False,False,False,False,False,False
1929,L49108,L,298.0,310.1,40.28647415696737,29.9,24.0,False,False,False,False,False,False
7754,M22613,M,300.5,311.8,39.88734135035826,42.0,182.0,False,False,False,False,False,False
2292,M17151,M,299.5,308.8,43.42810150121693,20.9,117.0,False,False,False,False,False,False
2295,L49474,L,299.4,310.1,40.33608806019741,32.6,124.0,False,False,False,False,False,False
8409,M23268,M,298.5,309.6,39.64845520319802,33.0,127.0,False,False,False,False,False,False
5924,M20783,M,300.4,310.3,39.20459156782532,35.0,33.0,False,False,False,False,False,False
4888,L52067,L,303.7,312.5,38.48376280978771,33.3,182.0,False,False,False,False,False,False
9671,L56850,L,299.0,310.1,41.10960958218893,30.7,244.0,False,False,False,False,False,False
5439,L52618,L,302.9,312.5,41.02438299353203,32.1,85.0,False,False,False,False,False,False
8643,M23502,M,297.5,308.4,39.949968710876355,36.6,80.0,False,False,False,False,False,False
9607,L56786,L,298.9,310.1,37.429934544425805,44.4,76.0,False,False,False,False,False,False
5135,L52314,L,304.1,313.3,37.92097045171708,45.5,188.0,False,False,False,False,False,False
8889,M23748,M,297.7,310.1,39.11521443121589,39.1,108.0,False,False,False,False,False,False
21,H29434,H,298.9,309.3,37.080992435478315,42.7,58.0,False,False,False,False,False,False
6276,L53455,L,301.3,310.8,40.34848200366403,32.2,43.0,False,False,False,False,False,False
2033,L49212,L,298.8,310.1,38.0,42.2,83.0,False,False,False,False,False,False
7230,L54409,L,299.8,309.8,41.82104733265297,33.4,108.0,False,False,False,False,False,False
1604,M16463,M,297.8,307.8,40.27406113120453,32.1,18.0,False,False,False,False,False,False
1513,H30926,H,298.0,308.7,38.768543949960254,36.3,5.0,False,False,False,False,False,False
583,L47762,L,297.8,310.1,36.61966684720111,49.2,208.0,False,False,False,False,False,False
2375,M17234,M,299.2,308.4,39.21734310225516,38.0,98.0,False,False,False,False,False,False
5566,L52745,L,302.4,311.9,40.87786687193939,29.9,204.0,False,False,False,False,False,False
5674,L52853,L,302.2,311.6,38.23610858861032,50.0,51.0,False,False,False,False,False,False
3257,L50436,L,301.1,309.8,38.97435053981015,39.6,167.0,False,False,False,False,False,False
3100,M17959,M,299.9,309.1,38.897300677553446,43.8,188.0,False,False,False,False,False,False
3583,L50762,L,301.8,310.6,37.3496987939662,50.5,131.0,False,False,False,False,False,False
8454,L55633,L,298.6,310.1,39.54743986657038,37.1,30.0,False,False,False,False,False,False
5267,M20126,M,303.4,312.8,38.961519477556315,38.7,103.0,False,False,False,False,False,False
9892,L57071,L,298.8,309.5,37.067505985701274,48.1,159.0,False,False,False,False,False,False
3356,L50535,L,301.5,310.8,36.9729630946723,49.0,193.0,False,False,False,False,False,False
8065,L55244,L,300.5,311.8,39.949968710876355,34.8,87.0,False,False,False,False,False,False
2711,L49890,L,299.6,309.1,39.67366884975475,39.2,83.0,False,False,False,False,False,False
2271,L49450,L,299.3,310.1,37.907782842049734,48.1,67.0,False,False,False,False,False,False
4894,M19753,M,303.8,312.5,38.05259518088089,44.3,195.0,False,False,False,False,False,False
4852,L52031,L,303.7,310.1,36.91882988394946,51.8,90.0,True,False,True,False,False,False
8129,L55308,L,300.1,311.4,40.36087214122113,31.3,41.0,False,False,False,False,False,False
2226,M17085,M,299.7,309.0,38.27531841800928,49.0,158.0,False,False,False,False,False,False
2980,L50159,L,300.5,309.5,39.26830783214372,38.5,108.0,False,False,False,False,False,False
9962,L57141,L,298.2,307.9,37.403208418530085,54.9,139.0,False,False,False,False,False,False
9344,M24203,M,298.3,308.8,37.296112397943034,50.4,108.0,False,False,False,False,False,False
5398,M20257,M,302.8,312.3,37.62977544445356,42.7,241.0,False,False,False,False,False,False
3302,L50481,L,300.1,310.5,36.945906403822335,47.7,70.0,False,False,False,False,False,False
2338,L49517,L,299.2,308.4,43.32435804486894,23.9,4.0,False,False,False,False,False,False
2309,L49488,L,299.1,308.5,37.027017163147235,55.5,159.0,False,False,False,False,False,False
6511,L53690,L,301.1,310.2,38.144462245521304,55.3,9.0,False,False,False,False,False,False
6114,M20973,M,300.7,310.8,41.52107898405339,30.0,76.0,False,False,False,False,False,False
2577,L49756,L,299.5,309.3,39.02563260217571,41.5,181.0,False,False,False,False,False,False
133,M14992,M,298.7,308.4,37.960505792204614,43.2,132.0,False,False,False,False,False,False
667,L47846,L,297.5,309.0,38.34057902536163,43.5,191.0,False,False,False,False,False,False
8428,L55607,L,299.1,310.4,38.79432948254165,46.1,176.0,False,False,False,False,False,False
2112,L49291,L,300.1,309.0,37.89459064299283,47.9,75.0,False,False,False,False,False,False
963,M15822,M,295.8,306.6,38.47076812334269,43.2,92.0,False,False,False,False,False,False
7967,L55146,L,301.0,312.2,40.024992192379,35.9,67.0,False,False,False,False,False,False
5879,L53058,L,301.4,311.0,39.153543900903784,45.8,125.0,False,False,False,False,False,False
6410,L53589,L,300.3,310.0,39.496835316262995,40.8,182.0,False,False,False,False,False,False
8792,M23651,M,297.4,308.5,37.57658845611187,45.5,49.0,False,False,False,False,False,False
1465,L48644,L,298.8,310.0,37.57658845611187,46.3,107.0,False,False,False,False,False,False
780,L47959,L,296.8,308.0,40.8166632639171,29.8,41.0,False,False,False,False,False,False
4006,M18865,M,302.0,311.1,37.49666651850535,48.8,159.0,False,False,False,False,False,False
8813,M23672,M,297.2,308.4,37.12142238654117,41.9,97.0,False,False,False,False,False,False
9284,M24143,M,298.3,309.0,42.44997055358225,27.5,71.0,False,False,False,False,False,False
5004,L52183,L,303.7,312.8,37.907782842049734,51.3,42.0,False,False,False,False,False,False
9964,L57143,L,298.3,307.9,37.881393849751625,39.9,143.0,False,False,False,False,False,False
4987,L52166,L,303.7,312.9,38.7556447501522,40.5,0.0,False,False,False,False,False,False
8097,M22956,M,300.2,311.7,39.433488306260706,37.4,169.0,False,False,False,False,False,False
9424,L56603,L,298.1,310.1,40.93897898091744,30.5,22.0,False,False,False,False,False,False
1441,M16300,M,298.8,309.9,41.72529209005013,27.7,50.0,False,False,False,False,False,False
844,L48023,L,296.6,307.5,38.535697735995385,42.7,204.0,False,False,False,False,False,False
4699,L51878,L,303.4,311.6,39.54743986657038,41.9,137.0,False,False,False,False,False,False
562,M15421,M,300.1,309.4,40.963398296528084,34.4,148.0,False,False,False,False,False,False
9741,M24600,M,298.9,310.1,40.681691213615984,31.5,172.0,False,False,False,False,False,False
5947,L53126,L,300.7,310.8,38.67815921162743,46.4,90.0,False,False,False,False,False,False
8422,L55601,L,298.9,310.3,38.67815921162743,36.3,161.0,False,False,False,False,False,False
7228,L54407,L,299.7,309.6,41.47288270665544,27.1,146.0,False,False,False,False,False,False
2291,M17150,M,299.5,308.7,36.345563690772494,51.9,114.0,False,False,False,False,False,False
137,H29550,H,298.7,308.5,37.68288736283355,45.7,143.0,False,False,False,False,False,False
7691,M22550,M,300.1,311.6,39.71145930332956,36.5,4.0,False,False,False,False,False,False
1129,M15988,M,300.1,307.9,42.930175867331364,25.2,116.0,False,False,False,False,False,False
6491,L53670,L,300.7,309.9,37.1887079635741,44.5,176.0,False,False,False,False,False,False
7328,M22187,M,299.9,310.5,39.698866482558415,39.4,183.0,False,False,False,False,False,False
1473,M16332,M,298.5,309.6,37.92097045171708,44.5,108.0,False,False,False,False,False,False
4476,L51655,L,302.7,310.1,36.75595189897821,41.8,10.0,True,False,True,False,False,False
3575,L50754,L,300.1,310.6,37.49666651850535,46.0,112.0,False,False,False,False,False,False
8809,L55988,L,297.4,308.6,38.02630668366309,48.1,88.0,False,False,False,False,False,False
2162,L49341,L,299.4,309.1,38.262252939417984,40.5,215.0,False,False,False,False,False,False
367,M15226,M,297.6,308.5,39.395431207184416,40.9,90.0,False,False,False,False,False,False
4181,L51360,L,302.4,310.8,41.060930335295616,28.8,150.0,False,False,False,False,False,False
9346,L56525,L,298.2,308.8,37.97367509209505,47.0,18.0,False,False,False,False,False,False
6434,L53613,L,300.3,309.9,39.6232255123179,34.0,31.0,False,False,False,False,False,False
5234,L52413,L,303.6,312.9,38.07886552931954,45.3,29.0,False,False,False,False,False,False
7641,L54820,L,300.4,311.3,40.099875311526844,35.1,114.0,False,False,False,False,False,False
8125,L55304,L,300.2,311.4,39.59797974644666,41.0,32.0,False,False,False,False,False,False
2854,M17713,M,300.5,309.3,39.230090491866065,39.1,216.0,False,False,False,False,False,False
7865,L55044,L,300.5,311.9,36.46916505762094,59.5,33.0,False,False,False,False,False,False
6433,M21292,M,300.3,310.1,38.03945320322047,46.5,28.0,False,False,False,False,False,False
6442,L53621,L,300.7,310.2,40.48456495999432,31.4,48.0,False,False,False,False,False,False
4880,H34293,H,303.7,312.5,38.98717737923585,35.6,154.0,False,False,False,False,False,False
9742,L56921,L,298.9,310.1,38.66522985836241,42.9,175.0,False,False,False,False,False,False
3808,M18667,M,302.3,311.0,39.319206502675,35.5,70.0,False,False,False,False,False,False
792,L47971,L,296.8,307.9,40.13726448077895,35.4,72.0,False,False,False,False,False,False
3090,H32503,H,300.1,310.1,38.98717737923585,38.2,158.0,False,False,False,False,False,False
2131,L49310,L,299.4,310.1,37.296112397943034,58.2,135.0,False,False,False,False,False,False
9683,L56862,L,299.1,310.0,37.33630940518894,46.6,27.0,False,False,False,False,False,False
8169,L55348,L,299.7,311.1,41.10960958218893,30.6,148.0,False,False,False,False,False,False
9411,M24270,M,298.0,308.5,40.8166632639171,31.0,108.0,False,False,False,False,False,False
4745,L51924,L,303.3,310.1,37.322915213043046,47.4,108.0,False,False,False,False,False,False
3735,M18594,M,302.2,311.2,43.278170016764804,24.0,99.0,False,False,False,False,False,False
7404,L54583,L,299.8,310.8,37.094473981982816,48.6,108.0,False,False,False,False,False,False
1567,M16426,M,298.0,308.1,37.456641600656084,44.8,148.0,False,False,False,False,False,False
478,H29891,H,297.4,310.1,38.31448812133603,41.4,156.0,False,False,False,False,False,False
1822,L49001,L,298.1,307.6,36.796738985948195,43.3,155.0,False,False,False,False,False,False
2366,L49545,L,299.4,308.5,42.95346318982906,22.9,76.0,False,False,False,False,False,False
1468,L48647,L,298.6,309.8,39.293765408777,30.2,113.0,False,False,False,False,False,False
5889,M20748,M,301.5,311.1,38.82009788756334,38.6,149.0,False,False,False,False,False,False
947,L48126,L,295.6,310.1,35.874782229304195,54.8,49.0,False,False,False,False,False,False
7060,L54239,L,300.6,310.5,40.54626986542659,33.8,148.0,False,False,False,False,False,False
2409,L49588,L,299.0,308.4,36.823905279043935,52.6,188.0,False,False,False,False,False,False
9356,L56535,L,298.3,308.9,41.32795663954365,28.0,42.0,False,False,False,False,False,False
7590,L54769,L,300.4,311.0,42.44997055358225,26.0,197.0,False,False,False,False,False,False
7199,M22058,M,300.0,309.9,39.11521443121589,34.5,71.0,False,False,False,False,False,False
6079,L53258,L,300.8,310.1,36.59234892706397,59.1,203.0,True,False,False,False,True,False
2190,H31603,H,299.7,309.2,39.42080668885405,41.6,62.0,False,False,False,False,False,False
5807,L52986,L,300.1,310.1,37.94733192202055,45.4,177.0,False,False,False,False,False,False
5100,L52279,L,304.2,310.1,37.92097045171708,50.1,100.0,False,False,False,False,False,False
1606,L48785,L,297.8,307.8,37.36308338453881,42.5,23.0,False,False,False,False,False,False
1042,L48221,L,296.6,307.6,42.532340636273474,25.1,86.0,False,False,False,False,False,False
8123,M22982,M,300.1,311.6,39.153543900903784,46.4,24.0,False,False,False,False,False,False
8472,L55651,L,298.6,309.8,36.49657518178932,46.4,76.0,False,False,False,False,False,False
7137,M21996,M,300.5,309.9,36.64696440361739,63.7,124.0,False,False,False,False,False,False
1977,M16836,M,298.1,307.7,37.66961640367472,47.4,142.0,False,False,False,False,False,False
3579,M18438,M,301.7,310.5,40.311288741492746,35.9,121.0,False,False,False,False,False,False
4246,M19105,M,302.6,311.1,38.98717737923585,43.0,88.0,False,False,False,False,False,False
2690,L49869,L,300.0,310.1,40.50925820105819,30.1,35.0,False,False,False,False,False,False
414,L47593,L,297.4,308.4,39.66106403010388,34.5,205.0,False,False,False,False,False,False
2407,L49586,L,299.1,308.6,37.907782842049734,41.6,183.0,False,False,False,False,False,False
475,L47654,L,297.4,309.1,38.44476557348217,49.8,150.0,False,False,False,False,False,False
5357,H34770,H,303.3,312.6,41.13392760240627,29.0,125.0,False,False,False,False,False,False
5790,M20649,M,301.8,311.5,37.62977544445356,49.0,136.0,False,False,False,False,False,False
900,H30313,H,300.1,306.2,36.45545226711637,55.3,135.0,False,False,False,False,False,False
4562,L51741,L,302.9,310.8,40.124805295477756,32.2,17.0,False,False,False,False,False,False
7758,M22617,M,300.3,311.7,41.50903516103452,28.3,193.0,False,False,False,False,False,False
6226,M21085,M,301.2,311.0,37.73592452822641,41.4,131.0,False,False,False,False,False,False
6229,L53408,L,301.2,310.9,37.589892258425,50.1,141.0,False,False,False,False,False,False
6755,L53934,L,301.8,311.1,38.66522985836241,36.9,197.0,False,False,False,False,False,False
3779,M18638,M,302.4,311.1,36.959437225152655,54.4,0.0,False,False,False,False,False,False
3445,L50624,L,301.5,310.6,37.16180835212409,50.7,206.0,False,False,False,False,False,False
5401,L52580,L,302.7,312.4,38.43175770115127,46.3,251.0,True,False,False,False,True,False
2100,L49279,L,300.1,309.3,39.949968710876355,31.8,40.0,False,False,False,False,False,False
4252,H33665,H,300.1,310.9,36.823905279043935,55.5,101.0,True,False,True,False,False,False
9604,M24463,M,298.9,310.1,39.35733730830886,40.2,65.0,False,False,False,False,False,False
8460,L55639,L,298.7,310.1,40.63249930782009,29.5,42.0,False,False,False,False,False,False
7777,M22636,M,300.3,311.5,38.01315561749642,47.3,40.0,False,False,False,False,False,False
579,L47758,L,297.8,309.8,39.153543900903784,36.8,198.0,False,False,False,False,False,False
3775,M18634,M,302.4,311.1,38.47076812334269,45.7,200.0,False,False,False,False,False,False
3044,L50223,L,300.1,309.5,39.382737335030434,37.9,42.0,False,False,False,False,False,False
8030,M22889,M,300.6,311.9,40.36087214122113,35.3,0.0,False,False,False,False,False,False
7476,H36889,H,300.3,311.6,36.59234892706397,53.4,123.0,False,False,False,False,False,False
454,L47633,L,297.4,308.7,38.8587184554509,36.2,92.0,False,False,False,False,False,False
8949,M23808,M,297.4,308.3,38.50973902793941,41.9,47.0,False,False,False,False,False,False
9251,H38664,H,298.3,309.0,42.69660408041839,25.9,181.0,False,False,False,False,False,False
6905,M21764,M,300.9,311.5,41.27953488110059,31.3,159.0,False,False,False,False,False,False
4672,L51851,L,303.3,310.1,38.87158345115362,43.4,65.0,False,False,False,False,False,False
1899,L49078,L,297.8,307.5,37.04051835490427,54.1,157.0,False,False,False,False,False,False
8418,H37831,H,300.1,310.1,41.27953488110059,30.7,150.0,False,False,False,False,False,False
6524,M21383,M,301.1,310.2,43.01162633521314,27.7,44.0,False,False,False,False,False,False
7946,L55125,L,300.8,311.7,40.681691213615984,32.2,12.0,False,False,False,False,False,False
462,L47641,L,300.1,308.7,37.44329045369811,40.2,114.0,False,False,False,False,False,False
1342,M16201,M,298.6,310.2,36.4417343165772,50.5,12.0,False,False,False,False,False,False
2476,L49655,L,298.9,308.5,38.19685850956856,43.1,147.0,False,False,False,False,False,False
9022,M23881,M,297.4,308.2,39.191835884530846,34.6,4.0,False,False,False,False,False,False
1038,H30451,H,296.4,307.5,39.949968710876355,35.1,75.0,False,False,False,False,False,False
1940,M16799,M,298.1,307.9,36.09709129556009,53.9,52.0,False,False,False,False,False,False
7746,L54925,L,300.4,311.7,38.2099463490856,39.6,162.0,False,False,False,False,False,False
9032,H38445,H,297.5,308.4,42.34383071948026,23.9,28.0,False,False,False,False,False,False
6560,H35973,H,301.5,310.6,38.88444419044716,39.0,143.0,False,False,False,False,False,False
7433,L54612,L,300.1,311.4,38.52272056851645,43.1,13.0,False,False,False,False,False,False
6801,M21660,M,301.1,310.6,36.193922141707716,48.8,103.0,False,False,False,False,False,False
9953,L57132,L,298.2,307.8,37.8021163428716,46.9,117.0,False,False,False,False,False,False
9804,L56983,L,298.4,309.2,41.13392760240627,29.8,137.0,False,False,False,False,False,False
8546,L55725,L,298.4,309.3,42.49705872175156,27.6,64.0,False,False,False,False,False,False
7418,M22277,M,300.1,311.3,38.66522985836241,41.0,193.0,False,False,False,False,False,False
9528,L56707,L,299.1,310.4,39.370039370059054,43.9,108.0,False,False,False,False,False,False
6213,L53392,L,300.8,310.6,37.44329045369811,53.7,93.0,False,False,False,False,False,False
3026,L50205,L,300.5,309.6,36.959437225152655,50.2,219.0,False,False,False,False,False,False
8466,M23325,M,298.7,309.8,38.40572873934304,40.5,59.0,False,False,False,False,False,False
8570,L55749,L,300.1,308.6,41.916583830269374,27.5,108.0,False,False,False,False,False,False
9216,L56395,L,297.9,308.8,41.0,31.7,94.0,False,False,False,False,False,False
5857,H35270,H,301.2,310.9,39.97499218261337,35.9,71.0,False,False,False,False,False,False
5812,L52991,L,301.3,311.1,38.13135192987524,40.3,191.0,False,False,False,False,False,False
4867,L52046,L,303.6,310.1,42.20189569201838,28.7,124.0,False,False,False,False,False,False
1347,L48526,L,298.6,310.1,39.153543900903784,33.9,24.0,False,False,False,False,False,False
6754,L53933,L,301.6,310.9,37.21558813185679,50.7,195.0,False,False,False,False,False,False
9756,H39169,H,300.1,309.7,39.50949253027682,35.3,208.0,False,False,False,False,False,False
7307,L54486,L,300.1,310.5,36.823905279043935,45.8,126.0,False,False,False,False,False,False
7367,H36780,H,299.6,310.1,39.1279950930277,36.8,62.0,False,False,False,False,False,False
5178,H34591,H,304.0,313.1,37.255872020394314,53.2,91.0,False,False,False,False,False,False
6806,M21665,M,301.0,310.7,38.691084244306204,37.6,116.0,False,False,False,False,False,False
7256,M22115,M,300.2,310.3,41.27953488110059,29.4,221.0,False,False,False,False,False,False
1912,M16771,M,298.1,307.8,36.27671429443411,57.2,108.0,False,False,False,False,False,False
3137,L50316,L,300.4,310.1,37.881393849751625,54.8,70.0,False,False,False,False,False,False
6004,L53183,L,300.4,310.2,39.102429592034305,36.2,10.0,False,False,False,False,False,False
8548,M23407,M,298.4,309.4,40.8166632639171,24.3,108.0,False,False,False,False,False,False
5670,M20529,M,302.2,311.5,38.45776904605882,39.5,36.0,False,False,False,False,False,False
5290,M20149,M,303.9,313.3,38.82009788756334,34.3,161.0,False,False,False,False,False,False
5970,M20829,M,300.4,310.8,38.61346915261564,35.9,148.0,False,False,False,False,False,False
1987,L49166,L,298.1,307.6,38.704004960727254,42.9,171.0,False,False,False,False,False,False
1530,L48709,L,298.1,309.0,39.45883931389772,36.0,56.0,False,False,False,False,False,False
6307,L53486,L,301.0,310.4,39.534794801541594,34.4,108.0,False,False,False,False,False,False
5036,M19895,M,304.0,313.2,38.72983346207417,40.6,124.0,False,False,False,False,False,False
5078,L52257,L,304.3,313.3,42.13074886588179,24.9,108.0,False,False,False,False,False,False
9126,L56305,L,297.4,308.5,39.61060464067672,34.2,72.0,False,False,False,False,False,False
9538,M24397,M,299.3,310.6,38.17066936798463,42.1,104.0,False,False,False,False,False,False
3551,M18410,M,301.9,311.0,37.841775856849004,41.5,51.0,False,False,False,False,False,False
6977,L54156,L,300.6,310.9,36.66060555964672,46.7,133.0,False,False,False,False,False,False
1872,L49051,L,298.3,308.1,42.89522117905443,21.5,88.0,False,False,False,False,False,False
663,M15522,M,297.6,308.9,38.45776904605882,38.1,182.0,False,False,False,False,False,False
2221,M17080,M,299.6,309.0,41.66533331199932,26.1,146.0,False,False,False,False,False,False
6166,L53345,L,300.9,310.1,39.02563260217571,35.8,205.0,False,False,False,False,False,False
332,M15191,M,297.6,308.4,37.296112397943034,51.9,218.0,False,False,False,False,False,False
5312,H34725,H,303.7,312.9,38.2099463490856,49.8,2.0,False,False,False,False,False,False
3173,M18032,M,300.3,309.6,38.57460304397182,41.3,172.0,False,False,False,False,False,False
2732,M17591,M,299.7,309.2,39.96248240537617,32.9,135.0,False,False,False,False,False,False
2191,M17050,M,299.6,309.1,38.353617821530214,44.3,67.0,False,False,False,False,False,False
5386,H34799,H,302.9,310.1,41.88078318274385,26.9,209.0,False,False,False,False,False,False
2171,M17030,M,299.4,309.1,38.72983346207417,43.3,10.0,False,False,False,False,False,False
7000,M21859,M,300.6,310.7,38.17066936798463,36.7,193.0,False,False,False,False,False,False
633,H30046,H,298.3,310.0,37.66961640367472,47.1,105.0,False,False,False,False,False,False
9198,M24057,M,297.9,308.8,38.3275357934736,49.0,51.0,False,False,False,False,False,False
343,L47522,L,297.4,310.1,38.353617821530214,46.5,25.0,False,False,False,False,False,False
1237,H30650,H,297.1,308.4,36.864617182333525,46.6,176.0,False,False,False,False,False,False
719,L47898,L,297.5,308.8,38.43175770115127,39.0,127.0,False,False,False,False,False,False
3829,M18688,M,302.3,310.8,41.97618372363071,27.8,127.0,False,False,False,False,False,False
9273,L56452,L,298.2,308.6,36.78314831549904,54.1,38.0,False,False,False,False,False,False
5338,M20197,M,303.3,312.6,38.49675310984031,44.4,73.0,False,False,False,False,False,False
8662,L55841,L,297.4,308.5,40.53393639902249,33.8,132.0,False,False,False,False,False,False
1517,L48696,L,298.2,308.9,35.749125863438955,54.0,18.0,False,False,False,False,False,False
9794,H39207,H,298.5,309.4,37.603191353926334,46.7,102.0,False,False,False,False,False,False
5069,M19928,M,304.3,313.3,39.242833740697165,39.0,14.0,False,False,False,False,False,False
8053,L55232,L,300.5,311.9,37.456641600656084,45.7,54.0,False,False,False,False,False,False
125,L47304,L,298.9,308.7,41.557189510360296,29.4,116.0,False,False,False,False,False,False
3820,L50999,L,302.2,310.1,39.585350825778974,36.4,100.0,False,False,False,False,False,False
4338,L51517,L,300.1,309.9,37.94733192202055,43.4,100.0,False,False,False,False,False,False
9264,L56443,L,298.3,309.1,39.91240408695021,40.1,18.0,False,False,False,False,False,False
4483,H33896,H,302.7,310.5,39.59797974644666,36.9,28.0,False,False,False,False,False,False
6651,L53830,L,301.6,310.4,39.50949253027682,35.3,156.0,False,False,False,False,False,False
1583,H30996,H,298.1,308.3,39.11521443121589,42.0,184.0,False,False,False,False,False,False
3983,L51162,L,300.1,311.3,38.40572873934304,48.6,104.0,False,False,False,False,False,False
1394,L48573,L,299.1,310.1,39.92492955535426,33.3,147.0,False,False,False,False,False,False
6986,H36399,H,300.8,311.1,41.20679555607303,24.8,156.0,False,False,False,False,False,False
6629,L53808,L,301.6,310.5,39.91240408695021,34.5,102.0,False,False,False,False,False,False
2714,M17573,M,299.6,309.2,40.63249930782009,30.8,92.0,False,False,False,False,False,False
5562,M20421,M,302.3,311.7,36.61966684720111,46.3,194.0,False,False,False,False,False,False
8072,L55251,L,300.5,312.0,40.570925550201586,29.5,106.0,False,False,False,False,False,False
6256,L53435,L,300.1,310.5,37.134889255254286,57.3,204.0,True,False,False,False,True,False
9171,L56350,L,297.7,308.7,38.39270764090493,46.8,188.0,False,False,False,False,False,False
191,L47370,L,298.2,308.4,38.43175770115127,49.9,72.0,False,False,False,False,False,False
705,L47884,L,297.7,308.9,38.93584466786357,33.7,92.0,False,False,False,False,False,False
8921,L56100,L,297.1,308.3,38.67815921162743,45.8,190.0,False,False,False,False,False,False
7595,L54774,L,300.6,311.3,39.1279950930277,38.5,0.0,False,False,False,False,False,False
3351,L50530,L,301.4,310.8,35.84689665786984,62.6,183.0,True,False,False,False,True,False
8688,M23547,M,297.2,310.1,40.049968789001575,34.9,200.0,False,False,False,False,False,False
2178,M17037,M,299.6,309.2,37.322915213043046,47.7,28.0,False,False,False,False,False,False
6894,L54073,L,301.0,311.6,38.34057902536163,43.4,133.0,False,False,False,False,False,False
7501,L54680,L,300.2,311.8,37.54996671103717,51.4,189.0,False,False,False,False,False,False
3967,L51146,L,302.3,311.5,39.11521443121589,37.8,57.0,False,False,False,False,False,False
7809,L54988,L,299.9,311.4,40.33608806019741,36.7,118.0,False,False,False,False,False,False
4237,L51416,L,302.2,310.9,40.049968789001575,40.5,68.0,False,False,False,False,False,False
5906,H35319,H,300.8,310.5,39.774363602702685,31.1,193.0,False,False,False,False,False,False
2087,H31500,H,299.4,309.3,37.93415347678132,49.7,9.0,False,False,False,False,False,False
363,H29776,H,297.6,308.3,40.496913462633174,30.9,108.0,False,False,False,False,False,False
6871,H36284,H,301.0,311.3,39.96248240537617,39.2,66.0,False,False,False,False,False,False
6546,M21405,M,301.4,310.8,41.689327171351664,30.3,104.0,False,False,False,False,False,False
9242,L56421,L,298.1,308.7,41.02438299353203,29.1,161.0,False,False,False,False,False,False
4138,L51317,L,301.7,310.1,37.20215047547655,50.5,38.0,False,False,False,False,False,False
1312,L48491,L,298.9,310.1,39.83716857408418,30.2,162.0,False,False,False,False,False,False
1737,L48916,L,298.4,307.9,39.293765408777,35.9,132.0,False,False,False,False,False,False
9129,M23988,M,297.5,308.6,38.54867053479276,45.9,78.0,False,False,False,False,False,False
4368,H33781,H,302.0,309.9,38.03945320322047,42.8,185.0,False,False,False,False,False,False
2978,L50157,L,300.4,309.3,37.589892258425,50.3,101.0,False,False,False,False,False,False
5571,M20430,M,302.4,312.1,38.62641583165593,47.7,7.0,False,False,False,False,False,False
136,M14995,M,298.8,308.5,41.36423575989287,28.5,140.0,False,False,False,False,False,False
1894,L49073,L,297.8,307.5,40.38564101261734,29.9,144.0,False,False,False,False,False,False
1588,M16447,M,298.2,308.3,38.05259518088089,43.3,199.0,False,False,False,False,False,False
5745,H35158,H,302.2,311.5,38.49675310984031,42.6,16.0,False,False,False,False,False,False
3426,M18285,M,301.5,310.5,40.28647415696737,33.5,157.0,False,False,False,False,False,False
8267,L55446,L,299.1,310.6,42.638011210655684,24.1,173.0,False,False,False,False,False,False
8957,L56136,L,297.4,308.1,36.71511950137164,57.4,66.0,False,False,False,False,False,False
5880,L53059,L,301.4,311.0,41.24318125460256,28.4,127.0,False,False,False,False,False,False
8018,L55197,L,301.0,312.0,38.961519477556315,39.3,196.0,False,False,False,False,False,False
6263,L53442,L,301.0,310.6,40.50925820105819,33.4,12.0,False,False,False,False,False,False
3453,H32866,H,301.6,310.5,40.024992192379,32.3,2.0,False,False,False,False,False,True
7430,L54609,L,300.0,311.4,39.87480407475377,33.6,5.0,False,False,False,False,False,False
3190,L50369,L,300.1,310.1,39.382737335030434,33.7,214.0,False,False,False,False,False,False
613,L47792,L,298.1,309.9,39.534794801541594,32.8,51.0,False,False,False,False,False,False
1847,H31260,H,300.1,307.3,38.91015291668744,38.6,19.0,False,False,False,False,False,False
9067,L56246,L,297.2,308.3,40.69397989875161,30.3,124.0,False,False,False,False,False,False
6729,L53908,L,301.5,310.9,43.485629810317796,23.2,122.0,False,False,False,False,False,False
657,M15516,M,297.7,309.1,41.617304093369626,28.1,167.0,False,False,False,False,False,False
5960,L53139,L,300.6,310.8,37.12142238654117,51.2,119.0,False,False,False,False,False,False
8979,L56158,L,296.9,307.6,37.881393849751625,45.0,119.0,False,False,False,False,False,False
4258,M19117,M,302.6,311.0,39.8622628559895,39.0,122.0,False,False,False,False,False,False
8171,L55350,L,299.9,311.3,39.01281840626232,45.7,153.0,False,False,False,False,False,False
245,M15104,M,298.0,308.2,37.3496987939662,49.1,206.0,False,False,False,False,False,False
2718,M17577,M,299.5,309.1,37.70941526992961,45.3,103.0,False,False,False,False,False,False
6044,M20903,M,300.7,310.9,38.31448812133603,41.8,112.0,False,False,False,False,False,False
8244,H37657,H,299.1,310.4,37.0,54.5,104.0,False,False,False,False,False,False
9946,L57125,L,298.3,308.0,39.72404813208241,37.8,101.0,False,False,False,False,False,False
6046,L53225,L,300.8,310.9,36.207733980463345,55.8,118.0,False,False,False,False,False,False
7778,L54957,L,300.3,311.5,41.1703777004778,25.6,43.0,False,False,False,False,False,False
9059,M23918,M,300.1,308.3,36.41428291206625,57.2,100.0,False,False,False,False,False,False
5530,M20389,M,302.4,311.8,39.230090491866065,39.9,101.0,False,False,False,False,False,False
3952,M18811,M,302.3,310.1,39.63584236521283,32.7,17.0,False,False,False,False,False,False
6700,M21559,M,301.7,310.8,38.93584466786357,40.4,48.0,False,False,False,False,False,False
6983,L54162,L,300.7,311.1,37.94733192202055,43.0,148.0,False,False,False,False,False,False
8501,L55680,L,298.3,309.5,41.36423575989287,30.3,148.0,False,False,False,False,False,False
7877,H37290,H,300.7,312.2,36.53765181289022,49.0,62.0,False,False,False,False,False,False
1561,M16420,M,298.2,308.4,38.8587184554509,39.9,134.0,False,False,False,False,False,False
4328,H33741,H,301.7,310.1,40.74309757492672,29.3,72.0,False,False,False,False,False,False
8005,L55184,L,300.9,310.1,39.153543900903784,44.0,162.0,False,False,False,False,False,False
7218,L54397,L,299.9,309.8,41.42463035441596,28.2,117.0,False,False,False,False,False,False
1570,M16429,M,298.1,308.2,40.66939881532551,35.3,155.0,False,False,False,False,False,False
7687,M22546,M,300.1,310.1,38.781438859330635,36.9,108.0,False,False,False,False,False,False
1172,H30585,H,297.0,308.1,38.948684188300895,41.4,222.0,False,False,False,False,False,False
2491,H31904,H,299.1,310.1,39.57271787481876,46.6,192.0,False,False,False,False,False,False
794,M15653,M,296.8,307.9,41.02438299353203,31.8,76.0,False,False,False,False,False,False
745,L47924,L,296.7,308.1,38.07886552931954,40.9,195.0,False,False,False,False,False,False
3053,L50232,L,300.1,309.2,37.69615364994153,42.5,61.0,False,False,False,False,False,False
2884,L50063,L,300.6,309.5,37.907782842049734,40.0,55.0,False,False,False,False,False,False
8226,L55405,L,300.1,310.5,39.14077158156185,36.6,62.0,False,False,False,False,False,False
3543,L50722,L,301.8,310.9,43.57751713900185,24.7,108.0,False,False,False,False,False,False
3355,L50534,L,301.6,310.9,39.48417404479927,40.2,191.0,False,False,False,False,False,False
3547,M18406,M,301.9,310.9,36.29049462324811,51.9,40.0,False,False,False,False,False,False
5132,L52311,L,304.1,313.3,38.1051177665153,43.9,182.0,False,False,False,False,False,False
6386,L53565,L,300.1,309.7,37.54996671103717,48.3,118.0,False,False,False,False,False,False
1436,H30849,H,298.8,309.9,39.06404996924922,42.1,30.0,False,False,False,False,False,False
6341,H35754,H,300.5,309.9,37.376463182061514,45.9,210.0,True,True,False,False,False,False
2152,M17011,M,299.3,308.7,35.90264614203248,51.5,185.0,False,False,False,False,False,False
6823,M21682,M,300.9,310.6,41.340053217188775,29.2,158.0,False,False,False,False,False,False
652,L47831,L,297.6,309.1,38.768543949960254,38.9,157.0,False,False,False,False,False,False
5703,L52882,L,302.3,311.7,39.293765408777,43.2,128.0,False,False,False,False,False,False
5908,H35321,H,300.8,310.4,37.66961640367472,46.4,200.0,False,False,False,False,False,False
4820,L51999,L,303.6,312.2,41.182520563948,30.7,5.0,False,False,False,False,False,False
7706,L54885,L,300.5,311.5,36.27671429443411,49.7,55.0,False,False,False,False,False,False
206,M15065,M,298.5,308.6,36.66060555964672,53.0,114.0,False,False,False,False,False,False
7118,L54297,L,300.9,310.5,39.6232255123179,40.1,79.0,False,False,False,False,False,False
897,L48076,L,295.5,306.1,39.66106403010388,35.1,129.0,False,False,False,False,False,False
703,M15562,M,297.7,308.9,39.1279950930277,48.3,84.0,False,False,False,False,False,False
5723,L52902,L,302.2,310.1,38.57460304397182,44.6,178.0,False,False,False,False,False,False
123,L47302,L,299.0,308.8,36.193922141707716,50.7,112.0,False,False,False,False,False,False
7950,M22809,M,300.7,311.5,39.61060464067672,36.4,20.0,False,False,False,False,False,False
839,H30252,H,296.6,310.1,37.49666651850535,41.5,189.0,False,False,False,False,False,False
9660,L56839,L,298.9,309.8,35.874782229304195,61.9,216.0,True,False,False,False,True,False
6444,L53623,L,300.8,310.3,39.20459156782532,33.3,52.0,False,False,False,False,False,False
6092,L53271,L,300.9,310.7,37.57658845611187,57.5,16.0,False,False,False,False,False,True
3410,M18269,M,301.2,310.4,41.19465984809196,30.0,120.0,False,False,False,False,False,False
3602,L50781,L,301.7,310.5,37.107950630558946,43.1,183.0,False,False,False,False,False,False
7373,L54552,L,299.6,310.2,38.379682124790975,42.7,81.0,False,False,False,False,False,False
1488,L48667,L,298.2,309.1,37.8021163428716,48.5,164.0,False,False,False,False,False,False
2757,L49936,L,299.7,309.2,42.20189569201838,29.6,201.0,False,False,False,False,False,False
4618,M19477,M,303.1,311.4,42.790185790669334,23.3,161.0,False,False,False,False,False,False
274,L47453,L,298.1,308.0,37.76241517699841,46.0,61.0,False,False,False,False,False,False
1400,L48579,L,299.0,310.2,39.153543900903784,43.5,159.0,False,False,False,False,False,False
9691,M24550,M,298.9,310.0,38.98717737923585,35.6,48.0,False,False,False,False,False,False
1179,L48358,L,297.3,308.5,37.389838191679836,60.4,12.0,False,False,False,False,False,False
2068,L49247,L,299.7,309.6,39.408120990476064,36.8,174.0,False,False,False,False,False,False
9552,L56731,L,299.4,310.1,37.296112397943034,48.9,139.0,False,False,False,False,False,False
4032,L51211,L,302.0,310.8,38.03945320322047,42.7,229.0,False,False,False,False,False,False
835,H30248,H,300.1,307.4,36.51027252705737,50.2,177.0,False,False,False,False,False,False
3957,M18816,M,302.3,311.4,38.72983346207417,40.2,30.0,False,False,False,False,False,False
660,L47839,L,297.6,309.1,38.06573262134856,49.1,174.0,False,False,False,False,False,False
6703,M21562,M,301.6,310.8,40.792156108742276,32.0,58.0,False,False,False,False,False,False
6639,L53818,L,301.5,310.5,38.118237105091836,44.2,129.0,False,False,False,False,False,False
4171,M19030,M,302.2,310.6,36.810324638611924,51.5,126.0,True,False,True,False,False,False
2250,L49429,L,299.2,310.1,37.97367509209505,46.5,11.0,False,False,False,False,False,False
9429,H38842,H,298.2,308.8,42.86023798347368,28.4,34.0,False,False,False,False,False,False
1330,H30743,H,298.8,310.1,40.779897008207364,30.4,209.0,False,False,False,False,False,False
3293,L50472,L,301.3,310.3,37.416573867739416,44.3,47.0,False,False,False,False,False,False
8254,L55433,L,299.1,310.4,40.70626487409524,31.0,129.0,False,False,False,False,False,False
524,L47703,L,297.4,309.4,37.429934544425805,45.9,49.0,False,False,False,False,False,False
8464,M23323,M,300.1,309.9,37.5632799419859,45.1,51.0,False,False,False,False,False,False
2093,L49272,L,299.4,309.2,38.0,48.2,24.0,False,False,False,False,False,False
1427,M16286,M,298.7,309.7,40.27406113120453,34.6,8.0,False,False,False,False,False,False
7668,L54847,L,300.6,311.7,39.08964057138413,43.9,185.0,False,False,False,False,False,False
79,L47258,L,298.8,308.9,37.389838191679836,51.5,0.0,False,False,False,False,False,False
6638,H36051,H,301.5,310.5,38.118237105091836,48.0,124.0,False,False,False,False,False,False
8700,M23559,M,297.3,308.7,40.681691213615984,34.1,21.0,False,False,False,False,False,False
3112,L50291,L,300.1,309.2,41.94043395102154,27.9,5.0,False,False,False,False,False,False
2157,M17016,M,299.4,308.9,38.17066936798463,41.5,201.0,False,False,False,False,False,False
4218,L51397,L,301.9,310.6,38.23610858861032,38.8,22.0,False,False,False,False,False,False
3130,L50309,L,300.1,309.6,40.52159917870962,34.5,53.0,False,False,False,False,False,False
4077,M18936,M,302.0,310.6,39.230090491866065,37.4,96.0,False,False,False,False,False,False
2692,L49871,L,300.0,309.6,37.82856063875548,47.7,39.0,False,False,False,False,False,False
2344,L49523,L,299.1,310.1,36.124783736376884,61.4,17.0,False,False,False,False,False,False
2397,M17256,M,299.1,308.5,39.89987468652001,34.2,153.0,False,False,False,False,False,False
8319,H37732,H,298.7,309.7,39.56008088970496,39.3,94.0,False,False,False,False,False,False
7348,L54527,L,299.6,310.2,40.33608806019741,36.6,17.0,False,False,False,False,False,False
8710,L55889,L,297.1,308.5,39.72404813208241,35.6,46.0,False,False,False,False,False,False
361,M15220,M,297.5,308.3,39.0,38.2,74.0,False,False,False,False,False,False
3800,L50979,L,302.2,310.9,38.80721582386451,34.0,49.0,False,False,False,False,False,False
3068,L50247,L,300.1,309.2,39.153543900903784,37.0,101.0,False,False,False,False,False,False
6033,L53212,L,300.7,310.8,41.88078318274385,27.7,84.0,False,False,False,False,False,False
6744,L53923,L,301.7,311.2,37.656340767525464,38.0,166.0,False,False,False,False,False,False
6727,L53906,L,301.5,310.8,38.72983346207417,41.0,118.0,False,False,False,False,False,False
872,L48051,L,295.8,310.1,36.59234892706397,53.2,67.0,False,False,False,False,False,False
5146,L52325,L,304.5,313.7,40.8656334834051,32.9,7.0,False,False,False,False,False,False
6351,L53530,L,300.1,309.7,36.90528417449187,49.1,23.0,False,False,False,False,False,False
6598,L53777,L,301.5,310.6,38.48376280978771,46.8,20.0,False,False,False,False,False,False
4630,L51809,L,303.0,311.2,41.65333119931706,26.1,194.0,False,False,False,False,False,False
4027,M18886,M,302.1,311.0,39.67366884975475,34.1,215.0,False,False,False,False,False,False
8468,L55647,L,298.6,309.8,41.27953488110059,28.3,64.0,False,False,False,False,False,False
4101,L51280,L,302.0,310.4,43.53159771935783,23.2,161.0,False,False,False,False,False,False
2949,L50128,L,300.7,309.5,43.01162633521314,24.5,19.0,False,False,False,False,False,False
8875,L56054,L,298.1,309.3,37.986839826445156,45.3,70.0,False,False,False,False,False,False
8777,L55956,L,297.5,308.6,36.76955262170047,52.6,12.0,False,False,False,False,False,False
7676,L54855,L,300.1,311.6,38.03945320322047,45.4,204.0,False,False,False,False,False,False
8433,L55612,L,298.8,310.0,39.20459156782532,39.9,190.0,False,False,False,False,False,False
6793,L53972,L,301.2,310.6,42.555845661906424,24.0,84.0,False,False,False,False,False,False
8280,L55459,L,298.8,310.6,42.46174749112429,25.4,209.0,False,False,False,False,False,False
8469,H37882,H,298.6,309.7,38.24918299781056,39.1,108.0,False,False,False,False,False,False
9483,H38896,H,298.8,309.6,36.180105030251084,57.4,185.0,False,False,False,False,False,False
2472,L49651,L,298.9,308.4,36.069377593742864,51.1,138.0,False,False,False,False,False,False
7793,H37206,H,300.1,311.4,38.535697735995385,40.4,75.0,False,False,False,False,False,False
7401,M22260,M,300.1,310.6,40.4103947023535,34.2,151.0,False,False,False,False,False,False
6995,L54174,L,300.6,310.8,37.080992435478315,53.2,179.0,False,False,False,False,False,False
962,L48141,L,295.8,306.5,38.63935817272331,40.5,90.0,False,False,False,False,False,False
4790,L51969,L,303.8,312.8,40.570925550201586,35.8,143.0,False,False,False,False,False,False
5228,L52407,L,303.9,313.1,37.94733192202055,41.1,12.0,False,False,False,False,False,False
9723,H39136,H,298.8,309.8,43.71498598878879,21.6,126.0,False,False,False,False,False,False
4871,M19730,M,303.7,312.4,40.38564101261734,28.5,132.0,False,False,False,False,False,False
1162,L48341,L,297.0,307.8,36.27671429443411,61.2,200.0,True,False,False,False,True,False
6382,L53561,L,300.2,309.7,42.08325082500163,27.1,104.0,False,False,False,False,False,False
6363,L53542,L,300.0,309.6,41.689327171351664,28.7,51.0,False,False,False,False,False,False
798,L47977,L,296.8,307.7,39.56008088970496,40.1,89.0,False,False,False,False,False,False
7288,M22147,M,300.2,310.4,39.11521443121589,35.7,80.0,False,False,False,False,False,False
3707,L50886,L,302.0,311.3,39.585350825778974,41.1,26.0,False,False,False,False,False,False
3176,L50355,L,300.3,309.6,38.31448812133603,44.7,179.0,False,False,False,False,False,False
1720,L48899,L,298.2,307.7,38.768543949960254,38.3,87.0,False,False,False,False,False,False
8393,M23252,M,298.5,309.6,38.7556447501522,39.4,84.0,False,False,False,False,False,False
9731,L56910,L,298.8,310.0,39.08964057138413,36.7,147.0,False,False,False,False,False,False
9143,L56322,L,297.6,308.5,40.963398296528084,34.2,114.0,False,False,False,False,False,False
2543,H31956,H,299.2,308.9,41.376321731154405,26.4,95.0,False,False,False,False,False,False
1314,L48493,L,298.9,310.2,36.864617182333525,56.9,166.0,False,False,False,False,False,False
1884,M16743,M,298.0,307.6,38.36665218650175,46.7,116.0,False,False,False,False,False,False
6130,M20989,M,301.0,311.0,38.8329756778952,46.9,113.0,False,False,False,False,False,False
6022,L53201,L,300.7,310.8,42.59107887809371,21.4,59.0,False,False,False,False,False,False
4208,M19067,M,302.3,310.9,41.352146256270665,30.4,218.0,True,True,False,False,False,False
7351,L54530,L,299.7,310.2,38.3275357934736,39.5,26.0,False,False,False,False,False,False
9176,L56355,L,297.8,309.0,37.456641600656084,64.2,0.0,True,False,False,True,False,False
5457,M20316,M,303.1,312.6,39.585350825778974,32.9,132.0,False,False,False,False,False,False
1420,L48599,L,298.7,309.8,36.796738985948195,53.3,212.0,True,False,False,False,True,False
2546,M17405,M,299.2,309.0,39.25557285278104,36.3,104.0,False,False,False,False,False,False
457,H29870,H,297.3,308.7,38.44476557348217,47.6,98.0,False,False,False,False,False,False
1482,M16341,M,298.2,309.2,36.49657518178932,60.2,147.0,False,False,False,False,False,False
773,H30186,H,296.8,308.0,38.118237105091836,51.0,24.0,False,False,False,False,False,False
3799,L50978,L,302.1,310.8,42.261093218230876,25.7,47.0,False,False,False,False,False,False
2903,M17762,M,300.6,309.4,39.25557285278104,35.2,105.0,False,False,False,False,False,False
9280,M24139,M,298.2,308.8,40.55859958134649,28.2,58.0,False,False,False,False,False,False
7113,L54292,L,300.9,310.1,37.77565353504821,47.0,65.0,False,False,False,False,False,False
8582,M23441,M,297.5,308.0,37.8021163428716,45.8,148.0,False,False,False,False,False,False
2330,L49509,L,299.3,308.7,38.52272056851645,40.5,213.0,False,False,False,False,False,False
7710,L54889,L,300.5,311.4,38.01315561749642,41.5,66.0,False,False,False,False,False,False
1525,L48704,L,298.2,309.0,40.01249804748511,35.8,43.0,False,False,False,False,False,False
9641,L56820,L,299.4,310.5,38.91015291668744,36.1,108.0,False,False,False,False,False,False
58,L47237,L,298.8,309.1,38.897300677553446,40.3,160.0,False,False,False,False,False,False
139,H29552,H,298.8,310.1,38.06573262134856,49.4,108.0,False,False,False,False,False,False
7344,L54523,L,299.6,310.2,38.31448812133603,48.0,9.0,False,False,False,False,False,False
4395,L51574,L,302.2,310.0,38.50973902793941,48.7,20.0,False,False,False,False,False,False
3494,M18353,M,301.9,311.0,40.47221268969612,35.4,116.0,False,False,False,False,False,False
9240,H38653,H,298.2,308.8,37.89459064299283,51.9,153.0,False,False,False,False,False,False
8762,L55941,L,297.5,308.8,37.64306044943742,49.8,177.0,False,False,False,False,False,False
2598,L49777,L,299.0,308.7,38.06573262134856,38.9,18.0,False,False,False,False,False,False
2654,L49833,L,300.1,309.5,42.17819341792628,26.1,169.0,False,False,False,False,False,False
9900,L57079,L,298.7,309.2,39.824615503479755,31.4,180.0,False,False,False,False,False,False
8718,L55897,L,297.1,308.7,38.39270764090493,42.3,64.0,False,False,False,False,False,False
7402,L54581,L,299.8,310.8,37.53664875824692,51.9,154.0,False,False,False,False,False,False
9368,L56547,L,297.9,308.5,38.36665218650175,45.1,70.0,False,False,False,False,False,False
1098,H30511,H,296.9,307.5,37.376463182061514,48.3,22.0,False,False,False,False,False,False
6893,L54072,L,301.0,311.6,37.94733192202055,43.3,131.0,False,False,False,False,False,False
6301,L53480,L,301.2,310.1,38.948684188300895,39.4,108.0,False,False,False,False,False,False
6807,L53986,L,301.1,310.1,40.099875311526844,32.9,119.0,False,False,False,False,False,False
3405,L50584,L,301.3,310.4,41.1703777004778,30.9,108.0,False,False,False,False,False,False
3849,L51028,L,302.3,310.9,41.47288270665544,28.1,108.0,False,False,False,False,False,False
2340,L49519,L,299.2,308.2,38.28837943815329,41.3,8.0,False,False,False,False,False,False
1448,M16307,M,299.0,310.3,40.76763422127902,33.6,67.0,False,False,False,False,False,False
5308,L52487,L,304.0,313.3,39.11521443121589,34.8,211.0,False,False,False,False,False,False
373,M15232,M,297.4,308.3,37.48332962798263,51.7,108.0,False,False,False,False,False,False
8877,M23736,M,298.1,310.1,41.8568990729127,25.2,77.0,False,False,False,False,False,False
7099,L54278,L,300.7,310.2,40.52159917870962,32.6,26.0,False,False,False,False,False,False
4408,L51587,L,302.3,310.1,37.33630940518894,55.4,57.0,False,False,False,False,False,False
2906,L50085,L,300.6,310.1,39.395431207184416,36.4,113.0,False,False,False,False,False,False
7888,L55067,L,300.7,312.4,39.87480407475377,37.9,98.0,False,False,False,False,False,False
1432,M16291,M,298.9,310.1,37.469987990390386,41.4,20.0,False,False,False,False,False,False
3322,L50501,L,301.5,310.6,39.01281840626232,41.0,114.0,False,False,False,False,False,False
5086,M19945,M,304.0,313.0,37.107950630558946,56.0,61.0,False,False,False,False,False,False
486,M15345,M,297.4,309.0,41.048751503547585,30.7,177.0,False,False,False,False,False,False
9473,M24332,M,298.7,309.4,37.080992435478315,48.3,157.0,False,False,False,False,False,False
2277,L49456,L,299.3,310.1,37.322915213043046,54.2,80.0,False,False,False,False,False,False
7742,L54921,L,300.5,310.1,38.44476557348217,39.0,153.0,False,False,False,False,False,False
8918,M23777,M,297.1,308.2,39.102429592034305,37.9,183.0,False,False,False,False,False,False
6635,L53814,L,300.1,310.1,37.36308338453881,44.5,117.0,False,False,False,False,False,False
6975,L54154,L,300.7,311.0,36.30426972134269,48.2,128.0,False,False,False,False,False,False
1668,L48847,L,298.2,307.9,42.05948168962618,27.2,188.0,False,False,False,False,False,False
5268,M20127,M,303.5,312.9,37.92097045171708,42.8,106.0,False,False,False,False,False,False
9846,L57025,L,298.3,309.1,37.69615364994153,47.4,33.0,False,False,False,False,False,False
6999,M21858,M,300.6,310.7,37.255872020394314,42.9,190.0,False,False,False,False,False,False
4869,L52048,L,303.6,312.4,37.656340767525464,46.0,128.0,False,False,False,False,False,False
7460,L54639,L,300.0,311.5,39.88734135035826,32.0,79.0,False,False,False,False,False,False
4897,M19756,M,303.7,312.4,40.52159917870962,32.3,206.0,False,False,False,False,False,False
4392,M19251,M,302.2,310.1,36.98648401781386,51.6,12.0,True,False,True,False,False,False
7050,L54229,L,300.6,310.4,38.65229618017538,47.3,118.0,False,False,False,False,False,False
7661,M22520,M,300.1,311.6,35.298725189445584,52.9,165.0,False,False,False,False,False,False
5300,L52479,L,303.7,313.1,36.810324638611924,49.1,188.0,False,False,False,False,False,False
1535,L48714,L,300.1,310.1,41.916583830269374,29.1,71.0,False,False,False,False,False,False
9782,L56961,L,298.8,309.9,37.960505792204614,41.6,62.0,False,False,False,False,False,False
308,M15167,M,297.8,308.4,39.736632972611055,36.6,152.0,False,False,False,False,False,False
2943,L50122,L,300.7,309.5,38.22302970723278,49.9,0.0,False,False,False,False,False,False
3620,L50799,L,301.9,311.2,37.881393849751625,44.2,16.0,False,False,False,False,False,False
5923,L53102,L,300.5,310.3,37.881393849751625,43.3,31.0,False,False,False,False,False,False
6481,L53660,L,300.7,309.9,42.13074886588179,26.6,149.0,False,False,False,False,False,False
6866,L54045,L,300.1,311.4,39.1279950930277,38.7,55.0,False,False,False,False,False,False
4758,L51937,L,303.4,311.6,38.691084244306204,42.8,58.0,False,False,False,False,False,False
9987,M24846,M,298.8,308.6,38.82009788756334,42.3,207.0,False,False,False,False,False,False
9578,M24437,M,299.5,310.7,36.932370625238775,49.5,0.0,False,False,False,False,False,False
9137,L56316,L,297.7,310.1,41.15823125451335,29.1,102.0,False,False,False,False,False,False
6734,M21593,M,301.7,311.0,36.207733980463345,46.8,108.0,False,False,False,False,False,False
4765,M19624,M,303.7,310.1,37.44329045369811,48.6,76.0,False,False,False,False,False,False
7695,H37108,H,300.6,310.1,38.72983346207417,36.7,17.0,False,False,False,False,False,False
2532,M17391,M,298.8,308.5,38.8587184554509,38.7,66.0,False,False,False,False,False,False
7748,M22607,M,300.5,310.1,36.4828726939094,55.3,167.0,False,False,False,False,False,False
7440,L54619,L,300.0,311.3,38.63935817272331,41.4,28.0,False,False,False,False,False,False
7685,M22544,M,300.7,311.8,37.5099986670221,42.4,224.0,False,False,False,False,False,False
109,H29522,H,298.9,308.8,40.26164427839479,32.7,75.0,False,False,False,False,False,False
3266,L50445,L,301.3,310.1,36.810324638611924,53.6,193.0,False,False,False,False,False,False
3222,L50401,L,300.6,309.6,37.72267222772003,49.1,74.0,False,False,False,False,False,False
2837,M17696,M,300.3,309.1,38.18376618407357,44.3,175.0,False,False,False,False,False,False
871,L48050,L,295.8,306.4,36.40054944640259,56.2,65.0,False,False,False,False,False,False
1286,M16145,M,298.5,309.6,38.62641583165593,41.7,100.0,False,False,False,False,False,False
6889,M21748,M,300.9,311.4,37.86819245752297,45.4,118.0,False,False,False,False,False,False
2141,L49320,L,299.3,309.0,37.66961640367472,46.6,158.0,False,False,False,False,False,False
1520,M16379,M,298.2,308.9,38.88444419044716,38.5,28.0,False,False,False,False,False,False
9461,M24320,M,298.4,309.2,37.403208418530085,45.2,125.0,False,False,False,False,False,False
1413,M16272,M,298.8,309.9,37.61648574760805,53.2,194.0,False,False,False,False,False,False
7022,H36435,H,300.7,310.6,40.38564101261734,32.6,43.0,False,False,False,False,False,False
2649,L49828,L,299.8,309.4,37.89459064299283,51.6,158.0,False,False,False,False,False,False
679,M15538,M,297.8,310.1,35.98610843089316,61.2,108.0,False,False,False,False,False,False
7585,L54764,L,300.4,311.2,38.36665218650175,37.3,187.0,False,False,False,False,False,False
9108,M23967,M,297.5,308.5,40.76763422127902,30.3,26.0,False,False,False,False,False,False
7627,H37040,H,300.5,311.6,36.75595189897821,53.5,78.0,False,False,False,False,False,False
8337,L55516,L,298.9,309.7,38.06573262134856,48.8,147.0,False,False,False,False,False,False
2747,L49926,L,299.7,309.2,37.5632799419859,46.1,108.0,False,False,False,False,False,False
9702,L56881,L,298.8,309.8,38.535697735995385,42.4,74.0,False,False,False,False,False,False
4417,M19276,M,302.6,310.4,39.14077158156185,36.1,77.0,False,False,False,False,False,False
6377,L53556,L,300.0,309.6,41.15823125451335,28.7,94.0,False,False,False,False,False,False
235,L47414,L,298.2,308.4,38.44476557348217,42.9,183.0,False,False,False,False,False,False
9145,M24004,M,297.5,310.1,38.03945320322047,41.6,118.0,False,False,False,False,False,False
2815,L49994,L,300.0,309.3,37.3496987939662,56.5,122.0,False,False,False,False,False,False
9416,M24275,M,298.2,308.7,36.89173349139343,44.2,0.0,False,False,False,False,False,False
8929,L56108,L,297.4,308.4,39.1279950930277,41.5,213.0,False,False,False,False,False,False
1889,M16748,M,297.8,307.4,43.61192497471305,24.3,129.0,False,False,False,False,False,False
1068,L48247,L,296.9,307.8,38.28837943815329,45.7,153.0,False,False,False,False,False,False
3250,L50429,L,301.1,309.8,38.63935817272331,38.9,149.0,False,False,False,False,False,False
400,L47579,L,297.4,308.4,37.30951621235526,49.7,174.0,False,False,False,False,False,False
1528,H30941,H,298.1,309.1,37.749172176353746,44.5,49.0,False,False,False,False,False,False
3641,H33054,H,302.4,311.6,39.293765408777,39.1,70.0,False,False,False,False,False,False
7836,L55015,L,300.1,311.5,39.35733730830886,34.7,189.0,False,False,False,False,False,False
1692,L48871,L,297.9,307.5,40.024992192379,38.3,21.0,False,False,False,False,False,False
9757,L56936,L,298.6,309.8,39.96248240537617,35.9,213.0,False,False,False,False,False,False
1886,L49065,L,298.0,307.6,41.02438299353203,32.8,122.0,False,False,False,False,False,False
3985,L51164,L,302.3,311.3,40.64480286580315,32.8,108.0,False,False,False,False,False,False
2972,M17831,M,300.7,309.5,37.322915213043046,43.9,81.0,False,False,False,False,False,False
9638,L56817,L,299.2,310.3,38.24918299781056,38.9,160.0,False,False,False,False,False,False
301,L47480,L,297.8,308.4,40.27406113120453,38.3,134.0,False,False,False,False,False,False
4567,L51746,L,302.8,310.8,37.44329045369811,50.5,30.0,False,False,False,False,False,False
1677,H31090,H,297.9,307.6,37.656340767525464,43.0,207.0,False,False,False,False,False,False
5476,L52655,L,302.7,312.2,36.55133376499413,46.8,179.0,False,False,False,False,False,False
6510,L53689,L,301.1,310.1,39.54743986657038,36.8,7.0,False,False,False,False,False,False
2554,L49733,L,299.3,309.1,38.379682124790975,40.3,125.0,False,False,False,False,False,False
8192,M23051,M,299.6,310.9,40.3732584763727,29.8,108.0,False,False,False,False,False,False
3243,L50422,L,300.9,309.6,37.20215047547655,42.4,131.0,False,False,False,False,False,False
7347,L54526,L,299.6,310.2,38.3275357934736,47.0,15.0,False,False,False,False,False,False
394,M15253,M,297.5,308.4,36.742346141747674,52.2,157.0,False,False,False,False,False,False
9676,M24535,M,299.0,310.2,36.02776706930364,57.2,108.0,False,False,False,False,False,False
3289,L50468,L,301.3,310.1,40.76763422127902,31.0,37.0,False,False,False,False,False,False
8544,M23403,M,300.1,309.4,36.945906403822335,48.7,56.0,False,False,False,False,False,False
9435,L56614,L,298.0,308.6,40.32369030731191,33.3,50.0,False,False,False,False,False,False
9112,L56291,L,297.6,308.6,36.75595189897821,51.0,37.0,False,False,False,False,False,False
8936,L56115,L,297.4,308.3,42.43819034784589,26.9,11.0,False,False,False,False,False,False
6540,L53719,L,301.4,310.7,37.89459064299283,54.1,90.0,False,False,False,False,False,False
956,L48135,L,295.6,306.3,43.71498598878879,20.9,74.0,False,False,False,False,False,False
7452,L54631,L,300.3,311.8,38.8329756778952,43.1,57.0,False,False,False,False,False,False
5022,L52201,L,304.0,313.0,36.742346141747674,61.1,88.0,False,False,False,False,False,False
4963,M19822,M,304.0,312.7,38.157568056677825,51.2,160.0,False,False,False,False,False,False
9982,L57161,L,298.7,308.5,36.78314831549904,47.0,190.0,False,False,False,False,False,False
1992,M16851,M,300.1,307.8,39.786932528155525,36.6,185.0,False,False,False,False,False,False
4473,L51652,L,302.7,310.1,38.742741255621034,48.7,4.0,False,False,False,False,False,False
6840,L54019,L,301.2,311.2,39.4715087119811,34.1,204.0,False,False,False,False,False,False
8503,H37916,H,298.6,309.8,35.76310948449533,55.9,152.0,False,False,False,False,False,False
190,M15049,M,300.1,308.4,39.230090491866065,43.4,69.0,False,False,False,False,False,False
8475,M23334,M,298.5,310.1,39.02563260217571,44.6,83.0,False,False,False,False,False,False
4995,M19854,M,303.5,312.6,40.52159917870962,29.4,108.0,False,False,False,False,False,False
4256,M19115,M,302.5,311.0,37.242448899072144,52.1,116.0,False,False,False,False,False,False
5230,H34643,H,303.9,313.1,42.30839160261236,26.7,17.0,False,False,False,False,False,False
2945,L50124,L,300.7,310.1,38.79432948254165,34.9,7.0,False,False,False,False,False,False
8200,L55379,L,299.2,310.7,41.677331968349414,27.0,225.0,True,True,False,False,False,False
8158,L55337,L,300.1,310.8,38.704004960727254,46.9,116.0,False,False,False,False,False,False
1356,M16215,M,298.6,310.0,41.0,35.5,108.0,False,False,False,False,False,False
3548,M18407,M,301.9,310.1,38.301436004411116,48.1,43.0,False,False,False,False,False,False
532,L47711,L,297.6,309.5,39.35733730830886,34.9,68.0,False,False,False,False,False,False
7747,M22606,M,300.4,311.7,38.8329756778952,45.4,164.0,False,False,False,False,False,False
9679,M24538,M,299.1,310.2,41.36423575989287,28.1,17.0,False,False,False,False,False,False
383,L47562,L,297.5,308.5,36.53765181289022,48.0,131.0,False,False,False,False,False,False
2411,L49590,L,299.1,308.5,41.09744517606904,32.1,192.0,False,False,False,False,False,False
2017,L49196,L,298.5,308.3,38.18376618407357,44.0,44.0,False,False,False,False,False,False
3368,H32781,H,301.5,310.7,42.30839160261236,26.2,8.0,False,False,False,False,False,False
2281,L49460,L,299.4,308.8,37.282703764614496,57.0,92.0,False,False,False,False,False,False
8494,M23353,M,298.3,309.5,39.496835316262995,36.9,131.0,False,False,False,False,False,False
9134,L56313,L,297.7,310.1,38.45776904605882,45.7,93.0,False,False,False,False,False,False
488,M15347,M,297.4,309.1,38.24918299781056,35.0,183.0,False,False,False,False,False,False
2849,M17708,M,300.3,309.3,37.296112397943034,57.9,204.0,False,False,False,False,False,False
8083,H37496,H,300.1,311.5,37.70941526992961,46.2,134.0,False,False,False,False,False,False
1097,L48276,L,297.0,307.6,40.98780306383839,35.8,20.0,False,False,False,False,False,False
7768,H37181,H,300.2,311.4,36.318039594669756,54.6,15.0,False,False,False,False,False,False
7977,H37390,H,301.2,312.4,37.3496987939662,47.8,90.0,False,False,False,False,False,False
1835,L49014,L,297.8,307.2,38.704004960727254,38.1,188.0,False,False,False,False,False,False
209,L47388,L,298.4,310.1,39.88734135035826,36.7,122.0,False,False,False,False,False,False
8578,L55757,L,300.1,308.3,38.7556447501522,43.2,139.0,False,False,False,False,False,False
7656,L54835,L,300.4,311.5,39.949968710876355,32.5,154.0,False,False,False,False,False,False
1039,L48218,L,296.6,307.6,38.704004960727254,41.1,80.0,False,False,False,False,False,False
7990,L55169,L,301.1,312.4,37.815340802378074,37.9,124.0,False,False,False,False,False,False
2553,H31966,H,299.3,309.1,39.395431207184416,40.7,108.0,False,False,False,False,False,False
1085,M15944,M,297.0,307.7,38.704004960727254,47.1,199.0,False,False,False,False,False,False
4134,L51313,L,301.8,310.3,42.01190307520001,27.3,29.0,False,False,False,False,False,False
5543,L52722,L,302.3,311.7,37.416573867739416,41.6,136.0,False,False,False,False,False,False
9945,L57124,L,298.3,307.9,37.403208418530085,47.8,99.0,False,False,False,False,False,False
9536,M24395,M,299.3,310.6,40.11234224026316,31.4,99.0,False,False,False,False,False,False
197,H29610,H,298.3,308.6,37.841775856849004,49.5,91.0,False,False,False,False,False,False
8077,L55256,L,300.3,311.8,36.87817782917155,48.0,119.0,False,False,False,False,False,False
7974,L55153,L,301.1,312.3,41.012193308819754,29.7,83.0,False,False,False,False,False,False
2238,L49417,L,299.3,308.6,37.456641600656084,50.6,189.0,False,False,False,False,False,False
5383,L52562,L,302.9,312.4,41.20679555607303,33.8,202.0,False,False,False,False,False,False
2882,M17741,M,300.6,309.6,39.84971769034255,37.0,50.0,False,False,False,False,False,False
2779,L49958,L,300.0,309.4,36.16628264005025,50.2,32.0,False,False,False,False,False,False
2097,M16956,M,299.5,309.4,37.242448899072144,56.2,32.0,False,False,False,False,False,False
3377,M18236,M,301.5,310.8,37.21558813185679,47.5,30.0,False,False,False,False,False,False
9686,L56865,L,299.0,310.1,36.87817782917155,48.1,37.0,False,False,False,False,False,False
1708,L48887,L,298.2,307.8,37.93415347678132,41.6,62.0,False,False,False,False,False,False
1543,L48722,L,298.3,308.9,37.134889255254286,54.7,91.0,False,False,False,False,False,False
7039,L54218,L,300.7,310.6,40.66939881532551,34.2,89.0,False,False,False,False,False,False
5817,L52996,L,301.3,311.0,39.774363602702685,35.6,202.0,False,False,False,False,False,False
5811,L52990,L,301.3,311.0,43.08131845707603,21.9,189.0,False,False,False,False,False,False
6158,L53337,L,300.1,311.2,42.118879377305376,29.6,186.0,False,False,False,False,False,False
5270,L52449,L,303.5,312.9,38.781438859330635,44.8,111.0,False,False,False,False,False,False
2717,L49896,L,299.5,309.0,38.704004960727254,44.6,101.0,False,False,False,False,False,False
8856,L56035,L,297.7,308.9,40.76763422127902,28.1,19.0,False,False,False,False,False,False
7534,L54713,L,300.0,311.2,38.781438859330635,37.9,58.0,False,False,False,False,False,False
8450,L55629,L,298.4,309.9,41.53311931459037,27.8,21.0,False,False,False,False,False,False
7620,L54799,L,300.6,311.5,38.19685850956856,47.0,63.0,False,False,False,False,False,False
2730,L49909,L,299.7,309.3,37.64306044943742,54.6,131.0,False,False,False,False,False,False
4622,L51801,L,303.0,311.2,36.61966684720111,51.0,174.0,True,False,True,False,False,False
7283,L54462,L,300.1,310.2,38.54867053479276,36.4,66.0,False,False,False,False,False,False
8316,H37729,H,298.7,309.8,37.70941526992961,40.7,85.0,False,False,False,False,False,False
1328,L48507,L,298.8,310.2,42.59107887809371,26.8,204.0,False,False,False,False,False,False
3333,M18192,M,301.7,310.8,40.87786687193939,31.6,137.0,False,False,False,False,False,False
8216,L55395,L,299.1,310.5,37.907782842049734,43.1,40.0,False,False,False,False,False,False
4336,L51515,L,301.7,310.1,40.08740450565489,37.7,93.0,False,False,False,False,False,False
5217,M20076,M,303.7,312.7,36.27671429443411,51.8,197.0,False,False,False,False,False,False
6602,M21461,M,300.1,310.7,36.701498607005135,47.9,29.0,False,False,False,False,False,False
3628,L50807,L,302.2,311.5,39.84971769034255,30.6,39.0,False,False,False,False,False,False
2668,M17527,M,299.8,310.1,40.779897008207364,35.2,208.0,False,False,False,False,False,False
3021,L50200,L,300.4,309.6,39.28103868280471,38.1,209.0,False,False,False,False,False,False
9545,L56724,L,299.6,311.0,41.32795663954365,31.0,122.0,False,False,False,False,False,False
8793,L55972,L,297.4,308.5,37.656340767525464,51.2,52.0,False,False,False,False,False,False
5404,L52583,L,302.7,312.3,43.104524124504614,25.4,2.0,False,False,False,False,False,False
1939,L49118,L,298.1,307.9,38.948684188300895,40.8,50.0,False,False,False,False,False,False
100,L47279,L,298.8,308.8,39.02563260217571,44.4,55.0,False,False,False,False,False,False
7920,L55099,L,300.8,312.0,38.67815921162743,40.0,175.0,False,False,False,False,False,False
4930,L52109,L,303.5,312.4,36.60601043544625,44.5,76.0,False,False,False,False,False,False
2999,L50178,L,300.5,309.7,40.19950248448356,34.5,155.0,False,False,False,False,False,False
4308,L51487,L,301.4,309.9,35.482389998420345,63.9,20.0,True,False,True,False,False,False
5822,L53001,L,301.3,311.1,36.09709129556009,49.2,212.0,False,False,False,False,False,False
3066,M17925,M,300.1,309.2,41.0731055558257,27.7,95.0,False,False,False,False,False,True
3200,H32613,H,300.1,309.1,39.496835316262995,35.4,14.0,False,False,False,False,False,False
3425,L50604,L,301.5,310.5,39.91240408695021,32.9,155.0,False,False,False,False,False,False
2246,M17105,M,299.3,308.4,37.92097045171708,42.3,0.0,False,False,False,False,False,False
6615,L53794,L,301.7,310.6,40.74309757492672,28.7,66.0,False,False,False,False,False,False
9371,H38784,H,297.7,308.4,37.656340767525464,51.9,77.0,False,False,False,False,False,False
6302,M21161,M,301.2,310.6,39.698866482558415,39.6,109.0,False,False,False,False,False,False
7972,L55151,L,301.0,312.1,37.48332962798263,46.1,79.0,False,False,False,False,False,False
8076,L55255,L,300.4,312.0,36.959437225152655,43.0,117.0,False,False,False,False,False,False
5119,M19978,M,304.2,313.6,38.88444419044716,33.4,146.0,False,False,False,False,False,False
10,M14869,M,298.5,309.0,41.72529209005013,28.0,21.0,False,False,False,False,False,False
221,L47400,L,298.3,308.5,37.62977544445356,52.7,151.0,False,False,False,False,False,False
6707,L53886,L,301.4,310.6,37.16180835212409,46.1,70.0,False,False,False,False,False,False
6846,M21705,M,300.1,310.1,40.59556626036888,32.4,0.0,False,False,False,False,False,False
3270,M18129,M,301.3,310.0,41.182520563948,32.4,202.0,False,False,False,False,False,False
1984,M16843,M,298.0,307.6,38.19685850956856,44.4,163.0,False,False,False,False,False,False
4198,L51377,L,302.4,311.0,39.66106403010388,36.5,193.0,False,False,False,False,False,False
3695,M18554,M,302.1,311.3,38.87158345115362,45.0,204.0,False,False,False,False,False,False
9063,L56242,L,297.2,308.3,39.698866482558415,35.3,113.0,False,False,False,False,False,False
5048,M19907,M,304.1,313.3,40.98780306383839,29.3,158.0,False,False,False,False,False,False
7741,L54920,L,300.1,312.0,38.118237105091836,45.1,151.0,False,False,False,False,False,False
4535,L51714,L,302.4,310.2,40.4103947023535,28.0,164.0,False,False,False,False,False,False
8606,L55785,L,300.1,308.4,40.4103947023535,33.3,213.0,False,False,False,False,False,False
6861,L54040,L,301.1,311.2,43.70354676682432,20.2,41.0,False,False,False,False,False,False
7728,M22587,M,300.7,311.9,40.70626487409524,30.9,116.0,False,False,False,False,False,False
5080,M19939,M,304.2,313.4,37.5632799419859,54.8,44.0,False,False,False,False,False,False
3184,L50363,L,300.1,309.3,40.19950248448356,32.0,199.0,False,False,False,False,False,False
5520,L52699,L,302.5,311.9,38.1051177665153,47.4,77.0,False,False,False,False,False,False
5503,L52682,L,302.6,312.1,37.93415347678132,52.3,35.0,False,False,False,False,False,False
8851,L56030,L,297.6,309.0,38.61346915261564,43.2,7.0,False,False,False,False,False,False
1479,L48658,L,298.3,309.4,39.59797974644666,35.8,140.0,False,False,False,False,False,False
1541,M16400,M,300.1,309.1,39.05124837953327,39.3,86.0,False,False,False,False,False,False
181,L47360,L,298.2,308.3,38.40572873934304,49.9,47.0,False,False,False,False,False,False
3950,L51129,L,302.3,310.1,37.20215047547655,50.8,108.0,False,False,False,False,False,False
1192,M16051,M,297.2,308.3,42.14261501141095,28.0,43.0,False,False,False,False,False,False
4067,M18926,M,301.9,310.7,38.36665218650175,47.0,73.0,False,False,False,False,False,False
1369,H30782,H,298.8,310.3,41.32795663954365,27.1,78.0,False,False,False,False,False,False
5330,L52509,L,303.7,313.0,38.157568056677825,45.5,51.0,False,False,False,False,False,False
9437,L56616,L,298.0,308.6,38.48376280978771,42.5,54.0,False,False,False,False,False,False
1782,L48961,L,298.5,308.1,40.76763422127902,28.6,48.0,False,False,False,False,False,False
3726,H33139,H,302.3,311.1,39.28103868280471,37.5,73.0,False,False,False,False,False,False
5024,M19883,M,304.0,313.0,39.68626966596886,34.5,92.0,False,False,False,False,False,False
9288,L56467,L,298.2,308.9,41.340053217188775,28.1,81.0,False,False,False,False,False,False
6228,L53407,L,301.2,310.8,38.45776904605882,38.2,139.0,False,False,False,False,False,False
622,L47801,L,298.3,310.1,37.52332607858744,45.3,78.0,False,False,False,False,False,False
2285,L49464,L,299.2,308.5,37.12142238654117,53.4,100.0,False,False,False,False,False,False
2522,L49701,L,298.8,308.6,39.7994974842648,34.4,42.0,False,False,False,False,False,False
8704,M23563,M,297.2,308.6,35.832945734337834,51.3,32.0,False,False,False,False,False,False
9131,L56310,L,297.6,308.6,39.698866482558415,32.7,83.0,False,False,False,False,False,False
2353,M17212,M,299.3,310.1,37.70941526992961,45.4,37.0,False,False,False,False,False,False
8635,L55814,L,297.3,308.3,37.5632799419859,43.2,63.0,False,False,False,False,False,False
6094,L53273,L,301.0,310.8,37.080992435478315,57.2,20.0,False,False,False,False,False,False
9935,L57114,L,298.3,308.2,38.36665218650175,44.3,71.0,False,False,False,False,False,False
8641,L55820,L,297.6,308.6,37.1887079635741,47.5,75.0,False,False,False,False,False,False
6544,L53723,L,301.4,310.8,41.20679555607303,29.6,99.0,False,False,False,False,False,False
8140,L55319,L,299.5,310.8,39.63584236521283,38.2,74.0,False,False,False,False,False,False
5225,L52404,L,303.9,310.1,39.87480407475377,31.9,5.0,False,False,False,False,False,False
3589,M18448,M,301.7,310.6,38.79432948254165,44.5,146.0,False,False,False,False,False,False
511,L47690,L,297.5,309.3,39.54743986657038,37.5,20.0,False,False,False,False,False,False
3876,L51055,L,302.6,310.1,37.77565353504821,50.1,21.0,False,False,False,False,False,False
3272,M18131,M,301.4,310.0,41.09744517606904,32.1,207.0,False,False,False,False,False,False
9769,L56948,L,298.6,309.6,40.13726448077895,35.7,23.0,False,False,False,False,False,False
4030,H33443,H,302.0,310.9,40.97560249709576,29.0,222.0,False,False,False,False,False,False
2555,L49734,L,299.3,309.1,39.1279950930277,37.9,127.0,False,False,False,False,False,False
4756,L51935,L,303.4,311.7,35.98610843089316,51.3,51.0,True,False,True,False,False,False
5901,M20760,M,300.9,310.7,38.535697735995385,41.0,181.0,False,False,False,False,False,False
6548,L53727,L,301.4,310.8,41.71330722922842,29.2,110.0,False,False,False,False,False,False
2970,L50149,L,300.1,309.4,38.31448812133603,44.1,76.0,False,False,False,False,False,False
1056,L48235,L,300.1,307.8,38.47076812334269,39.4,122.0,False,False,False,False,False,False
6829,L54008,L,301.0,310.9,37.30951621235526,52.9,173.0,False,False,False,False,False,False
3138,L50317,L,300.4,309.9,39.585350825778974,36.5,72.0,False,False,False,False,False,False
2298,L49477,L,299.3,308.7,42.44997055358225,26.0,130.0,False,False,False,False,False,False
1850,L49029,L,297.7,307.2,40.84115571332428,32.7,31.0,False,False,False,False,False,False
1694,H31107,H,298.0,307.5,41.02438299353203,27.8,26.0,False,False,False,False,False,False
4270,L51449,L,302.6,311.0,40.124805295477756,39.2,152.0,False,False,False,False,False,False
3697,L50876,L,302.1,311.2,38.13135192987524,46.8,108.0,False,False,False,False,False,False
9693,M24552,M,299.0,310.0,40.82891132518721,30.0,53.0,False,False,False,False,False,False
1247,H30660,H,300.1,308.5,40.65710270051225,33.3,207.0,False,False,False,False,False,False
7659,M22518,M,300.4,311.6,36.864617182333525,55.4,160.0,False,False,False,False,False,False
7863,M22722,M,300.5,312.0,37.17526059088221,54.1,27.0,False,False,False,False,False,False
7498,M22357,M,300.3,311.8,38.50973902793941,45.1,181.0,False,False,False,False,False,False
5189,L52368,L,304.0,313.2,40.39801975344831,30.6,121.0,False,False,False,False,False,False
7242,M22101,M,299.9,310.0,38.52272056851645,42.1,182.0,False,False,False,False,False,False
5804,L52983,L,301.5,310.1,40.87786687193939,31.1,170.0,False,False,False,False,False,False
4085,L51264,L,302.0,310.4,40.13726448077895,35.6,117.0,False,False,False,False,False,False
9760,L56939,L,298.5,309.7,40.162171256046406,36.7,0.0,False,False,False,False,False,False
7313,L54492,L,300.0,310.5,37.57658845611187,52.4,142.0,False,False,False,False,False,False
1878,M16737,M,298.2,307.8,39.57271787481876,33.8,100.0,False,False,False,False,False,False
7962,L55141,L,301.0,312.2,35.552777669262355,59.0,57.0,False,False,False,False,False,False
4150,L51329,L,301.9,310.4,40.0374824383352,37.6,69.0,False,False,False,False,False,False
734,M15593,M,297.1,308.4,37.69615364994153,42.0,165.0,False,False,False,False,False,False
482,M15341,M,297.3,309.0,39.44616584663204,39.5,168.0,False,False,False,False,False,False
2451,L49630,L,299.2,308.7,38.62641583165593,37.8,91.0,False,False,False,False,False,False
1795,M16654,M,298.1,307.8,38.91015291668744,43.5,78.0,False,False,False,False,False,False
3017,L50196,L,300.5,309.8,37.960505792204614,48.8,108.0,False,False,False,False,False,False
2701,L49880,L,299.9,309.3,38.379682124790975,40.4,59.0,False,False,False,False,False,False
3534,L50713,L,302.0,311.0,39.534794801541594,36.2,8.0,False,False,False,False,False,False
5642,L52821,L,302.6,312.1,38.379682124790975,37.3,184.0,False,False,False,False,False,False
7104,H36517,H,300.8,310.3,42.15447781671598,30.1,38.0,False,False,False,False,False,False
2682,L49861,L,299.8,309.5,39.30648801406709,32.2,18.0,False,False,False,False,False,False
5473,L52652,L,302.8,312.3,37.22902093797257,57.8,172.0,False,False,False,False,False,False
7054,H36467,H,300.7,310.5,39.585350825778974,38.7,129.0,False,False,False,False,False,False
9105,M23964,M,297.4,308.3,39.370039370059054,47.8,18.0,False,False,False,False,False,False
5504,H34917,H,302.6,312.0,40.70626487409524,29.3,37.0,False,False,False,False,False,False
6712,L53891,L,301.5,310.1,37.76241517699841,46.1,81.0,False,False,False,False,False,False
517,L47696,L,297.5,309.3,41.617304093369626,29.9,32.0,False,False,False,False,False,False
4830,L52009,L,303.4,311.9,38.61346915261564,38.2,26.0,False,False,False,False,False,False
7983,L55162,L,301.0,312.3,38.57460304397182,42.6,107.0,False,False,False,False,False,False
5397,L52576,L,302.8,312.4,39.02563260217571,39.7,239.0,False,False,False,False,False,False
4414,M19273,M,302.7,310.1,37.389838191679836,47.3,70.0,False,False,False,False,False,False
5735,L52914,L,302.3,311.8,37.0,56.2,208.0,True,False,False,False,True,False
3889,L51068,L,300.1,311.2,43.62338822237447,22.9,55.0,False,False,False,False,False,False
1351,L48530,L,300.1,310.2,37.89459064299283,47.5,32.0,False,False,False,False,False,False
3214,L50393,L,300.4,309.2,41.8568990729127,29.0,52.0,False,False,False,False,False,False
1554,L48733,L,300.1,308.8,36.49657518178932,59.1,115.0,False,False,False,False,False,False
8966,L56145,L,297.1,307.9,38.67815921162743,44.7,88.0,False,False,False,False,False,False
5177,M20036,M,304.0,313.3,42.941821107167776,27.1,88.0,False,False,False,False,False,False
5699,L52878,L,302.5,311.9,35.566838487557476,59.8,119.0,False,False,False,False,False,False
3903,L51082,L,302.2,311.1,40.3732584763727,34.6,94.0,False,False,False,False,False,False
8764,L55943,L,297.5,310.1,40.0374824383352,36.7,184.0,False,False,False,False,False,False
4794,H34207,H,303.6,312.6,38.704004960727254,40.2,155.0,False,False,False,False,False,False
5890,M20749,M,301.4,311.0,35.12833614050059,55.8,152.0,False,False,False,False,False,False
7708,H37121,H,300.5,311.4,40.97560249709576,27.5,59.0,False,False,False,False,False,False
1704,M16563,M,298.1,307.8,40.44749683231337,36.7,51.0,False,False,False,False,False,False
4968,L52147,L,303.9,312.6,37.76241517699841,53.4,172.0,False,False,False,False,False,False
9925,M24784,M,298.5,308.6,37.20215047547655,54.4,44.0,False,False,False,False,False,False
8127,L55306,L,300.2,311.4,37.8549864614954,37.9,36.0,False,False,False,False,False,False
9851,M24710,M,298.5,310.1,38.704004960727254,34.6,46.0,False,False,False,False,False,False
8837,L56016,L,297.4,308.9,41.32795663954365,28.8,174.0,False,False,False,False,False,False
7731,L54910,L,300.6,311.9,38.36665218650175,44.2,126.0,False,False,False,False,False,False
2083,H31496,H,299.4,309.2,38.897300677553446,36.1,212.0,False,False,False,False,False,False
6350,L53529,L,300.1,309.8,38.80721582386451,35.2,21.0,False,False,False,False,False,False
8268,L55447,L,300.1,310.7,39.242833740697165,36.3,175.0,False,False,False,False,False,False
4133,M18992,M,301.8,310.3,37.53664875824692,52.5,26.0,False,False,False,False,False,False
1263,H30676,H,297.8,309.2,40.59556626036888,33.0,29.0,False,False,False,False,False,False
388,L47567,L,297.7,308.7,35.34119409414458,60.4,108.0,False,False,False,False,False,False
3463,H32876,H,301.6,310.1,42.261093218230876,27.1,35.0,False,False,False,False,False,False
582,L47761,L,297.8,309.7,37.33630940518894,42.9,206.0,False,False,False,False,False,False
8147,L55326,L,299.6,310.9,39.153543900903784,31.8,91.0,False,False,False,False,False,False
4081,L51260,L,302.0,310.1,36.837480912787726,58.0,108.0,True,False,True,False,False,False
7774,L54953,L,300.3,311.4,41.94043395102154,24.8,34.0,False,False,False,False,False,False
3167,M18026,M,300.4,309.7,39.230090491866065,37.7,156.0,False,False,False,False,False,False
7030,L54209,L,300.6,310.1,38.13135192987524,39.7,67.0,False,False,False,False,False,False
8950,L56129,L,297.4,308.3,35.832945734337834,60.3,50.0,False,False,False,False,False,False
7936,M22795,M,300.8,310.1,36.823905279043935,44.3,108.0,False,False,False,False,False,False
5510,L52689,L,302.8,312.2,38.84584919911006,36.5,52.0,False,False,False,False,False,True
5820,L52999,L,301.3,311.0,37.656340767525464,41.9,208.0,False,False,False,False,False,False
5019,M19878,M,303.9,313.0,40.24922359499622,36.6,80.0,False,False,False,False,False,False
4472,L51651,L,302.8,310.6,40.8656334834051,29.1,2.0,False,False,False,False,False,False
134,M14993,M,300.1,308.4,37.815340802378074,49.6,135.0,False,False,False,False,False,False
5825,L53004,L,301.2,311.0,39.949968710876355,37.2,219.0,False,False,False,False,False,False
6539,L53718,L,301.4,310.7,38.561638969317684,44.6,88.0,False,False,False,False,False,False
7088,L54267,L,300.6,310.3,40.59556626036888,30.5,217.0,True,True,False,False,False,False
8815,L55994,L,297.2,310.1,38.23610858861032,51.2,102.0,False,False,False,False,False,False
4798,L51977,L,303.5,312.5,37.14835124201342,46.1,166.0,False,False,False,False,False,False
1002,L48181,L,296.3,307.1,40.76763422127902,32.9,190.0,False,False,False,False,False,False
1837,L49016,L,297.7,307.2,38.961519477556315,35.8,195.0,False,False,False,False,False,False
3227,L50406,L,300.5,309.3,38.27531841800928,46.0,89.0,False,False,False,False,False,False
3111,H32524,H,299.9,309.2,39.05124837953327,33.2,0.0,False,False,False,False,False,False
1816,M16675,M,298.1,307.6,39.56008088970496,36.3,140.0,False,False,False,False,False,False
5093,M19952,M,303.9,313.2,40.099875311526844,40.6,79.0,False,False,False,False,False,False
4762,H34175,H,303.7,311.9,36.49657518178932,52.7,66.0,True,False,True,False,False,False
2302,M17161,M,299.2,308.6,39.824615503479755,35.7,138.0,False,False,False,False,False,False
883,M15742,M,295.7,306.2,41.701318923986086,25.9,94.0,False,False,False,False,False,False
193,H29606,H,298.2,308.4,37.389838191679836,51.8,76.0,False,False,False,False,False,False
2426,L49605,L,298.8,308.1,38.36665218650175,53.5,28.0,False,False,False,False,False,False
8653,H38066,H,297.3,308.3,38.22302970723278,41.5,108.0,False,False,False,False,False,False
5658,L52837,L,302.3,311.5,42.35563716909474,26.1,7.0,False,False,False,False,False,False
9583,M24442,M,300.1,310.5,37.469987990390386,47.5,12.0,False,False,False,False,False,False
5289,L52468,L,303.8,313.2,39.1279950930277,39.4,159.0,False,False,False,False,False,False
5839,M20698,M,301.4,311.2,38.41874542459709,36.5,25.0,False,False,False,False,False,False
5984,H35397,H,300.8,310.8,38.28837943815329,45.2,188.0,False,False,False,False,False,False
7655,M22514,M,300.3,311.5,39.242833740697165,41.5,151.0,False,False,False,False,False,False
9692,L56871,L,299.0,310.0,39.774363602702685,31.9,51.0,False,False,False,False,False,False
7157,M22016,M,300.2,310.0,40.792156108742276,30.7,179.0,False,False,False,False,False,False
9810,M24669,M,298.2,309.0,36.78314831549904,50.3,150.0,False,False,False,False,False,False
4288,M19147,M,300.1,309.9,38.17066936798463,39.2,192.0,False,False,False,False,False,False
4870,L52049,L,303.7,312.4,41.44876355212541,26.5,130.0,False,False,False,False,False,False
3651,L50830,L,302.1,310.1,38.02630668366309,39.7,95.0,False,False,False,False,False,False
7986,L55165,L,301.0,312.2,39.242833740697165,34.1,113.0,False,False,False,False,False,False
3390,M18249,M,300.1,310.7,37.62977544445356,53.2,69.0,False,False,False,False,False,False
2143,L49322,L,299.3,308.9,37.094473981982816,60.3,163.0,False,False,False,False,False,False
1421,M16280,M,298.8,309.9,38.66522985836241,35.2,108.0,False,False,False,False,False,False
422,M15281,M,297.3,308.3,40.70626487409524,31.1,8.0,False,False,False,False,False,False
4726,M19585,M,303.4,311.8,38.92300091205713,42.6,204.0,False,False,False,False,False,False
2706,L49885,L,300.1,309.2,36.41428291206625,64.8,71.0,False,False,False,False,False,False
5925,L53104,L,300.3,310.2,37.0,48.8,108.0,False,False,False,False,False,False
131,L47310,L,298.8,308.4,38.379682124790975,41.1,108.0,False,False,False,False,False,False
1362,M16221,M,298.6,310.1,38.18376618407357,41.9,61.0,False,False,False,False,False,False
5201,L52380,L,303.8,312.8,37.62977544445356,58.7,156.0,False,False,False,False,False,False
81,H29494,H,298.8,308.8,38.01315561749642,49.9,4.0,False,False,False,False,False,False
1651,M16510,M,298.0,307.9,37.64306044943742,51.0,137.0,False,False,False,False,False,False
9342,M24201,M,298.3,308.9,36.91882988394946,46.1,5.0,False,False,False,False,False,False
5957,L53136,L,300.7,310.9,39.179076048319466,37.1,113.0,False,False,False,False,False,False
7306,M22165,M,300.0,310.5,42.30839160261236,25.7,123.0,False,False,False,False,False,False
8681,L55860,L,297.2,308.5,38.65229618017538,39.6,181.0,False,False,False,False,False,False
5468,L52647,L,302.9,312.4,37.1887079635741,51.4,160.0,False,False,False,False,False,False
3545,M18404,M,301.9,310.9,38.50973902793941,37.0,35.0,False,False,False,False,False,False
4609,M19468,M,303.0,311.2,38.97435053981015,38.0,139.0,False,False,False,False,False,False
5696,L52875,L,302.4,311.8,38.09199390948182,42.0,110.0,False,False,False,False,False,False
3346,L50525,L,301.3,310.7,39.92492955535426,34.1,172.0,False,False,False,False,False,False
8361,L55540,L,298.6,309.6,39.242833740697165,35.8,5.0,False,False,False,False,False,False
5821,L53000,L,301.3,311.1,41.50903516103452,27.6,210.0,False,False,False,False,False,False
1607,L48786,L,297.8,307.7,38.79432948254165,39.7,25.0,False,False,False,False,False,False
2541,L49720,L,299.1,308.8,38.7556447501522,38.3,88.0,False,False,False,False,False,False
7331,H36744,H,299.8,310.2,39.20459156782532,36.6,191.0,False,False,False,False,False,False
7209,L54388,L,299.8,309.7,41.31585652022719,29.1,94.0,False,False,False,False,False,False
522,L47701,L,297.5,309.4,38.691084244306204,35.8,44.0,False,False,False,False,False,False
9083,L56262,L,300.1,307.9,36.180105030251084,49.6,108.0,False,False,False,False,False,False
1461,L48640,L,299.0,310.3,37.907782842049734,47.8,99.0,False,False,False,False,False,False
6640,L53819,L,301.4,310.5,37.14835124201342,48.4,131.0,False,False,False,False,False,False
2557,M17416,M,299.3,310.1,38.06573262134856,47.9,131.0,False,False,False,False,False,False
9361,L56540,L,298.0,310.1,39.14077158156185,42.6,54.0,False,False,False,False,False,False
7703,M22562,M,300.7,311.7,41.24318125460256,30.8,44.0,False,False,False,False,False,False
9166,L56345,L,297.6,308.6,36.41428291206625,62.4,173.0,False,False,False,False,False,False
8415,L55594,L,298.6,309.8,42.91852746774987,20.1,142.0,False,False,False,False,False,False
4082,L51261,L,302.0,310.4,36.55133376499413,58.2,110.0,True,False,True,False,False,False
9595,L56774,L,299.1,310.1,41.557189510360296,28.7,43.0,False,False,False,False,False,False
8258,M23117,M,299.0,310.6,39.83716857408418,34.2,141.0,False,False,False,False,False,False
1310,L48489,L,298.9,310.2,40.66939881532551,31.1,158.0,False,False,False,False,False,False
2559,M17418,M,299.2,309.0,43.37049688440288,23.9,137.0,False,False,False,False,False,False
2611,H32024,H,299.4,310.1,39.331920878594275,40.9,50.0,False,False,False,False,False,False
5400,H34813,H,302.8,312.4,37.5632799419859,53.8,246.0,True,False,False,False,True,False
9792,M24651,M,298.5,309.4,39.0,37.5,94.0,False,False,False,False,False,False
6104,L53283,L,300.1,310.8,37.5099986670221,45.1,51.0,False,False,False,False,False,False
861,H30274,H,296.1,306.9,39.25557285278104,32.6,33.0,False,False,False,False,False,False
8054,L55233,L,300.5,311.9,43.439613257946945,21.7,56.0,False,False,False,False,False,False
2670,H32083,H,299.7,309.3,38.65229618017538,37.8,214.0,False,False,False,False,False,False
3401,H32814,H,300.1,310.7,39.191835884530846,44.4,96.0,False,False,False,False,False,False
4976,L52155,L,303.7,312.7,37.76241517699841,45.5,192.0,False,False,False,False,False,False
2723,L49902,L,299.6,309.3,39.4715087119811,34.8,115.0,False,False,False,False,False,False
9753,L56932,L,298.6,309.8,39.50949253027682,32.6,201.0,False,False,False,False,False,False
6063,M20922,M,301.1,311.2,37.5099986670221,53.0,165.0,False,False,False,False,False,False
7556,L54735,L,300.3,311.3,36.49657518178932,60.5,112.0,False,False,False,False,False,False
9926,M24785,M,298.5,308.7,36.9729630946723,47.3,47.0,False,False,False,False,False,False
5021,L52200,L,304.1,310.1,39.44616584663204,36.3,86.0,False,False,False,False,False,False
8556,L55735,L,298.2,309.0,39.949968710876355,37.2,87.0,False,False,False,False,False,False
124,L47303,L,298.9,308.7,39.319206502675,43.4,114.0,False,False,False,False,False,False
9477,M24336,M,298.8,309.6,41.13392760240627,31.9,167.0,False,False,False,False,False,False
2697,L49876,L,300.0,309.6,38.1051177665153,46.0,51.0,False,False,False,False,False,False
3219,L50398,L,300.6,309.6,37.76241517699841,53.6,66.0,False,False,False,False,False,False
9775,H39188,H,298.6,310.1,37.080992435478315,41.0,108.0,False,False,False,False,False,False
6794,L53973,L,301.3,310.7,40.099875311526844,31.4,86.0,False,False,False,False,False,False
1275,H30688,H,298.1,309.5,39.11521443121589,40.2,65.0,False,False,False,False,False,False
561,L47740,L,297.5,309.4,36.30426972134269,58.2,146.0,False,False,False,False,False,False
807,M15666,M,297.0,307.9,37.70941526992961,53.0,115.0,False,False,False,False,False,False
296,M15155,M,298.1,308.6,41.42463035441596,30.7,119.0,False,False,False,False,False,False
9706,L56885,L,300.1,310.0,38.49675310984031,41.1,82.0,False,False,False,False,False,False
4712,M19571,M,303.4,311.7,38.92300091205713,44.2,168.0,False,False,False,False,False,False
1491,L48670,L,298.2,310.1,36.61966684720111,43.8,171.0,False,False,False,False,False,False
5763,L52942,L,300.1,311.2,36.52396473549935,52.3,68.0,False,False,False,False,False,False
6052,L53231,L,300.9,311.0,37.17526059088221,51.2,136.0,False,False,False,False,False,False
9965,L57144,L,298.3,307.9,42.02380277890139,26.5,108.0,False,False,False,False,False,False
2904,M17763,M,300.7,309.5,41.6293165929973,26.7,108.0,False,False,False,False,False,False
7279,H36692,H,300.0,310.1,41.400483088968905,28.7,55.0,False,False,False,False,False,False
9433,L56612,L,298.0,308.7,40.23679907746142,40.1,45.0,False,False,False,False,False,False
3831,L51010,L,302.3,310.9,43.485629810317796,22.7,108.0,False,False,False,False,False,False
7341,L54520,L,299.7,310.1,37.22902093797257,46.6,2.0,False,False,False,False,False,False
4362,M19221,M,302.1,310.1,37.134889255254286,48.2,166.0,True,False,True,False,False,False
980,L48159,L,300.1,306.8,37.26929030716845,53.3,132.0,False,False,False,False,False,False
7802,L54981,L,300.0,311.4,37.1887079635741,49.6,101.0,False,False,False,False,False,False
7423,L54602,L,300.0,311.2,36.75595189897821,44.1,206.0,False,False,False,False,False,False
7870,M22729,M,300.5,312.0,42.17819341792628,27.7,46.0,False,False,False,False,False,False
2550,L49729,L,299.4,309.2,38.58756276314948,42.3,114.0,False,False,False,False,False,False
2530,M17389,M,298.8,308.6,39.63584236521283,33.7,61.0,False,False,False,False,False,False
1460,L48639,L,299.0,310.3,38.36665218650175,36.1,97.0,False,False,False,False,False,False
9320,L56499,L,298.5,309.4,43.71498598878879,21.5,164.0,False,False,False,False,False,False
7330,M22189,M,299.9,310.4,39.698866482558415,34.3,188.0,False,False,False,False,False,False
6294,H35707,H,301.0,310.4,38.88444419044716,44.9,108.0,False,False,False,False,False,False
587,L47766,L,297.6,309.6,38.742741255621034,49.8,222.0,True,False,False,False,True,False
8057,L55236,L,300.1,311.5,38.71692136521188,43.4,65.0,False,False,False,False,False,False
7082,L54261,L,300.7,310.4,36.959437225152655,52.6,205.0,False,False,False,False,False,False
4315,H33728,H,301.4,310.1,40.28647415696737,32.3,39.0,False,False,False,False,False,False
3386,L50565,L,301.5,310.7,38.28837943815329,43.6,56.0,False,False,False,False,False,False
7932,L55111,L,300.7,311.7,38.71692136521188,38.4,108.0,False,False,False,False,False,False
29,L47208,L,299.1,309.4,37.93415347678132,44.2,82.0,False,False,False,False,False,False
3274,M18133,M,301.3,309.9,39.56008088970496,36.0,213.0,False,False,False,False,False,False
6116,L53295,L,300.8,310.9,38.17066936798463,47.7,108.0,False,False,False,False,False,False
9177,L56356,L,297.8,308.9,38.961519477556315,40.4,2.0,False,False,False,False,False,False
3953,L51132,L,302.3,311.4,38.41874542459709,37.3,20.0,False,False,False,False,False,False
6979,L54158,L,300.7,311.1,37.77565353504821,50.3,137.0,False,False,False,False,False,False
9225,L56404,L,297.9,309.0,38.07886552931954,46.8,118.0,False,False,False,False,False,False
3007,L50186,L,300.4,310.1,38.57460304397182,35.7,177.0,False,False,False,False,False,False
2990,L50169,L,300.6,309.8,38.7556447501522,42.4,133.0,False,False,False,False,False,False
4126,L51305,L,302.1,310.6,37.93415347678132,40.0,7.0,False,False,False,False,False,False
9894,M24753,M,298.9,309.6,35.832945734337834,55.3,166.0,False,False,False,False,False,False
5206,L52385,L,303.7,312.7,38.31448812133603,43.3,168.0,False,False,False,False,False,False
8906,L56085,L,297.3,308.6,37.21558813185679,55.2,156.0,False,False,False,False,False,False
5801,L52980,L,301.5,310.9,38.3275357934736,44.7,164.0,False,False,False,False,False,False
6347,L53526,L,300.2,310.1,35.70714214271425,60.7,15.0,False,False,False,False,False,False
8505,L55684,L,298.4,309.7,37.66961640367472,41.3,159.0,False,False,False,False,False,False
1970,H31383,H,297.8,307.5,40.38564101261734,31.3,124.0,False,False,False,False,False,False
5874,M20733,M,301.5,311.1,37.36308338453881,43.5,112.0,False,False,False,False,False,False
42,L47221,L,298.8,310.1,36.98648401781386,50.8,115.0,False,False,False,False,False,False
5517,L52696,L,302.6,312.0,40.91454509095757,32.2,70.0,False,False,False,False,False,False
6078,L53257,L,300.1,310.7,38.45776904605882,43.3,201.0,False,False,False,False,False,False
9183,M24042,M,297.8,309.0,39.698866482558415,45.0,17.0,False,False,False,False,False,False
4658,L51837,L,303.1,311.2,40.34848200366403,35.2,23.0,False,False,False,False,False,False
1558,L48737,L,298.3,308.4,39.81205847478876,30.6,127.0,False,False,False,False,False,False
2898,M17757,M,300.6,309.5,39.11521443121589,40.2,93.0,False,False,False,False,False,False
4935,L52114,L,303.4,310.1,39.74921382870358,35.8,90.0,False,False,False,False,False,False
566,H29979,H,300.1,309.7,39.6232255123179,35.8,160.0,False,False,False,False,False,False
6375,L53554,L,300.0,309.5,38.80721582386451,38.8,87.0,False,False,False,False,False,False
7948,L55127,L,300.8,311.7,37.76241517699841,45.5,16.0,False,False,False,False,False,False
4404,L51583,L,302.3,310.1,37.255872020394314,49.9,48.0,False,False,False,False,False,False
4506,L51685,L,302.4,310.1,37.76241517699841,46.8,95.0,False,False,False,False,False,False
4166,M19025,M,302.2,310.5,38.82009788756334,40.4,111.0,False,False,False,False,False,False
8736,L55915,L,297.3,308.6,36.851051545376556,47.6,110.0,False,False,False,False,False,False
8483,L55662,L,298.4,309.5,38.98717737923585,38.1,106.0,False,False,False,False,False,False
7014,M21873,M,300.4,310.1,39.293765408777,36.3,21.0,False,False,False,False,False,False
1574,L48753,L,298.2,308.2,38.28837943815329,42.4,164.0,False,False,False,False,False,False
8068,M22927,M,300.1,312.0,38.600518131237564,39.8,94.0,False,False,False,False,False,False
1073,M15932,M,297.0,307.9,37.603191353926334,46.2,165.0,False,False,False,False,False,False
304,M15163,M,297.8,310.1,38.45776904605882,43.5,143.0,False,False,False,False,False,False
1923,L49102,L,300.1,310.1,41.42463035441596,26.6,9.0,False,False,False,False,False,False
8099,L55278,L,300.2,311.6,38.72983346207417,39.0,174.0,False,False,False,False,False,False
4462,L51641,L,302.7,310.5,40.52159917870962,30.8,195.0,False,False,False,False,False,False
9488,L56667,L,298.9,309.6,39.786932528155525,39.8,202.0,False,False,False,False,False,False
8462,L55641,L,298.7,309.9,38.02630668366309,43.3,46.0,False,False,False,False,False,False
7622,L54801,L,300.5,311.5,38.600518131237564,38.4,67.0,False,False,False,False,False,False
5391,H34804,H,302.8,312.3,38.50973902793941,47.2,223.0,False,False,False,False,False,False
7954,L55133,L,301.0,312.0,38.03945320322047,36.8,31.0,False,False,False,False,False,False
4771,L51950,L,303.5,311.9,36.66060555964672,49.3,93.0,True,False,True,False,False,False
1107,L48286,L,296.7,310.1,39.242833740697165,38.6,53.0,False,False,False,False,False,False
3604,L50783,L,301.7,310.7,39.26830783214372,40.0,188.0,False,False,False,False,False,False
4269,L51448,L,302.7,311.0,41.15823125451335,29.8,150.0,False,False,False,False,False,False
5288,H34701,H,300.1,313.2,38.80721582386451,46.9,154.0,False,False,False,False,False,False
3859,L51038,L,302.5,311.4,39.48417404479927,37.6,209.0,False,False,False,False,False,False
3736,M18595,M,302.2,311.1,37.86819245752297,58.6,102.0,False,False,False,False,False,False
3031,M17890,M,300.1,309.6,39.534794801541594,34.0,6.0,False,False,False,False,False,False
1995,M16854,M,298.2,307.9,37.456641600656084,45.1,193.0,False,False,False,False,False,False
1005,H30418,H,296.3,307.2,37.73592452822641,42.0,196.0,False,False,False,False,False,False
4673,L51852,L,303.3,311.5,37.57658845611187,55.6,67.0,False,False,False,False,False,False
3149,H32562,H,300.4,309.8,38.05259518088089,39.7,107.0,False,False,False,False,False,False
6758,L53937,L,301.8,311.2,42.68489194082609,26.2,204.0,False,False,False,False,False,False
2759,M17618,M,299.7,309.2,37.57658845611187,45.3,205.0,False,False,False,False,False,False
7548,L54727,L,300.1,311.4,37.815340802378074,40.9,93.0,False,False,False,False,False,False
4552,M19411,M,302.6,310.5,39.03844259188627,33.7,204.0,False,False,False,False,False,False
8181,M23040,M,300.1,311.2,40.19950248448356,42.3,180.0,False,False,False,False,False,False
7846,L55025,L,300.2,311.8,42.40283009422838,23.2,210.0,False,False,False,False,False,False
6346,L53525,L,300.2,309.8,40.620192023179804,29.6,13.0,False,False,False,False,False,False
7071,L54250,L,300.7,310.7,36.51027252705737,61.0,177.0,False,False,False,False,False,False
3827,H33240,H,302.3,310.8,37.92097045171708,43.8,119.0,False,False,False,False,False,False
6864,L54043,L,301.1,311.3,40.3732584763727,29.5,51.0,False,False,False,False,False,False
3049,L50228,L,300.2,309.3,39.14077158156185,43.2,53.0,False,False,False,False,False,False
7833,L55012,L,300.0,311.4,38.52272056851645,37.0,183.0,False,False,False,False,False,False
2657,L49836,L,299.9,309.5,36.72873534441391,51.3,176.0,False,False,False,False,False,False
5671,L52850,L,302.2,311.5,37.73592452822641,45.2,39.0,False,False,False,False,False,False
6362,M21221,M,300.1,309.7,36.71511950137164,57.3,48.0,False,False,False,False,False,False
9635,L56814,L,300.1,310.2,37.749172176353746,52.7,154.0,False,False,False,False,False,False
675,L47854,L,297.8,309.0,38.157568056677825,41.2,0.0,False,False,False,False,False,False
5361,L52540,L,303.3,312.6,38.24918299781056,44.0,140.0,False,False,False,False,False,False
7207,L54386,L,299.8,309.7,38.17066936798463,51.9,89.0,False,False,False,False,False,False
551,L47730,L,300.1,309.2,41.20679555607303,29.4,119.0,False,False,False,False,False,False
9413,L56592,L,298.0,308.5,41.255302689472536,26.7,203.0,False,False,False,False,False,False
8039,L55218,L,300.7,311.8,38.54867053479276,47.3,19.0,False,False,False,False,False,False
1242,M16101,M,297.1,308.5,40.26164427839479,32.4,194.0,False,False,False,False,False,False
6266,L53445,L,300.8,310.3,37.1887079635741,46.6,19.0,False,False,False,False,False,False
5958,L53137,L,300.7,310.9,40.45985664828782,37.2,115.0,False,False,False,False,False,False
650,M15509,M,297.7,309.2,41.617304093369626,28.8,152.0,False,False,False,False,False,False
2243,L49422,L,299.2,308.4,40.82891132518721,29.0,199.0,False,False,False,False,False,False
9985,H39398,H,298.7,308.4,37.841775856849004,42.8,197.0,False,False,False,False,False,False
499,L47678,L,297.5,310.1,40.13726448077895,30.2,211.0,False,False,False,False,False,False
4845,M19704,M,303.4,311.8,36.27671429443411,50.9,69.0,True,False,True,False,False,False
8113,M22972,M,300.4,311.8,37.97367509209505,45.1,0.0,False,False,False,False,False,False
2201,L49380,L,299.8,309.1,39.319206502675,35.6,93.0,False,False,False,False,False,False
2264,M17123,M,300.1,308.4,39.102429592034305,43.0,50.0,False,False,False,False,False,False
995,M15854,M,300.1,307.2,34.17601498127012,63.4,172.0,False,False,False,False,False,False
1209,L48388,L,297.0,310.1,38.58756276314948,44.1,96.0,False,False,False,False,False,False
2595,L49774,L,298.8,310.1,38.02630668366309,37.0,11.0,False,False,False,False,False,False
1414,M16273,M,298.7,309.8,39.08964057138413,36.7,197.0,False,False,False,False,False,False
8199,M23058,M,299.3,310.7,37.067505985701274,48.9,222.0,False,False,False,False,False,False
3518,L50697,L,302.0,310.1,39.370039370059054,35.2,184.0,False,False,False,False,False,False
223,L47402,L,298.4,308.6,36.11094017053558,45.0,158.0,False,False,False,False,False,False
3598,M18457,M,301.7,310.5,41.52107898405339,33.0,171.0,False,False,False,False,False,False
4742,L51921,L,303.2,311.3,37.322915213043046,52.9,12.0,False,False,False,False,False,False
3411,L50590,L,301.2,310.3,38.09199390948182,39.7,123.0,False,False,False,False,False,False
8765,L55944,L,297.4,308.8,40.24922359499622,33.4,186.0,False,False,False,False,False,False
2242,L49421,L,299.2,308.4,41.36423575989287,28.9,197.0,False,False,False,False,False,False
8808,M23667,M,297.4,308.6,40.049968789001575,32.8,85.0,False,False,False,False,False,False
804,H30217,H,296.9,307.8,39.35733730830886,37.8,104.0,False,False,False,False,False,False
2939,L50118,L,300.7,309.5,38.45776904605882,34.5,197.0,False,False,False,False,False,False
3476,L50655,L,301.8,310.7,40.54626986542659,33.4,68.0,False,False,False,False,False,False
7070,L54249,L,300.1,310.1,39.05124837953327,39.4,175.0,False,False,False,False,False,False
6872,L54051,L,301.0,311.3,36.72873534441391,47.0,71.0,False,False,False,False,False,False
3314,L50493,L,301.4,310.4,41.677331968349414,31.9,96.0,False,False,False,False,False,False
7940,L55119,L,300.8,311.8,37.64306044943742,43.4,223.0,False,False,False,False,False,False
7607,M22466,M,300.4,311.3,36.742346141747674,56.5,31.0,False,False,False,False,False,False
6012,L53191,L,300.1,310.8,39.54743986657038,36.2,31.0,False,False,False,False,False,False
9214,L56393,L,298.0,309.0,40.97560249709576,32.4,90.0,False,False,False,False,False,False
3883,L51062,L,302.5,311.6,37.66961640367472,43.7,39.0,False,False,False,False,False,False
7720,H37133,H,300.6,311.7,39.179076048319466,33.3,92.0,False,False,False,False,False,False
2059,M16918,M,299.5,309.3,43.61192497471305,24.0,151.0,False,False,False,False,False,False
5003,L52182,L,303.7,310.1,40.33608806019741,31.7,40.0,False,False,False,False,False,False
3065,M17924,M,300.1,309.1,41.60528812542944,30.4,92.0,False,False,False,False,False,False
4521,L51700,L,302.4,310.4,38.157568056677825,47.6,127.0,False,False,False,False,False,False
8706,L55885,L,297.2,308.6,37.907782842049734,52.4,37.0,False,False,False,False,False,False
7637,L54816,L,300.4,311.5,41.27953488110059,29.7,103.0,False,False,False,False,False,False
2055,M16914,M,299.6,309.4,40.06245124802026,29.8,142.0,False,False,False,False,False,False
2767,M17626,M,299.9,309.4,43.46262762420146,26.0,6.0,False,False,False,False,False,False
5411,M20270,M,302.7,312.5,37.64306044943742,51.5,19.0,False,False,False,False,False,False
5557,H34970,H,302.5,312.0,36.837480912787726,42.0,179.0,False,False,False,False,False,False
1194,L48373,L,297.1,308.2,36.701498607005135,50.8,49.0,False,False,False,False,False,False
5163,L52342,L,304.2,313.3,38.262252939417984,45.9,48.0,False,False,False,False,False,False
8273,L55452,L,298.9,310.6,36.91882988394946,52.6,190.0,False,False,False,False,False,False
6274,L53453,L,301.2,310.8,41.36423575989287,28.9,38.0,False,False,False,False,False,False
7529,M22388,M,300.1,311.3,41.80908992073375,26.6,42.0,False,False,False,False,False,False
2041,L49220,L,299.1,308.9,41.060930335295616,29.6,108.0,False,False,False,False,False,False
9228,L56407,L,298.0,309.1,38.379682124790975,44.3,124.0,False,False,False,False,False,False
119,M14978,M,298.8,308.6,41.31585652022719,28.1,103.0,False,False,False,False,False,False
4244,M19103,M,302.4,310.9,37.881393849751625,42.3,83.0,False,False,False,False,False,False
8008,M22867,M,301.0,312.1,40.792156108742276,28.4,168.0,False,False,False,False,False,False
7224,L54403,L,299.8,310.1,37.067505985701274,51.6,137.0,False,False,False,False,False,False
9790,L56969,L,298.6,309.6,41.41255848169731,28.4,90.0,False,False,False,False,False,False
8228,M23087,M,299.1,310.4,39.03844259188627,51.4,66.0,False,False,False,False,False,False
4703,L51882,L,303.6,311.8,34.95711658589707,66.8,108.0,True,False,True,False,False,False
184,L47363,L,298.1,308.2,38.535697735995385,40.7,57.0,False,False,False,False,False,False
5738,L52917,L,302.3,310.1,39.67366884975475,42.8,215.0,False,False,False,False,False,False
8677,M23536,M,297.3,308.5,38.98717737923585,42.4,171.0,False,False,False,False,False,False
5403,L52582,L,302.7,312.3,37.69615364994153,48.5,0.0,False,False,False,False,False,False
5017,L52196,L,303.9,313.0,37.52332607858744,47.5,76.0,False,False,False,False,False,False
553,M15412,M,297.4,309.3,40.27406113120453,35.0,123.0,False,False,False,False,False,False
6013,H35426,H,300.8,310.9,37.749172176353746,44.0,33.0,False,False,False,False,False,False
6628,M21487,M,300.1,310.6,43.31281565541543,22.1,99.0,False,False,False,False,False,False
7033,L54212,L,300.7,310.9,41.50903516103452,31.0,73.0,False,False,False,False,False,False
2482,L49661,L,299.0,308.6,37.12142238654117,47.8,163.0,False,False,False,False,False,False
2170,L49349,L,300.1,309.1,37.61648574760805,49.2,8.0,False,False,False,False,False,False
8191,M23050,M,299.7,310.9,40.24922359499622,37.2,203.0,False,False,False,False,False,False
7928,L55107,L,300.7,311.9,38.41874542459709,42.0,196.0,False,False,False,False,False,False
6665,L53844,L,301.3,310.4,39.21734310225516,38.4,195.0,False,False,False,False,False,False
3202,L50381,L,300.2,309.1,38.45776904605882,47.0,22.0,False,False,False,False,False,False
4195,L51374,L,302.4,311.0,37.72267222772003,46.2,186.0,False,False,False,False,False,False
7109,M21968,M,300.8,310.5,38.87158345115362,35.8,54.0,False,False,False,False,False,False
4249,L51428,L,302.6,311.0,38.80721582386451,37.2,95.0,False,False,False,False,False,False
3987,M18846,M,302.2,311.3,39.71145930332956,29.8,112.0,False,False,False,False,False,False
8697,L55876,L,297.2,308.6,37.589892258425,49.8,12.0,False,False,False,False,False,False
8947,M23806,M,297.3,308.2,42.96510211788167,24.5,41.0,False,False,False,False,False,False
5698,L52877,L,302.5,311.9,36.796738985948195,49.4,117.0,False,False,False,False,False,False
7123,L54302,L,300.9,310.4,42.28474902373195,27.8,90.0,False,False,False,False,False,False
3096,M17955,M,299.9,309.2,39.67366884975475,36.5,177.0,False,False,False,False,False,False
670,H30083,H,297.5,308.9,38.353617821530214,37.7,197.0,False,False,False,False,False,False
1198,M16057,M,296.9,307.9,37.960505792204614,47.6,60.0,False,False,False,False,False,False
9554,L56733,L,299.3,310.7,38.66522985836241,39.2,144.0,False,False,False,False,False,False
4083,L51262,L,302.0,310.4,39.59797974644666,39.2,112.0,False,False,False,False,False,False
7898,L55077,L,300.8,312.5,37.86819245752297,50.7,121.0,False,False,False,False,False,False
2392,L49571,L,299.2,308.4,39.74921382870358,32.6,142.0,False,False,False,False,False,False
5549,L52728,L,302.3,310.1,40.06245124802026,35.2,152.0,False,False,False,False,False,False
6497,L53676,L,300.7,309.9,42.60281680828159,27.0,190.0,False,False,False,False,False,False
1057,L48236,L,296.8,307.8,39.56008088970496,39.5,124.0,False,False,False,False,False,False
7464,H36877,H,300.1,311.4,38.961519477556315,46.9,87.0,False,False,False,False,False,False
4681,L51860,L,303.6,311.7,38.61346915261564,39.8,92.0,False,False,False,False,False,False
6205,M21064,M,300.9,310.8,38.97435053981015,34.9,73.0,False,False,False,False,False,False
7020,L54199,L,300.8,310.8,41.72529209005013,27.1,39.0,False,False,False,False,False,False
7666,L54845,L,300.5,311.6,38.691084244306204,40.5,180.0,False,False,False,False,False,False
3974,L51153,L,300.1,311.4,39.179076048319466,41.8,77.0,False,False,False,False,False,False
163,L47342,L,298.3,308.1,39.824615503479755,35.5,0.0,False,False,False,False,False,False
359,M15218,M,297.6,308.3,38.301436004411116,36.7,68.0,False,False,False,False,False,False
9779,H39192,H,298.7,309.7,36.207733980463345,54.5,52.0,False,False,False,False,False,False
8530,M23389,M,298.5,309.4,39.01281840626232,47.4,20.0,False,False,False,False,False,False
7871,M22730,M,300.6,312.1,35.958309192730404,52.3,49.0,False,False,False,False,False,False
7786,L54965,L,300.2,311.5,37.1887079635741,42.1,60.0,False,False,False,False,False,False
6972,M21831,M,300.7,311.0,39.48417404479927,42.8,121.0,False,False,False,False,False,False
3057,L50236,L,300.1,309.2,40.82891132518721,29.9,75.0,False,False,False,False,False,False
6108,L53287,L,300.9,311.0,37.92097045171708,49.0,61.0,False,False,False,False,False,False
5136,L52315,L,304.1,313.3,43.393547907494266,24.5,190.0,False,False,False,False,False,False
7615,L54794,L,300.5,311.4,37.841775856849004,47.5,51.0,False,False,False,False,False,False
7311,L54490,L,300.0,310.5,40.07492981902776,33.5,135.0,False,False,False,False,False,False
1177,M16036,M,297.2,308.3,37.8021163428716,42.0,6.0,False,False,False,False,False,False
9745,L56924,L,298.8,310.1,39.67366884975475,36.2,181.0,False,False,False,False,False,False
9289,L56468,L,298.2,308.9,38.0,53.1,83.0,False,False,False,False,False,False
9275,L56454,L,298.2,310.1,37.78888725538237,54.9,45.0,False,False,False,False,False,False
3646,L50825,L,302.2,311.5,37.589892258425,43.5,83.0,False,False,False,False,False,False
7848,L55027,L,300.2,311.6,36.359317925395686,50.9,215.0,False,False,False,False,False,False
5831,M20690,M,301.3,311.2,37.92097045171708,42.4,7.0,False,False,False,False,False,False
5210,M20069,M,303.8,312.7,38.82009788756334,38.5,180.0,False,False,False,False,False,False
5518,L52697,L,302.6,311.9,38.05259518088089,49.5,72.0,False,False,False,False,False,False
8126,L55305,L,300.2,311.4,38.1051177665153,47.8,34.0,False,False,False,False,False,False
7559,M22418,M,300.3,311.4,37.22902093797257,48.1,119.0,False,False,False,False,False,False
2053,L49232,L,299.5,309.3,38.43175770115127,40.4,138.0,False,False,False,False,False,False
9734,M24593,M,298.9,310.1,37.97367509209505,42.9,153.0,False,False,False,False,False,False
2920,L50099,L,300.6,309.6,41.54515615568198,30.0,147.0,False,False,False,False,False,False
3277,L50456,L,301.3,310.0,37.92097045171708,40.9,7.0,False,False,False,False,False,False
5521,M20380,M,302.6,312.0,38.67815921162743,45.0,79.0,False,False,False,False,False,False
6147,M21006,M,301.1,311.1,38.34057902536163,40.6,159.0,False,False,False,False,False,False
8722,L55901,L,297.2,308.7,40.85339643163099,30.7,72.0,False,False,False,False,False,False
6673,L53852,L,301.6,310.7,37.73592452822641,50.5,214.0,False,False,False,False,False,False
3152,L50331,L,300.5,309.8,37.78888725538237,43.8,119.0,False,False,False,False,False,False
8499,L55678,L,298.4,309.6,38.45776904605882,37.8,144.0,False,False,False,False,False,False
1630,M16489,M,297.9,307.9,36.55133376499413,54.4,82.0,False,False,False,False,False,False
6645,L53824,L,301.5,310.6,39.56008088970496,43.9,142.0,False,False,False,False,False,False
4422,L51601,L,302.6,310.2,36.40054944640259,62.4,92.0,True,False,True,False,False,False
3395,L50574,L,301.5,310.6,37.48332962798263,42.3,83.0,False,False,False,False,False,False
4001,L51180,L,302.1,311.2,37.70941526992961,50.3,146.0,False,False,False,False,False,False
2508,H31921,H,299.2,309.1,37.54996671103717,47.1,9.0,False,False,False,False,False,False
9655,L56834,L,299.1,310.0,36.9729630946723,56.3,203.0,True,False,False,False,True,False
1182,L48361,L,297.2,308.3,37.134889255254286,52.1,21.0,False,False,False,False,False,False
3611,M18470,M,301.7,310.8,39.92492955535426,32.4,204.0,False,False,False,False,False,False
4454,L51633,L,302.4,310.2,37.416573867739416,53.7,175.0,False,False,False,False,False,False
48,L47227,L,298.8,310.1,37.656340767525464,46.3,133.0,False,False,False,False,False,False
4895,H34308,H,300.1,312.5,38.03945320322047,46.6,198.0,False,False,False,False,False,False
2175,L49354,L,299.6,309.2,39.64845520319802,33.4,20.0,False,False,False,False,False,False
6029,L53208,L,300.6,310.9,38.36665218650175,47.6,75.0,False,False,False,False,False,False
9793,H39206,H,298.5,309.4,39.66106403010388,36.0,97.0,False,False,False,False,False,False
2796,M17655,M,300.3,309.5,37.48332962798263,49.4,77.0,False,False,False,False,False,False
7484,L54663,L,300.2,310.1,40.87786687193939,28.8,149.0,False,False,False,False,False,False
3507,H32920,H,301.6,310.1,37.881393849751625,47.2,152.0,False,False,False,False,False,False
1706,M16565,M,298.1,307.8,40.099875311526844,32.6,57.0,False,False,False,False,False,False
4225,L51404,L,302.0,310.7,41.20679555607303,28.1,39.0,False,False,False,False,False,False
3588,H33001,H,300.1,310.5,38.44476557348217,38.6,141.0,False,False,False,False,False,False
4207,M19066,M,302.3,310.8,41.48493702538308,28.4,215.0,False,False,False,False,False,False
4730,L51909,L,303.4,311.8,36.138621999185304,61.0,215.0,True,False,True,False,True,False
3893,M18752,M,300.1,311.1,36.578682316343766,53.3,63.0,False,False,False,False,False,False
4911,M19770,M,303.5,312.4,40.07492981902776,31.7,22.0,False,False,False,False,False,False
8223,L55402,L,299.0,310.5,41.892720131306824,27.9,56.0,False,False,False,False,False,False
1598,L48777,L,297.9,308.1,39.1279950930277,40.8,108.0,False,False,False,False,False,False
3625,M18484,M,302.0,310.1,39.83716857408418,35.9,30.0,False,False,False,False,False,False
5498,M20357,M,302.9,310.1,39.382737335030434,40.0,20.0,False,False,False,False,False,False
8493,M23352,M,298.4,309.5,38.91015291668744,38.8,128.0,False,False,False,False,False,False
3848,M18707,M,302.3,311.0,38.07886552931954,45.7,108.0,False,False,False,False,False,False
6234,L53413,L,301.2,310.9,38.301436004411116,37.1,153.0,False,False,False,False,False,False
8093,M22952,M,300.2,311.6,38.897300677553446,40.8,157.0,False,False,False,False,False,False
5066,L52245,L,304.1,313.0,39.57271787481876,37.2,7.0,False,False,False,False,False,False
4391,M19250,M,300.1,310.1,37.69615364994153,45.4,9.0,False,False,False,False,False,False
6965,M21824,M,300.7,311.0,35.53871128783372,52.3,104.0,False,False,False,False,False,False
4775,L51954,L,303.6,312.0,42.74342054632502,23.3,103.0,False,False,False,False,False,False
598,H30011,H,297.6,309.6,37.78888725538237,46.6,13.0,False,False,False,False,False,False
1419,L48598,L,298.8,309.9,36.3318042491699,47.4,210.0,False,False,False,False,False,False
8088,L55267,L,300.1,311.4,38.02630668366309,40.6,147.0,False,False,False,False,False,False
8954,L56133,L,297.3,308.0,38.961519477556315,36.0,59.0,False,False,False,False,False,False
8807,L55986,L,297.4,308.5,41.13392760240627,34.3,83.0,False,False,False,False,False,False
4623,M19482,M,300.1,311.1,39.06404996924922,37.3,176.0,False,False,False,False,False,False
2270,L49449,L,299.3,310.1,36.24913792078372,48.2,65.0,False,False,False,False,False,False
4492,H33905,H,302.6,310.4,37.53664875824692,53.3,52.0,False,False,False,False,False,False
8749,L55928,L,297.3,308.5,37.20215047547655,39.6,144.0,False,False,False,False,False,False
4028,L51207,L,302.0,311.0,39.57271787481876,37.8,218.0,False,False,False,False,False,False
1410,L48589,L,298.9,310.1,38.28837943815329,42.5,187.0,False,False,False,False,False,False
5171,M20030,M,304.1,313.3,38.47076812334269,38.4,72.0,False,False,False,False,False,False
8903,H38316,H,297.4,308.7,39.01281840626232,46.3,146.0,False,False,False,False,False,False
6849,M21708,M,301.1,311.3,37.26929030716845,53.3,8.0,False,False,False,False,False,False
6,M14865,M,298.1,308.6,37.749172176353746,41.9,11.0,False,False,False,False,False,False
2219,L49398,L,300.1,309.1,41.38840417314975,33.5,141.0,False,False,False,False,False,False
9210,M24069,M,298.0,310.1,37.322915213043046,55.9,79.0,False,False,False,False,False,False
8178,L55357,L,299.7,311.1,37.93415347678132,44.9,174.0,False,False,False,False,False,False
8914,M23773,M,297.2,310.1,38.561638969317684,46.9,173.0,False,False,False,False,False,False
8796,L55975,L,297.3,308.4,38.19685850956856,39.4,59.0,False,False,False,False,False,False
6121,M20980,M,300.9,311.2,38.36665218650175,40.0,93.0,False,False,False,False,False,False
8186,L55365,L,299.7,311.1,39.42080668885405,41.0,192.0,False,False,False,False,False,False
5837,L53016,L,301.2,311.1,39.370039370059054,39.7,20.0,False,False,False,False,False,False
3793,L50972,L,302.3,310.9,38.19685850956856,35.0,32.0,False,False,False,False,False,False
1296,L48475,L,298.7,309.8,37.44329045369811,54.3,128.0,False,False,False,False,False,False
6730,H36143,H,301.5,310.9,39.03844259188627,40.4,124.0,False,False,False,False,False,False
873,M15732,M,295.8,306.4,36.53765181289022,51.7,69.0,False,False,False,False,False,False
6320,L53499,L,300.8,310.2,38.91015291668744,40.0,155.0,False,False,False,False,False,False
7879,L55058,L,300.1,312.3,37.656340767525464,49.0,69.0,False,False,False,False,False,False
5114,L52293,L,304.1,313.6,37.17526059088221,46.7,134.0,False,False,False,False,False,False
2587,L49766,L,299.0,308.7,39.20459156782532,42.8,202.0,False,False,False,False,False,False
9,M14868,M,298.3,308.7,40.82891132518721,28.6,18.0,False,False,False,False,False,False
2354,L49533,L,299.2,308.4,42.906875905849866,22.8,40.0,False,False,False,False,False,False
1095,L48274,L,300.1,307.5,36.796738985948195,44.4,16.0,False,False,False,False,False,False
8157,L55336,L,300.1,310.8,40.54626986542659,30.9,114.0,False,False,False,False,False,False
4347,L51526,L,301.8,310.1,39.97499218261337,30.4,124.0,False,False,False,False,False,False
5902,L53081,L,301.0,310.7,38.262252939417984,45.8,184.0,False,False,False,False,False,False
2390,L49569,L,299.2,308.5,43.2087954009366,27.0,138.0,False,False,False,False,False,False
5446,M20305,M,303.0,312.8,40.59556626036888,32.1,104.0,False,False,False,False,False,False
104,M14963,M,298.8,310.1,37.960505792204614,40.5,63.0,False,False,False,False,False,False
2932,L50111,L,300.8,310.1,37.05401462729781,45.4,179.0,False,False,False,False,False,False
9887,L57066,L,300.1,309.6,43.62338822237447,22.3,145.0,False,False,False,False,False,False
6355,L53534,L,300.1,309.6,39.56008088970496,34.8,108.0,False,False,False,False,False,False
8669,L55848,L,300.1,308.8,38.7556447501522,45.9,150.0,False,False,False,False,False,False
6811,L53990,L,301.0,310.7,41.557189510360296,34.5,127.0,False,False,False,False,False,False
9797,H39210,H,300.1,309.3,41.15823125451335,30.9,111.0,False,False,False,False,False,False
1906,L49085,L,297.9,307.6,41.0731055558257,29.1,176.0,False,False,False,False,False,False
6950,M21809,M,300.7,311.2,42.05948168962618,26.5,63.0,False,False,False,False,False,False
2830,L50009,L,300.3,309.3,40.149719799769464,36.0,158.0,False,False,False,False,False,False
2933,L50112,L,300.9,309.7,38.2099463490856,42.1,181.0,False,False,False,False,False,False
4883,L52062,L,303.7,312.5,38.23610858861032,46.2,165.0,False,False,False,False,False,False
3142,L50321,L,300.5,310.0,39.0,45.1,86.0,False,False,False,False,False,False
38,L47217,L,298.8,309.1,37.93415347678132,39.2,104.0,False,False,False,False,False,False
4135,L51314,L,301.8,310.3,41.08527716834828,28.8,31.0,False,False,False,False,False,False
1029,L48208,L,296.3,307.4,38.36665218650175,39.9,51.0,False,False,False,False,False,False
8750,L55929,L,297.2,308.4,40.95119045888654,26.4,146.0,False,False,False,False,False,False
8686,H38099,H,297.2,308.5,39.03844259188627,41.4,192.0,False,False,False,False,False,False
2249,M17108,M,299.3,308.5,36.11094017053558,60.6,108.0,False,False,False,False,False,False
4441,L51620,L,302.5,310.3,38.02630668366309,44.0,146.0,False,False,False,False,False,False
4530,M19389,M,302.4,310.4,39.824615503479755,34.3,149.0,False,False,False,False,False,False
6509,H35922,H,301.0,310.1,41.90465367951393,30.7,2.0,False,False,False,False,False,False
8423,H37836,H,298.9,310.3,35.25620512760839,63.0,163.0,False,False,False,False,False,False
1649,L48828,L,297.9,307.8,37.05401462729781,50.2,130.0,False,False,False,False,False,False
510,M15369,M,300.1,309.3,37.61648574760805,41.3,17.0,False,False,False,False,False,False
1154,H30567,H,297.0,307.9,38.05259518088089,45.6,108.0,False,False,False,False,False,False
231,L47410,L,298.3,310.1,39.6232255123179,34.8,175.0,False,False,False,False,False,False
7979,L55158,L,301.2,312.4,38.47076812334269,53.5,97.0,False,False,False,False,False,False
4364,H33777,H,302.1,310.1,42.941821107167776,24.6,171.0,False,False,False,False,False,False
2430,L49609,L,298.9,308.3,37.841775856849004,48.9,38.0,False,False,False,False,False,False
1647,M16506,M,297.9,307.7,39.07684736515984,42.8,125.0,False,False,False,False,False,False
4666,M19525,M,303.4,311.4,36.15245496505044,54.0,44.0,True,False,True,False,False,False
8876,H38289,H,298.1,309.3,36.49657518178932,51.0,72.0,False,False,False,False,False,False
8785,L55964,L,297.5,308.6,37.907782842049734,43.3,34.0,False,False,False,False,False,False
4950,M19809,M,303.8,312.7,39.433488306260706,33.4,128.0,False,False,False,False,False,False
5039,L52218,L,304.1,313.3,41.617304093369626,28.5,132.0,False,False,False,False,False,False
1203,M16062,M,297.0,308.1,36.810324638611924,51.4,108.0,False,False,False,False,False,False
64,M14923,M,298.9,309.0,42.567593307585526,25.9,174.0,False,False,False,False,False,False
9256,L56435,L,298.2,309.0,40.63249930782009,31.5,197.0,False,False,False,False,False,False
1963,L49142,L,297.8,307.5,37.296112397943034,48.6,109.0,False,False,False,False,False,False
413,L47592,L,297.5,308.6,37.255872020394314,48.2,203.0,False,False,False,False,False,False
938,L48117,L,295.6,306.2,35.53871128783372,61.8,27.0,False,False,False,False,False,False
8107,M22966,M,300.4,312.0,39.949968710876355,30.4,191.0,False,False,False,False,False,False
7545,L54724,L,300.2,311.4,37.749172176353746,44.2,84.0,False,False,False,False,False,False
5422,M20281,M,302.6,312.3,39.57271787481876,36.6,46.0,False,False,False,False,False,False
8174,H37587,H,299.9,311.4,38.691084244306204,37.0,162.0,False,False,False,False,False,False
7652,M22511,M,300.4,311.5,38.41874542459709,32.6,144.0,False,False,False,False,False,False
1575,L48754,L,298.2,308.2,38.44476557348217,50.1,166.0,False,False,False,False,False,False
3004,M17863,M,300.6,309.9,38.06573262134856,42.4,169.0,False,False,False,False,False,False
1596,L48775,L,298.0,308.2,36.945906403822335,52.9,218.0,True,False,False,False,True,False
1780,M16639,M,298.6,308.2,38.57460304397182,44.0,43.0,False,False,False,False,False,False
529,M15388,M,297.5,309.5,39.408120990476064,42.4,60.0,False,False,False,False,False,False
1216,L48395,L,296.8,307.9,41.340053217188775,28.4,118.0,False,False,False,False,False,False
3448,L50627,L,301.7,310.6,40.29888335921977,34.5,216.0,False,False,False,False,False,False
8685,L55864,L,297.2,308.5,39.84971769034255,40.4,190.0,False,False,False,False,False,False
1697,L48876,L,297.9,307.6,39.370039370059054,39.0,35.0,False,False,False,False,False,False
4266,L51445,L,302.6,311.0,37.73592452822641,38.0,144.0,False,False,False,False,False,False
329,H29742,H,297.6,308.4,41.2674205639267,31.4,205.0,False,False,False,False,False,False
841,L48020,L,296.6,307.5,39.774363602702685,37.9,197.0,False,False,False,False,False,False
5700,L52879,L,302.4,311.9,43.2087954009366,25.9,108.0,False,False,False,False,False,False
1966,L49145,L,297.8,307.5,39.761790704142086,33.1,116.0,False,False,False,False,False,False
4500,H33913,H,302.6,310.3,41.48493702538308,27.4,79.0,False,False,False,False,False,False
6167,H35580,H,300.9,310.1,37.456641600656084,40.6,207.0,False,False,False,False,False,False
7056,L54235,L,300.8,310.6,40.779897008207364,30.6,108.0,False,False,False,False,False,False
911,L48090,L,295.5,306.0,39.319206502675,35.9,169.0,False,False,False,False,False,False
9882,L57061,L,298.8,309.8,38.63935817272331,38.5,132.0,False,False,False,False,False,False
420,M15279,M,297.3,308.3,38.742741255621034,38.2,2.0,False,False,False,False,False,False
5282,M20141,M,303.7,313.0,38.3275357934736,39.9,137.0,False,False,False,False,False,False
9158,L56337,L,297.5,308.5,38.23610858861032,52.3,148.0,False,False,False,False,False,False
4892,M19751,M,303.7,312.3,41.90465367951393,26.4,190.0,False,False,False,False,False,False
4330,L51509,L,301.6,310.0,39.57271787481876,30.3,79.0,False,False,False,False,False,False
323,L47502,L,297.8,308.5,38.05259518088089,40.0,192.0,False,False,False,False,False,False
1283,L48462,L,298.3,309.4,39.319206502675,36.1,94.0,False,False,False,False,False,False
9828,M24687,M,298.3,309.3,37.094473981982816,57.0,198.0,False,False,False,False,False,False
5927,L53106,L,300.2,310.1,37.94733192202055,51.1,41.0,False,False,False,False,False,False
1401,H30814,H,298.9,310.1,36.959437225152655,62.7,161.0,False,False,False,False,False,False
3495,L50674,L,300.1,311.0,36.823905279043935,45.7,119.0,False,False,False,False,False,False
1424,L48603,L,298.7,309.8,39.230090491866065,33.4,2.0,False,False,False,False,False,False
7439,L54618,L,299.9,311.3,40.58324777540605,27.5,26.0,False,False,False,False,False,False
2804,L49983,L,300.1,309.5,36.64696440361739,50.2,98.0,False,False,False,False,False,False
3470,M18329,M,301.8,310.7,37.8021163428716,47.9,53.0,False,False,False,False,False,False
8652,M23511,M,297.4,308.4,39.54743986657038,35.0,105.0,False,False,False,False,False,False
7473,M22332,M,300.3,311.6,40.2119385257662,32.5,115.0,False,False,False,False,False,False
7266,L54445,L,300.4,310.6,37.20215047547655,48.7,24.0,False,False,False,False,False,False
7336,L54515,L,299.9,310.4,36.4417343165772,49.9,206.0,False,False,False,False,False,False
3171,M18030,M,300.4,309.7,41.048751503547585,32.3,167.0,False,False,False,False,False,False
2137,L49316,L,299.2,308.9,39.84971769034255,41.5,150.0,False,False,False,False,False,False
7901,L55080,L,300.8,312.4,42.720018726587654,23.8,127.0,False,False,False,False,False,False
5594,L52773,L,302.6,311.9,36.796738985948195,48.0,67.0,False,False,False,False,False,False
5372,L52551,L,302.9,312.3,37.881393849751625,47.7,173.0,False,False,False,False,False,False
7922,L55101,L,300.7,311.9,37.66961640367472,47.7,179.0,False,False,False,False,False,False
9737,M24596,M,298.9,310.1,36.71511950137164,58.2,163.0,False,False,False,False,False,False
9628,M24487,M,298.9,310.0,38.561638969317684,36.6,129.0,False,False,False,False,False,False
5190,M20049,M,304.1,313.2,37.77565353504821,46.9,123.0,False,False,False,False,False,False
707,M15566,M,300.1,309.0,37.86819245752297,43.3,96.0,False,False,False,False,False,False
3681,L50860,L,302.2,311.5,41.7612260356422,31.2,172.0,False,False,False,False,False,False
7085,L54264,L,300.6,310.3,42.35563716909474,24.4,211.0,False,False,False,False,False,False
6698,L53877,L,301.6,310.9,40.53393639902249,34.1,44.0,False,False,False,False,False,False
1131,L48310,L,300.1,307.9,37.589892258425,46.5,121.0,False,False,False,False,False,False
8235,L55414,L,299.2,310.6,39.16631205513228,39.7,83.0,False,False,False,False,False,False
1030,M15889,M,296.2,307.3,38.43175770115127,35.2,53.0,False,False,False,False,False,False
857,L48036,L,296.1,307.1,43.56604182158393,22.7,20.0,False,False,False,False,False,False
9906,M24765,M,298.7,310.1,37.72267222772003,49.5,200.0,False,False,False,False,False,False
6642,L53821,L,300.1,310.5,41.255302689472536,28.7,135.0,False,False,False,False,False,False
3406,M18265,M,301.3,310.4,40.43513323831146,32.5,110.0,False,False,False,False,False,False
3979,L51158,L,302.2,311.3,37.17526059088221,46.4,94.0,False,False,False,False,False,False
7643,M22502,M,300.4,311.4,40.049968789001575,31.7,119.0,False,False,False,False,False,False
346,L47525,L,297.5,308.3,39.81205847478876,32.9,32.0,False,False,False,False,False,False
959,L48138,L,295.8,306.4,37.403208418530085,47.6,84.0,False,False,False,False,False,False
9103,L56282,L,297.3,308.3,38.65229618017538,38.2,14.0,False,False,False,False,False,False
1214,M16073,M,296.8,307.8,39.382737335030434,38.9,112.0,False,False,False,False,False,False
6191,L53370,L,300.9,310.9,41.82104733265297,26.4,40.0,False,False,False,False,False,False
5976,H35389,H,300.1,310.7,40.66939881532551,28.6,161.0,False,False,False,False,False,False
3670,L50849,L,302.4,311.8,38.27531841800928,40.2,143.0,False,False,False,False,False,False
6190,M21049,M,301.0,310.9,43.70354676682432,21.9,37.0,False,False,False,False,False,False
8992,M23851,M,297.3,308.0,39.97499218261337,29.4,108.0,False,False,False,False,False,False
3951,L51130,L,302.3,311.4,39.6232255123179,37.2,15.0,False,False,False,False,False,False
3652,L50831,L,302.1,311.5,38.0,44.9,97.0,False,False,False,False,False,False
2288,L49467,L,299.4,308.6,41.78516483155236,26.8,107.0,False,False,False,False,False,False
3334,M18193,M,301.6,310.1,36.64696440361739,49.5,140.0,False,False,False,False,False,False
9359,L56538,L,298.2,308.7,37.5099986670221,45.1,49.0,False,False,False,False,False,False
1404,L48583,L,299.0,310.2,37.04051835490427,48.0,174.0,False,False,False,False,False,False
8988,L56167,L,300.1,310.1,39.74921382870358,35.8,140.0,False,False,False,False,False,False
2716,M17575,M,299.5,309.0,41.24318125460256,28.6,98.0,False,False,False,False,False,False
9194,M24053,M,297.9,309.0,39.11521443121589,40.9,42.0,False,False,False,False,False,False
89,M14948,M,299.0,309.0,37.66961640367472,45.2,27.0,False,False,False,False,False,False
4751,M19610,M,303.2,311.2,41.08527716834828,31.9,33.0,False,False,False,False,False,False
5597,M20456,M,302.7,310.1,39.21734310225516,36.7,74.0,False,False,False,False,False,False
1838,L49017,L,297.7,307.2,37.30951621235526,43.0,197.0,False,False,False,False,False,False
6716,L53895,L,301.3,310.6,39.698866482558415,30.4,92.0,False,False,False,False,False,False
715,L47894,L,297.4,308.6,40.11234224026316,36.2,116.0,False,False,False,False,False,False
6856,M21715,M,301.1,311.3,40.66939881532551,30.7,28.0,False,False,False,False,False,False
6982,H36395,H,300.8,311.2,40.149719799769464,32.5,143.0,False,False,False,False,False,False
4640,L51819,L,303.1,311.3,40.70626487409524,31.8,217.0,False,False,False,False,False,False
3568,L50747,L,301.8,310.5,39.344631145812,34.1,108.0,False,False,False,False,False,False
5459,L52638,L,303.1,312.6,38.91015291668744,42.1,138.0,False,False,False,False,False,False
5663,L52842,L,302.2,311.5,40.19950248448356,34.0,19.0,False,False,False,False,False,False
8139,L55318,L,299.5,310.8,36.823905279043935,54.9,72.0,False,False,False,False,False,False
2076,L49255,L,299.5,310.1,37.282703764614496,58.8,195.0,True,False,False,False,True,False
295,M15154,M,298.1,308.5,37.04051835490427,51.1,116.0,False,False,False,False,False,False
9343,H38756,H,298.3,310.1,41.30375285612676,31.8,8.0,False,False,False,False,False,False
1665,L48844,L,298.2,308.0,39.179076048319466,38.0,179.0,False,False,False,False,False,False
2150,L49329,L,299.4,310.1,40.162171256046406,32.2,178.0,False,False,False,False,False,False
1268,M16127,M,298.1,309.6,39.35733730830886,38.7,43.0,False,False,False,False,False,False
4847,M19706,M,303.3,310.1,39.344631145812,33.5,75.0,False,False,False,False,False,False
2675,L49854,L,299.7,310.1,39.319206502675,37.2,4.0,False,False,False,False,False,False
6520,L53699,L,301.1,310.1,37.64306044943742,46.9,35.0,False,False,False,False,False,False
4885,H34298,H,303.8,312.5,40.681691213615984,28.0,170.0,False,False,False,False,False,False
8511,L55690,L,298.3,309.7,38.52272056851645,44.3,173.0,False,False,False,False,False,False
2957,M17816,M,300.8,309.6,37.469987990390386,38.7,44.0,False,False,False,False,False,False
1993,L49172,L,298.2,307.8,37.080992435478315,46.6,188.0,False,False,False,False,False,False
9002,L56181,L,297.0,307.8,38.72983346207417,39.9,175.0,False,False,False,False,False,False
9291,L56470,L,298.2,309.0,37.656340767525464,44.2,87.0,False,False,False,False,False,False
655,L47834,L,297.8,309.2,41.02438299353203,30.9,163.0,False,False,False,False,False,False
5207,H34620,H,303.7,312.6,41.36423575989287,27.6,170.0,False,False,False,False,False,False
1250,L48429,L,297.3,308.7,38.301436004411116,36.8,216.0,False,False,False,False,False,False
7449,L54628,L,300.1,311.8,38.57460304397182,38.4,51.0,False,False,False,False,False,False
2132,L49311,L,300.1,309.1,37.841775856849004,45.4,137.0,False,False,False,False,False,False
4184,L51363,L,302.3,310.7,37.44329045369811,50.9,157.0,False,False,False,False,False,False
3162,L50341,L,300.4,309.8,36.24913792078372,63.1,146.0,False,False,False,False,False,False
1344,L48523,L,298.5,310.2,40.93897898091744,32.7,18.0,False,False,False,False,False,False
7445,L54624,L,300.2,311.7,35.86084215408221,55.1,108.0,False,False,False,False,False,False
1991,L49170,L,298.2,307.8,37.72267222772003,48.1,183.0,False,False,False,False,False,False
4186,L51365,L,302.2,310.6,36.71511950137164,48.4,161.0,True,False,True,False,False,False
9739,L56918,L,299.0,310.0,38.84584919911006,38.0,168.0,False,False,False,False,False,False
567,M15426,M,297.6,309.7,39.25557285278104,33.7,165.0,False,False,False,False,False,False
9316,L56495,L,298.5,309.5,39.61060464067672,41.0,153.0,False,False,False,False,False,False
1701,M16560,M,298.0,307.6,42.941821107167776,23.8,44.0,False,False,False,False,False,False
2438,L49617,L,299.1,310.1,37.76241517699841,40.1,60.0,False,False,False,False,False,False
159,M15018,M,298.4,308.2,38.71692136521188,40.0,211.0,False,False,False,False,False,False
5182,L52361,L,304.0,313.1,41.47288270665544,28.7,106.0,False,False,False,False,False,False
1594,L48773,L,298.0,308.3,39.293765408777,34.7,213.0,False,False,False,False,False,False
806,M15665,M,297.0,307.9,37.57658845611187,47.4,112.0,False,False,False,False,False,False
2176,M17035,M,299.5,310.1,39.87480407475377,35.9,22.0,False,False,False,False,False,False
6662,M21521,M,301.3,310.4,38.742741255621034,39.8,187.0,False,False,False,False,False,False
4413,L51592,L,302.6,310.5,38.07886552931954,43.2,68.0,False,False,False,False,False,False
8269,M23128,M,299.2,310.8,38.7556447501522,39.8,177.0,False,False,False,False,False,False
6160,L53339,L,301.0,310.1,37.403208418530085,58.0,190.0,True,False,False,False,True,False
974,L48153,L,295.9,306.6,40.97560249709576,30.4,117.0,False,False,False,False,False,False
479,L47658,L,300.1,309.0,42.81354925721529,22.6,161.0,False,False,False,False,False,False
4542,L51721,L,300.1,310.4,37.77565353504821,46.8,179.0,False,False,False,False,False,False
9061,H38474,H,297.2,308.3,38.118237105091836,45.8,105.0,False,False,False,False,False,False
8805,M23664,M,297.5,308.6,35.4259791678367,60.7,77.0,False,False,False,False,False,False
4497,M19356,M,302.5,310.4,40.06245124802026,36.0,69.0,False,False,False,False,False,False
4515,L51694,L,302.4,310.3,38.45776904605882,36.2,115.0,False,False,False,False,False,False
6765,L53944,L,300.1,310.9,39.191835884530846,38.3,9.0,False,False,False,False,False,False
9144,L56323,L,297.6,308.5,38.1051177665153,42.6,116.0,False,False,False,False,False,False
890,L48069,L,300.1,306.1,37.26929030716845,46.2,113.0,False,False,False,False,False,False
5413,L52592,L,302.9,312.6,36.4417343165772,59.9,24.0,False,False,False,False,False,False
2484,M17343,M,298.9,308.7,37.44329045369811,49.8,167.0,False,False,False,False,False,False
7943,L55122,L,300.8,311.7,37.841775856849004,45.8,6.0,False,False,False,False,False,False
458,L47637,L,297.4,308.6,35.7211421989835,53.6,103.0,False,False,False,False,False,False
1297,L48476,L,298.7,309.9,40.26164427839479,34.1,130.0,False,False,False,False,False,False
842,L48021,L,296.6,307.5,37.93415347678132,45.5,199.0,False,False,False,False,False,False
2179,L49358,L,299.6,309.2,40.024992192379,37.3,31.0,False,False,False,False,False,False
9309,L56488,L,298.4,309.1,37.72267222772003,48.0,135.0,False,False,False,False,False,False
5360,M20219,M,303.3,312.6,37.376463182061514,47.1,137.0,False,False,False,False,False,False
8496,L55675,L,298.3,309.4,40.84115571332428,27.1,136.0,False,False,False,False,False,False
1902,M16761,M,297.9,307.6,38.79432948254165,40.1,166.0,False,False,False,False,False,False
955,H30368,H,295.6,306.2,37.603191353926334,42.5,108.0,False,False,False,False,False,False
8951,L56130,L,297.4,308.2,37.66961640367472,50.0,52.0,False,False,False,False,False,False
7162,L54341,L,300.1,310.2,37.94733192202055,42.9,191.0,False,False,False,False,False,False
9202,L56381,L,297.8,308.7,37.469987990390386,44.2,62.0,False,False,False,False,False,False
2467,L49646,L,299.0,308.6,37.8021163428716,37.7,126.0,False,False,False,False,False,False
2395,L49574,L,299.2,308.5,38.57460304397182,40.3,148.0,False,False,False,False,False,False
9234,L56413,L,298.3,309.1,37.456641600656084,45.1,138.0,False,False,False,False,False,False
4795,L51974,L,303.6,312.6,41.2189276910499,27.9,160.0,False,False,False,False,False,False
589,L47768,L,300.1,309.4,40.34848200366403,33.4,229.0,False,False,False,False,False,False
8702,M23561,M,297.3,308.7,38.28837943815329,38.4,108.0,False,False,False,False,False,False
4397,H33810,H,302.3,310.1,37.1887079635741,42.9,24.0,False,False,False,False,False,False
3000,L50179,L,300.5,309.7,37.3496987939662,61.0,108.0,False,False,False,False,False,False
34,L47213,L,298.9,309.3,40.80441152620633,32.5,93.0,False,False,False,False,False,False
3540,L50719,L,302.0,311.0,41.060930335295616,32.5,25.0,False,False,False,False,False,False
9998,M24857,M,299.0,308.6,40.55859958134649,33.4,22.0,False,False,False,False,False,False
8633,L55812,L,300.1,308.3,39.87480407475377,35.5,59.0,False,False,False,False,False,False
9995,L57174,L,298.8,308.3,40.422765862815474,27.9,12.0,False,False,False,False,False,False
6496,M21355,M,300.6,309.8,41.15823125451335,31.1,187.0,False,False,False,False,False,False
9509,L56688,L,299.2,310.4,40.13726448077895,36.4,32.0,False,False,False,False,False,False
9943,L57122,L,298.4,308.1,37.080992435478315,50.8,94.0,False,False,False,False,False,False
1371,L48550,L,298.7,310.3,38.09199390948182,40.0,86.0,False,False,False,False,False,False
4212,L51391,L,302.1,310.7,36.24913792078372,52.8,8.0,True,False,True,False,False,False
8725,M23584,M,297.2,308.6,38.897300677553446,39.0,78.0,False,False,False,False,False,False
5304,L52483,L,303.9,310.1,38.48376280978771,44.1,197.0,False,False,False,False,False,False
1910,L49089,L,298.0,307.7,37.881393849751625,45.6,184.0,False,False,False,False,False,False
7101,L54280,L,300.7,310.1,39.61060464067672,32.8,108.0,False,False,False,False,False,False
4615,H34028,H,303.0,311.2,38.768543949960254,37.0,152.0,False,False,False,False,False,False
208,M15067,M,298.4,308.7,37.69615364994153,60.7,119.0,True,False,False,True,False,False
5576,H34989,H,302.4,312.0,38.43175770115127,39.7,18.0,False,False,False,False,False,False
748,L47927,L,296.8,308.1,36.823905279043935,48.3,201.0,False,False,False,False,False,False
4787,L51966,L,303.8,312.6,39.71145930332956,41.3,134.0,False,False,False,False,False,False
6737,L53916,L,301.7,311.0,39.07684736515984,42.2,144.0,False,False,False,False,False,False
9444,H38857,H,298.0,308.8,37.5632799419859,53.8,73.0,False,False,False,False,False,False
5715,L52894,L,302.2,311.8,40.22437072223753,36.0,158.0,False,False,False,False,False,False
8589,L55768,L,297.3,307.8,37.21558813185679,44.4,169.0,False,False,False,False,False,False
150,L47329,L,298.4,308.3,38.379682124790975,39.9,184.0,False,False,False,False,False,False
8461,L55640,L,300.1,309.9,37.04051835490427,54.7,44.0,False,False,False,False,False,False
8279,L55458,L,298.8,310.5,38.262252939417984,46.4,207.0,False,False,False,False,False,False
6376,H35789,H,300.0,309.6,40.36087214122113,32.3,89.0,False,False,False,False,False,False
492,L47671,L,297.4,309.2,37.68288736283355,45.6,193.0,False,False,False,False,False,False
9418,H38831,H,298.1,308.4,38.92300091205713,43.8,6.0,False,False,False,False,False,False
4304,L51483,L,301.7,310.2,37.881393849751625,48.1,12.0,False,False,False,False,False,False
1638,L48817,L,297.9,310.1,40.80441152620633,33.9,102.0,False,False,False,False,False,False
6185,L53364,L,301.0,311.0,39.408120990476064,35.8,26.0,False,False,False,False,False,False
6973,L54152,L,300.7,311.0,37.107950630558946,49.9,124.0,False,False,False,False,False,False
5368,M20227,M,303.1,312.5,42.02380277890139,26.7,157.0,False,False,False,False,False,False
5695,L52874,L,302.4,311.8,38.8329756778952,45.7,108.0,False,False,False,False,False,False
357,M15216,M,297.6,308.4,37.389838191679836,48.9,63.0,False,False,False,False,False,False
7315,L54494,L,299.9,310.1,35.608987629529715,53.3,146.0,False,False,False,False,False,False
8666,L55845,L,297.6,308.7,36.945906403822335,50.6,143.0,False,False,False,False,False,False
4111,L51290,L,302.0,310.6,36.89173349139343,46.7,182.0,False,False,False,False,False,False
2269,L49448,L,299.2,308.5,37.92097045171708,46.6,63.0,False,False,False,False,False,False
8330,L55509,L,298.8,309.7,37.73592452822641,49.6,129.0,False,False,False,False,False,False
6412,M21271,M,300.4,310.0,39.496835316262995,42.3,186.0,False,False,False,False,False,False
4669,H34082,H,303.3,311.4,41.13392760240627,27.9,55.0,False,False,False,False,False,False
2023,L49202,L,298.7,310.1,37.05401462729781,46.9,60.0,False,False,False,False,False,False
186,L47365,L,298.2,308.2,38.02630668366309,38.2,61.0,False,False,False,False,False,False
5053,L52232,L,303.9,313.0,37.8549864614954,48.4,178.0,False,False,False,False,False,False
7128,L54307,L,300.6,310.0,37.92097045171708,53.8,103.0,False,False,False,False,False,False
9104,L56283,L,297.3,308.2,38.600518131237564,41.0,16.0,False,False,False,False,False,False
836,M15695,M,296.7,307.4,39.153543900903784,32.5,182.0,False,False,False,False,False,False
7333,M22192,M,299.8,310.3,42.485291572496,23.7,198.0,False,False,False,False,False,False
4113,H33526,H,300.1,310.5,38.36665218650175,39.7,187.0,False,False,False,False,False,False
8449,L55628,L,298.5,310.0,38.62641583165593,41.2,19.0,False,False,False,False,False,False
4273,L51452,L,302.5,310.8,39.71145930332956,36.9,158.0,False,False,False,False,False,False
2328,M17187,M,299.3,308.7,37.68288736283355,50.3,108.0,False,False,False,False,False,False
3745,L50924,L,302.5,311.4,37.53664875824692,53.1,126.0,False,False,False,False,False,False
5420,L52599,L,302.6,312.3,36.345563690772494,53.4,42.0,False,False,False,False,False,False
5339,M20198,M,303.3,312.5,40.91454509095757,32.7,76.0,False,False,False,False,False,False
4818,L51997,L,303.5,310.1,40.91454509095757,30.8,0.0,False,False,False,False,False,False
6600,L53779,L,301.6,310.7,38.65229618017538,39.5,24.0,False,False,False,False,False,False
5662,L52841,L,302.2,311.4,37.376463182061514,53.0,17.0,False,False,False,False,False,False
2240,L49419,L,300.1,308.6,37.16180835212409,50.0,193.0,False,False,False,False,False,False
3361,L50540,L,301.5,310.6,37.33630940518894,46.5,206.0,False,False,False,False,False,False
6759,L53938,L,301.7,310.1,40.54626986542659,32.8,206.0,False,False,False,False,False,False
6095,M20954,M,300.9,310.8,37.44329045369811,48.1,22.0,False,False,False,False,False,False
7314,L54493,L,299.9,310.4,37.52332607858744,38.4,144.0,False,False,False,False,False,False
940,L48119,L,295.5,306.1,38.57460304397182,40.7,31.0,False,False,False,False,False,False
632,L47811,L,298.4,310.0,39.42080668885405,37.3,103.0,False,False,False,False,False,False
3076,M17935,M,300.1,309.2,37.21558813185679,46.1,120.0,False,False,False,False,False,False
651,L47830,L,297.6,309.2,40.13726448077895,33.1,155.0,False,False,False,False,False,False
6643,L53822,L,301.6,310.6,37.82856063875548,37.5,137.0,False,False,False,False,False,False
8852,M23711,M,297.7,308.9,39.66106403010388,35.1,9.0,False,False,False,False,False,False
6264,M21123,M,301.0,310.6,41.20679555607303,27.3,14.0,False,False,False,False,False,False
7058,L54237,L,300.8,310.6,40.8166632639171,36.2,144.0,False,False,False,False,False,False
6385,H35798,H,300.1,309.6,38.24918299781056,45.1,113.0,False,False,False,False,False,False
4502,L51681,L,302.5,310.2,36.15245496505044,54.0,86.0,True,False,True,False,False,False
8155,L55334,L,299.6,310.7,37.322915213043046,52.1,110.0,False,False,False,False,False,False
3030,L50209,L,300.4,309.5,39.05124837953327,51.3,4.0,False,False,False,False,False,False
5972,L53151,L,300.5,310.8,38.84584919911006,33.0,153.0,False,False,False,False,False,False
5794,L52973,L,301.8,311.3,38.353617821530214,44.2,148.0,False,False,False,False,False,False
4094,M18953,M,302.0,310.5,39.66106403010388,32.1,143.0,False,False,False,False,False,False
347,M15206,M,297.5,308.3,38.19685850956856,45.2,34.0,False,False,False,False,False,False
8474,M23333,M,298.6,309.8,37.815340802378074,43.1,80.0,False,False,False,False,False,False
7129,L54308,L,300.6,310.0,38.87158345115362,36.9,105.0,False,False,False,False,False,False
3541,L50720,L,301.9,310.9,39.67366884975475,31.4,27.0,False,False,False,False,False,False
8135,L55314,L,300.1,311.1,40.620192023179804,32.4,60.0,False,False,False,False,False,False
3467,L50646,L,301.7,310.1,38.03945320322047,56.9,47.0,False,False,False,False,False,False
5174,M20033,M,304.2,313.5,41.701318923986086,28.1,108.0,False,False,False,False,False,False
9548,L56727,L,299.6,311.1,40.97560249709576,30.7,129.0,False,False,False,False,False,False
3055,H32468,H,300.2,309.3,36.6333181680284,48.7,68.0,False,False,False,False,False,False
9847,L57026,L,298.3,309.0,36.59234892706397,58.8,35.0,False,False,False,False,False,False
4431,H33844,H,302.3,310.1,41.08527716834828,30.4,115.0,False,False,False,False,False,False
8550,L55729,L,298.3,309.3,39.4715087119811,37.2,73.0,False,False,False,False,False,False
1463,L48642,L,298.9,310.1,41.30375285612676,27.6,103.0,False,False,False,False,False,False
5936,L53115,L,300.1,310.5,40.570925550201586,34.5,63.0,False,False,False,False,False,False
6174,L53353,L,300.8,310.7,40.4103947023535,27.8,0.0,False,False,False,False,False,False
3660,M18519,M,302.2,311.5,41.641325627314025,25.0,116.0,False,False,False,False,False,False
8760,M23619,M,297.5,308.7,36.76955262170047,53.0,171.0,False,False,False,False,False,False
9116,M23975,M,300.1,308.6,38.0,48.2,46.0,False,False,False,False,False,False
3474,M18333,M,301.8,310.8,41.12177038990418,33.4,62.0,False,False,False,False,False,False
2488,H31901,H,298.9,308.6,40.28647415696737,31.0,180.0,False,False,False,False,False,False
1389,H30802,H,298.9,310.1,38.61346915261564,45.3,133.0,False,False,False,False,False,False
7538,L54717,L,300.1,311.3,36.124783736376884,64.7,66.0,False,False,False,False,False,False
1136,L48315,L,296.9,310.1,39.179076048319466,39.2,133.0,False,False,False,False,False,False
6504,M21363,M,300.9,309.9,38.27531841800928,42.9,209.0,False,False,False,False,False,False
430,L47609,L,297.5,308.6,34.75629439396553,62.3,28.0,False,False,False,False,False,False
5485,M20344,M,302.5,312.0,42.731721238442994,25.3,108.0,False,False,False,False,False,False
8691,L55870,L,297.1,308.5,36.373066958946424,44.4,207.0,True,True,False,False,False,False
708,L47887,L,297.7,308.9,42.871902220452036,27.3,99.0,False,False,False,False,False,False
8392,L55571,L,298.6,309.6,37.72267222772003,42.7,82.0,False,False,False,False,False,False
3890,L51069,L,300.1,311.2,37.469987990390386,52.0,57.0,False,False,False,False,False,False
6839,L54018,L,301.1,311.1,39.6232255123179,41.6,202.0,False,False,False,False,False,False
8082,L55261,L,300.2,311.6,36.823905279043935,53.5,132.0,False,False,False,False,False,False
8372,L55551,L,298.7,309.7,43.37049688440288,21.7,29.0,False,False,False,False,False,False
9478,M24337,M,298.8,310.1,41.14608122288197,33.3,170.0,False,False,False,False,False,False
9931,L57110,L,298.3,308.3,38.1051177665153,45.5,63.0,False,False,False,False,False,False
7450,L54629,L,300.3,311.8,37.656340767525464,45.9,53.0,False,False,False,False,False,False
1316,L48495,L,300.1,310.3,38.98717737923585,45.0,108.0,False,False,False,False,False,False
1843,H31256,H,297.7,307.1,43.069710934716056,22.5,7.0,False,False,False,False,False,False
7876,L55055,L,300.7,310.1,43.56604182158393,24.0,60.0,False,False,False,False,False,False
2540,L49719,L,299.1,308.8,37.589892258425,42.1,86.0,False,False,False,False,False,False
3946,L51125,L,302.2,311.3,39.6232255123179,36.1,0.0,False,False,False,False,False,False
8551,L55730,L,298.3,309.2,38.157568056677825,45.5,75.0,False,False,False,False,False,False
6027,L53206,L,300.1,311.0,37.456641600656084,48.3,70.0,False,False,False,False,False,False
3409,M18268,M,301.2,310.1,37.17526059088221,41.6,117.0,False,False,False,False,False,False
3645,L50824,L,302.2,311.5,39.344631145812,32.4,81.0,False,False,False,False,False,False
8432,H37845,H,298.9,310.1,36.38681079732051,54.6,185.0,False,False,False,False,False,False
1,M14860,M,298.1,308.6,39.382737335030434,42.8,0.0,False,False,False,False,False,False
6466,M21325,M,300.5,309.8,37.62977544445356,48.5,110.0,False,False,False,False,False,False
3768,L50947,L,302.3,311.1,40.3732584763727,35.6,183.0,False,False,False,False,False,False
2912,M17771,M,300.7,309.5,36.76955262170047,44.0,126.0,False,False,False,False,False,False
4668,H34081,H,303.3,311.4,40.63249930782009,30.6,50.0,False,False,False,False,False,False
8638,L55817,L,297.5,308.5,38.19685850956856,39.7,69.0,False,False,False,False,False,False
1828,M16687,M,297.9,307.3,37.68288736283355,47.8,171.0,False,False,False,False,False,False
3226,L50405,L,300.6,309.4,38.39270764090493,40.7,87.0,False,False,False,False,False,False
5682,L52861,L,302.2,311.6,37.1887079635741,44.3,72.0,False,False,False,False,False,False
255,L47434,L,298.0,308.2,38.91015291668744,37.9,9.0,False,False,False,False,False,False
3673,L50852,L,302.3,310.1,40.718546143004666,32.3,150.0,False,False,False,False,False,False
6984,M21843,M,300.7,311.0,36.52396473549935,53.9,150.0,False,False,False,False,False,False
7471,L54650,L,300.1,311.6,36.49657518178932,54.6,111.0,False,False,False,False,False,False
2444,L49623,L,299.1,308.5,40.58324777540605,35.0,74.0,False,False,False,False,False,False
8262,H37675,H,299.2,310.6,37.86819245752297,48.4,153.0,False,False,False,False,False,False
5209,L52388,L,303.8,312.7,40.792156108742276,29.3,108.0,False,False,False,False,False,False
1060,M15919,M,296.7,307.9,43.289721643826724,21.3,130.0,False,False,False,False,False,False
83,L47262,L,298.9,308.9,38.118237105091836,40.8,11.0,False,False,False,False,False,False
68,H29481,H,298.8,308.9,38.28837943815329,44.1,184.0,False,False,False,False,False,False
4777,L51956,L,303.5,312.1,39.01281840626232,36.4,107.0,False,False,False,False,False,False
2631,L49810,L,300.1,309.8,37.04051835490427,39.6,105.0,False,False,False,False,False,False
4694,M19553,M,303.4,311.5,42.62628297189423,24.7,125.0,False,False,False,False,False,False
1365,L48544,L,298.7,310.2,39.57271787481876,33.1,68.0,False,False,False,False,False,False
3939,L51118,L,300.1,311.5,40.0374824383352,32.4,194.0,False,False,False,False,False,False
2317,L49496,L,299.2,310.1,39.26830783214372,39.2,179.0,False,False,False,False,False,False
1013,M15872,M,300.1,307.1,37.8549864614954,38.5,14.0,False,False,False,False,False,False
1611,L48790,L,297.8,307.8,39.66106403010388,37.9,33.0,False,False,False,False,False,False
6552,L53731,L,301.4,310.7,40.19950248448356,36.5,121.0,False,False,False,False,False,False
7429,M22288,M,300.0,311.4,43.174066289845804,23.3,2.0,False,False,False,False,False,False
6304,H35717,H,301.2,310.6,38.17066936798463,50.5,114.0,False,False,False,False,False,False
960,L48139,L,295.8,306.5,38.79432948254165,35.2,86.0,False,False,False,False,False,False
1833,M16692,M,297.8,307.4,36.46916505762094,51.7,183.0,False,False,False,False,False,False
1086,L48265,L,297.0,307.8,37.21558813185679,56.4,202.0,True,False,False,False,True,False
4805,L51984,L,303.7,312.6,40.26164427839479,38.8,182.0,False,False,False,False,False,False
4792,M19651,M,303.7,312.7,38.3275357934736,48.5,147.0,False,False,False,False,False,False
1919,M16778,M,298.1,307.9,38.67815921162743,40.0,0.0,False,False,False,False,False,False
7372,L54551,L,299.6,310.2,38.88444419044716,44.0,79.0,False,False,False,False,False,False
1911,H31324,H,298.0,307.7,39.331920878594275,36.8,186.0,False,False,False,False,False,False
7527,L54706,L,300.1,311.4,40.74309757492672,31.4,38.0,False,False,False,False,False,False
466,M15325,M,297.3,308.6,38.157568056677825,42.9,122.0,False,False,False,False,False,False
5891,L53070,L,301.4,311.0,40.422765862815474,32.6,155.0,False,False,False,False,False,False
4841,L52020,L,303.4,311.9,36.02776706930364,63.9,59.0,True,False,True,False,False,False
311,H29724,H,298.0,308.6,39.06404996924922,41.8,160.0,False,False,False,False,False,False
6287,L53466,L,301.1,310.6,40.13726448077895,35.2,70.0,False,False,False,False,False,False
9761,M24620,M,300.1,309.6,38.84584919911006,47.3,2.0,False,False,False,False,False,False
8953,M23812,M,300.1,308.0,38.44476557348217,42.5,56.0,False,False,False,False,False,False
4925,H34338,H,303.4,312.3,39.01281840626232,42.1,62.0,False,False,False,False,False,False
6131,L53310,L,301.0,310.9,38.379682124790975,44.2,116.0,False,False,False,False,False,False
2968,L50147,L,300.6,309.4,37.0,51.6,71.0,False,False,False,False,False,False
7286,M22145,M,300.2,310.4,34.66987164671943,61.7,108.0,False,False,False,False,False,False
5406,L52585,L,302.7,312.4,38.0,48.7,9.0,False,False,False,False,False,False
8163,L55342,L,299.6,311.0,39.67366884975475,35.0,133.0,False,False,False,False,False,False
7864,M22723,M,300.5,311.9,38.87158345115362,44.5,30.0,False,False,False,False,False,False
4589,L51768,L,302.8,311.0,39.54743986657038,38.5,85.0,False,False,False,False,False,False
7823,H37236,H,299.9,311.3,37.589892258425,41.8,153.0,False,False,False,False,False,False
7399,M22258,M,299.7,310.7,38.704004960727254,37.8,146.0,False,False,False,False,False,False
8821,L56000,L,297.3,308.7,39.382737335030434,40.0,125.0,False,False,False,False,False,False
2276,L49455,L,299.3,308.6,40.06245124802026,37.0,108.0,False,False,False,False,False,False
1771,H31184,H,298.4,307.9,40.06245124802026,31.0,108.0,False,False,False,False,False,False
6657,M21516,M,300.1,310.4,39.408120990476064,44.7,173.0,False,False,False,False,False,False
300,M15159,M,297.8,308.3,39.585350825778974,35.6,131.0,False,False,False,False,False,False
9159,H38572,H,300.1,308.4,38.561638969317684,46.2,150.0,False,False,False,False,False,False
8345,L55524,L,298.8,309.7,40.11234224026316,40.4,169.0,False,False,False,False,False,False
2521,L49700,L,298.8,308.6,39.179076048319466,41.2,40.0,False,False,False,False,False,False
8307,M23166,M,298.7,310.1,39.35733730830886,42.5,61.0,False,False,False,False,False,False
440,M15299,M,297.4,308.3,39.179076048319466,34.6,51.0,False,False,False,False,False,False
8719,L55898,L,297.2,308.7,38.84584919911006,39.3,66.0,False,False,False,False,False,False
673,M15532,M,297.6,308.9,37.8549864614954,43.2,206.0,False,False,False,False,False,False
2204,L49383,L,299.8,309.0,40.17461885320133,30.8,100.0,False,False,False,False,False,False
7438,L54617,L,299.8,311.3,41.557189510360296,30.0,24.0,False,False,False,False,False,False
790,M15649,M,296.9,308.0,40.50925820105819,33.3,67.0,False,False,False,False,False,False
3832,M18691,M,302.3,310.9,41.737273509418415,29.7,137.0,False,False,False,False,False,False
7247,L54426,L,299.9,310.1,41.0,29.1,197.0,False,False,False,False,False,False
9979,H39392,H,298.6,308.3,37.107950630558946,52.1,181.0,False,False,False,False,False,False
1105,L48284,L,296.6,307.4,37.26929030716845,42.7,48.0,False,False,False,False,False,False
4816,H34229,H,303.4,311.9,39.16631205513228,33.2,210.0,False,False,False,False,False,False
6289,L53468,L,301.0,310.5,36.29049462324811,50.9,75.0,False,False,False,False,False,False
3963,L51142,L,302.4,311.5,42.24926034855522,24.8,45.0,False,False,False,False,False,False
45,M14904,M,298.8,309.1,38.36665218650175,47.5,125.0,False,False,False,False,False,False
7361,L54540,L,299.5,310.1,39.81205847478876,35.2,50.0,False,False,False,False,False,False
9082,L56261,L,297.3,308.0,39.07684736515984,35.1,165.0,False,False,False,False,False,False
3595,M18454,M,300.1,310.1,38.1051177665153,45.7,164.0,False,False,False,False,False,False
6774,L53953,L,300.1,310.8,37.16180835212409,47.9,33.0,False,False,False,False,False,False
8735,L55914,L,297.2,308.6,37.30951621235526,41.5,108.0,False,False,False,False,False,False
4700,L51879,L,303.5,311.6,37.78888725538237,46.2,139.0,False,False,False,False,False,False
2833,M17692,M,300.4,309.3,38.301436004411116,40.3,166.0,False,False,False,False,False,False
7912,L55091,L,300.7,312.1,38.88444419044716,36.9,153.0,False,False,False,False,False,False
6388,M21247,M,300.2,309.8,38.561638969317684,39.2,122.0,False,False,False,False,False,False
7842,L55021,L,300.1,311.5,38.353617821530214,47.2,201.0,False,False,False,False,False,False
8637,L55816,L,297.5,308.4,41.50903516103452,27.3,67.0,False,False,False,False,False,False
4522,L51701,L,302.4,310.4,43.18564576337837,23.9,129.0,False,False,False,False,False,False
7658,L54837,L,300.5,311.6,40.755367744629666,30.0,158.0,False,False,False,False,False,False
2363,H31776,H,299.3,308.6,38.98717737923585,41.4,67.0,False,False,False,False,False,False
4254,M19113,M,302.6,311.0,36.45545226711637,48.6,111.0,True,False,True,False,False,False
913,L48092,L,295.6,306.0,39.61060464067672,40.4,174.0,False,False,False,False,False,False
5322,M20181,M,303.4,312.7,39.698866482558415,49.9,108.0,False,False,False,False,False,False
3560,M18419,M,301.7,310.7,40.7308237088326,29.9,108.0,False,False,False,False,False,False
6400,M21259,M,300.1,309.6,38.742741255621034,38.0,157.0,False,False,False,False,False,False
2136,L49315,L,299.3,309.0,38.87158345115362,47.8,148.0,False,False,False,False,False,False
6456,L53635,L,300.7,310.1,39.56008088970496,40.2,81.0,False,False,False,False,False,False
1372,M16231,M,298.7,310.3,38.66522985836241,38.7,88.0,False,False,False,False,False,False
3459,L50638,L,300.1,310.4,36.45545226711637,46.6,24.0,False,False,False,False,False,False
3071,L50250,L,300.0,309.1,40.38564101261734,28.3,110.0,False,False,False,False,False,False
5018,L52197,L,303.9,313.0,38.50973902793941,45.0,78.0,False,False,False,False,False,False
3166,L50345,L,300.4,309.6,39.191835884530846,34.5,154.0,False,False,False,False,False,False
7096,L54275,L,300.6,310.1,38.535697735995385,49.9,19.0,False,False,False,False,False,False
9878,L57057,L,298.8,309.7,37.067505985701274,58.6,123.0,False,False,False,False,False,False
1231,M16090,M,297.1,308.4,43.3589667773576,23.5,155.0,False,False,False,False,False,False
6735,M21594,M,301.6,310.9,39.68626966596886,40.1,139.0,False,False,False,False,False,False
2147,L49326,L,300.1,308.8,40.58324777540605,32.9,172.0,False,False,False,False,False,False
6484,L53663,L,300.7,309.9,37.57658845611187,45.3,155.0,False,False,False,False,False,False
9615,M24474,M,299.1,310.3,37.960505792204614,43.9,94.0,False,False,False,False,False,False
4966,M19825,M,303.8,312.7,36.932370625238775,49.3,167.0,False,False,False,False,False,False
4201,L51380,L,302.5,311.1,39.63584236521283,34.2,201.0,False,False,False,False,False,False
3699,H33112,H,302.2,311.3,41.92851058647326,26.4,4.0,False,False,False,False,False,False
2503,L49682,L,299.2,309.0,38.92300091205713,48.9,228.0,True,False,False,False,True,False
2474,M17333,M,298.9,308.5,39.433488306260706,37.6,142.0,False,False,False,False,False,False
772,H30185,H,296.8,308.0,36.207733980463345,58.6,19.0,False,False,False,False,False,False
3505,M18364,M,301.7,310.8,39.03844259188627,41.3,147.0,False,False,False,False,False,False
310,M15169,M,297.9,308.5,38.06573262134856,40.8,157.0,False,False,False,False,False,False
7913,L55092,L,300.7,312.1,38.704004960727254,44.0,155.0,False,False,False,False,False,False
9417,M24276,M,298.1,308.5,38.24918299781056,45.9,3.0,False,False,False,False,False,False
4008,L51187,L,302.1,311.2,37.0,50.8,164.0,False,False,False,False,False,False
8221,M23080,M,298.9,310.3,39.382737335030434,35.2,50.0,False,False,False,False,False,False
2773,L49952,L,299.9,309.4,38.301436004411116,41.2,20.0,False,False,False,False,False,False
1498,L48677,L,298.0,308.7,40.36087214122113,34.3,191.0,False,False,False,False,False,False
5435,L52614,L,302.9,312.5,40.36087214122113,30.4,74.0,False,False,False,False,False,False
5090,M19949,M,303.9,313.1,38.50973902793941,47.2,71.0,False,False,False,False,False,False
3919,M18778,M,302.5,311.5,36.851051545376556,52.7,139.0,False,False,False,False,False,False
9296,M24155,M,298.2,309.0,37.589892258425,47.9,97.0,False,False,False,False,False,False
9339,H38752,H,298.5,309.0,39.1279950930277,30.8,212.0,False,False,False,False,False,False
3309,L50488,L,301.4,310.4,37.8549864614954,43.4,86.0,False,False,False,False,False,False
783,L47962,L,296.8,307.9,41.20679555607303,30.8,48.0,False,False,False,False,False,False
9640,L56819,L,299.3,310.4,41.53311931459037,26.8,167.0,False,False,False,False,False,False
1589,L48768,L,300.1,308.3,41.08527716834828,32.0,202.0,False,False,False,False,False,False
425,L47604,L,297.3,308.4,37.815340802378074,45.7,15.0,False,False,False,False,False,False
8632,H38045,H,297.3,308.3,38.80721582386451,37.0,54.0,False,False,False,False,False,False
6122,L53301,L,300.9,311.1,38.17066936798463,37.4,108.0,False,False,False,False,False,False
1089,M15948,M,296.9,307.8,37.30951621235526,43.9,0.0,False,False,False,False,False,False
3826,H33239,H,300.1,310.7,37.589892258425,48.9,114.0,False,False,False,False,False,False
8487,M23346,M,298.5,309.5,38.742741255621034,40.2,114.0,False,False,False,False,False,False
7540,L54719,L,300.2,311.3,38.561638969317684,36.9,71.0,False,False,False,False,False,False
823,M15682,M,296.7,307.6,39.331920878594275,34.7,150.0,False,False,False,False,False,False
9609,M24468,M,298.9,310.1,38.897300677553446,41.5,80.0,False,False,False,False,False,False
4493,M19352,M,302.6,310.5,37.68288736283355,56.4,57.0,False,False,False,False,False,False
3305,L50484,L,301.2,310.3,38.691084244306204,45.7,76.0,False,False,False,False,False,False
4953,M19812,M,303.8,310.1,37.067505985701274,53.6,136.0,False,False,False,False,False,False
8959,M23818,M,297.4,308.1,41.641325627314025,27.7,70.0,False,False,False,False,False,False
384,M15243,M,297.5,308.6,42.91852746774987,27.0,133.0,False,False,False,False,False,False
3803,M18662,M,302.2,310.1,38.57460304397182,44.2,57.0,False,False,False,False,False,False
5803,L52982,L,301.4,310.8,38.600518131237564,38.0,168.0,False,False,False,False,False,False
3549,L50728,L,301.9,310.9,40.19950248448356,34.5,46.0,False,False,False,False,False,False
7976,M22835,M,301.2,312.3,39.344631145812,38.3,87.0,False,False,False,False,False,False
6924,L54103,L,301.2,311.7,37.8549864614954,49.3,206.0,False,False,False,False,False,False
4278,L51457,L,302.2,310.4,41.7492514902962,28.1,170.0,False,False,False,False,False,False
7981,M22840,M,301.2,310.1,38.79432948254165,39.6,108.0,False,False,False,False,False,False
9674,M24533,M,299.0,310.1,39.91240408695021,35.4,5.0,False,False,False,False,False,False
3840,M18699,M,302.3,311.0,39.72404813208241,33.5,158.0,False,False,False,False,False,False
9204,L56383,L,297.8,308.8,39.48417404479927,35.2,66.0,False,False,False,False,False,False
7832,M22691,M,300.0,311.4,39.153543900903784,42.6,180.0,False,False,False,False,False,False
4938,L52117,L,303.4,312.3,39.242833740697165,38.7,96.0,False,False,False,False,False,False
5845,L53024,L,301.4,310.1,38.23610858861032,37.1,41.0,False,False,False,False,False,False
4456,H33869,H,302.4,310.1,39.96248240537617,28.9,108.0,False,False,False,False,False,False
5946,M20805,M,300.8,310.8,37.61648574760805,44.5,87.0,False,False,False,False,False,False
8084,L55263,L,300.1,311.4,37.92097045171708,42.2,108.0,False,False,False,False,False,False
6779,M21638,M,301.3,310.1,42.649736224272246,25.5,46.0,False,False,False,False,False,False
4436,L51615,L,302.3,310.1,36.345563690772494,52.7,134.0,True,False,True,False,False,False
5639,L52818,L,302.6,312.1,38.97435053981015,38.1,178.0,False,False,False,False,False,False
4282,L51461,L,300.1,310.0,42.80186911806539,22.9,178.0,False,False,False,False,False,False
2735,H32148,H,299.7,309.2,39.64845520319802,32.8,142.0,False,False,False,False,False,False
9976,M24835,M,298.6,310.1,39.8622628559895,34.1,174.0,False,False,False,False,False,False
4697,L51876,L,303.4,311.6,38.06573262134856,41.7,132.0,False,False,False,False,False,False
2149,L49328,L,299.4,308.9,39.786932528155525,34.1,176.0,False,False,False,False,False,False
3633,L50812,L,302.1,311.3,40.422765862815474,30.6,50.0,False,False,False,False,False,False
6316,M21175,M,301.0,310.4,38.948684188300895,46.1,145.0,False,False,False,False,False,False
1323,H30736,H,298.9,310.1,38.1051177665153,49.9,187.0,False,False,False,False,False,False
7465,L54644,L,300.1,311.3,39.179076048319466,42.3,92.0,False,False,False,False,False,False
354,H29767,H,297.5,310.1,40.91454509095757,30.0,54.0,False,False,False,False,False,False
9223,M24082,M,297.9,309.0,39.05124837953327,38.5,113.0,False,False,False,False,False,False
4545,L51724,L,302.5,310.4,36.72873534441391,55.1,187.0,True,False,True,False,False,False
6543,L53722,L,301.4,310.8,39.28103868280471,36.9,97.0,False,False,False,False,False,False
8812,L55991,L,297.2,308.5,39.67366884975475,35.8,95.0,False,False,False,False,False,False
5158,H34571,H,300.1,313.3,37.376463182061514,49.6,34.0,False,False,False,False,False,False
1015,L48194,L,296.2,310.1,38.01315561749642,41.8,20.0,False,False,False,False,False,False
8292,L55471,L,298.9,310.5,41.43669871020132,26.9,17.0,False,False,False,False,False,False
1667,L48846,L,298.2,307.9,39.382737335030434,36.0,186.0,False,False,False,False,False,False
229,M15088,M,298.3,308.5,40.36087214122113,37.1,108.0,False,False,False,False,False,False
7352,L54531,L,299.7,310.2,38.18376618407357,43.4,28.0,False,False,False,False,False,False
2241,L49420,L,299.2,308.5,38.17066936798463,44.7,195.0,False,False,False,False,False,False
6420,H35833,H,300.3,309.9,37.33630940518894,46.7,210.0,True,True,False,False,False,False
4934,H34347,H,303.4,312.2,39.42080668885405,36.8,85.0,False,False,False,False,False,False
942,L48121,L,295.6,306.2,40.620192023179804,28.2,35.0,False,False,False,False,False,False
2669,M17528,M,299.8,309.3,40.496913462633174,31.1,211.0,False,False,False,False,False,False
8400,L55579,L,298.6,310.1,35.9722114972099,59.4,104.0,False,False,False,False,False,False
3185,L50364,L,300.1,310.1,40.66939881532551,31.0,201.0,False,False,False,False,False,False
5333,H34746,H,300.1,312.7,37.456641600656084,46.2,57.0,False,False,False,False,False,False
4168,M19027,M,302.3,310.7,39.48417404479927,33.9,119.0,False,False,False,False,False,False
3650,L50829,L,302.2,311.5,38.48376280978771,40.4,93.0,False,False,False,False,False,False
2989,M17848,M,300.6,309.8,39.14077158156185,42.5,130.0,False,False,False,False,False,False
4199,M19058,M,302.4,310.1,37.841775856849004,44.5,195.0,False,False,False,False,False,False
1713,L48892,L,298.3,307.9,39.382737335030434,33.8,72.0,False,False,False,False,False,False
8519,M23378,M,298.3,309.6,41.0,27.1,194.0,False,False,False,False,False,False
1445,L48624,L,299.0,310.2,38.43175770115127,37.9,60.0,False,False,False,False,False,False
5087,L52266,L,304.0,313.0,39.25557285278104,45.9,64.0,False,False,False,False,False,False
1219,M16078,M,297.0,308.2,41.255302689472536,30.7,124.0,False,False,False,False,False,False
718,L47897,L,297.4,308.7,39.30648801406709,36.9,125.0,False,False,False,False,False,False
5183,L52362,L,303.9,313.1,39.824615503479755,31.9,108.0,False,False,False,False,False,False
5072,H34485,H,300.1,313.0,37.97367509209505,40.9,23.0,False,False,False,False,False,False
144,H29557,H,298.6,308.4,37.5099986670221,50.5,164.0,False,False,False,False,False,False
4146,M19005,M,301.8,310.3,38.27531841800928,46.5,60.0,False,False,False,False,False,False
1760,H31173,H,300.1,307.4,40.07492981902776,35.2,195.0,False,False,False,False,False,False
4728,M19587,M,303.4,311.8,36.61966684720111,47.0,210.0,True,False,True,False,False,False
8290,L55469,L,298.9,310.6,37.49666651850535,43.8,12.0,False,False,False,False,False,False
3380,M18239,M,301.4,310.7,38.19685850956856,37.7,40.0,False,False,False,False,False,False
90,M14949,M,298.9,310.1,38.561638969317684,39.5,30.0,False,False,False,False,False,False
5729,M20588,M,302.4,311.9,37.70941526992961,46.4,194.0,False,False,False,False,False,False
8517,L55696,L,298.3,309.6,39.07684736515984,30.9,189.0,False,False,False,False,False,False
5516,H34929,H,302.7,312.0,38.52272056851645,41.5,65.0,False,False,False,False,False,False
9537,L56716,L,299.3,310.5,42.638011210655684,26.0,102.0,False,False,False,False,False,False
8243,M23102,M,299.0,310.3,41.09744517606904,29.7,101.0,False,False,False,False,False,False
9206,L56385,L,297.8,308.8,39.736632972611055,32.9,70.0,False,False,False,False,False,False
3674,H33087,H,302.3,310.1,38.06573262134856,44.5,152.0,False,False,False,False,False,False
8536,L55715,L,300.1,309.5,39.331920878594275,44.8,36.0,False,False,False,False,False,False
739,L47918,L,300.1,310.1,38.80721582386451,45.9,182.0,False,False,False,False,False,False
3524,L50703,L,301.8,310.9,39.0,39.3,197.0,False,False,False,False,False,False
6201,L53380,L,301.0,310.9,40.97560249709576,29.8,64.0,False,False,False,False,False,False
1658,M16517,M,298.1,308.0,37.067505985701274,48.8,156.0,False,False,False,False,False,False
1717,L48896,L,298.1,307.7,39.02563260217571,37.7,80.0,False,False,False,False,False,False
5286,L52465,L,303.8,313.1,39.02563260217571,39.8,150.0,False,False,False,False,False,False
3228,M18087,M,300.5,310.1,39.8622628559895,34.9,91.0,False,False,False,False,False,False
2186,L49365,L,299.8,309.4,40.3732584763727,32.4,53.0,False,False,False,False,False,False
3342,H32755,H,301.4,310.7,36.45545226711637,52.0,160.0,False,False,False,False,False,False
513,L47692,L,297.5,309.2,37.76241517699841,44.8,24.0,False,False,False,False,False,False
9037,L56216,L,297.3,310.1,38.97435053981015,37.7,45.0,False,False,False,False,False,False
4211,L51390,L,302.1,310.8,39.56008088970496,35.3,6.0,False,False,False,False,False,False
5575,L52754,L,302.4,310.1,36.124783736376884,49.1,16.0,False,False,False,False,False,False
1958,H31371,H,297.9,307.7,40.22437072223753,35.9,92.0,False,False,False,False,False,False
1585,M16444,M,298.2,308.3,40.48456495999432,33.3,191.0,False,False,False,False,False,False
3253,L50432,L,301.1,309.7,40.84115571332428,30.8,158.0,False,False,False,False,False,False
2473,L49652,L,298.9,308.5,37.8021163428716,55.1,140.0,False,False,False,False,False,False
4600,L51779,L,303.1,310.1,37.68288736283355,55.8,113.0,False,False,False,False,False,False
2658,M17517,M,300.0,309.5,37.749172176353746,40.8,178.0,False,False,False,False,False,False
2713,H32126,H,299.7,309.2,36.08323710533743,55.5,87.0,False,False,False,False,False,False
1147,L48326,L,297.0,307.9,39.102429592034305,42.2,157.0,False,False,False,False,False,False
2051,M16910,M,299.5,309.3,40.92676385936225,29.2,132.0,False,False,False,False,False,False
2370,M17229,M,299.2,308.4,43.08131845707603,22.7,86.0,False,False,False,False,False,False
3349,M18208,M,301.3,310.7,39.14077158156185,40.7,178.0,False,False,False,False,False,False
5633,L52812,L,302.7,312.2,37.094473981982816,52.8,164.0,False,False,False,False,False,False
730,L47909,L,300.1,308.6,39.824615503479755,37.7,155.0,False,False,False,False,False,False
3315,L50494,L,301.4,310.5,38.58756276314948,43.5,98.0,False,False,False,False,False,False
1376,M16235,M,298.8,310.3,39.08964057138413,37.1,99.0,False,False,False,False,False,False
4927,L52106,L,303.4,310.1,38.7556447501522,36.0,69.0,False,False,False,False,False,False
1380,L48559,L,298.7,310.1,40.24922359499622,34.8,112.0,False,False,False,False,False,False
1317,L48496,L,299.0,310.3,38.82009788756334,36.7,173.0,False,False,False,False,False,False
31,M14890,M,299.1,309.5,36.59234892706397,48.2,86.0,False,False,False,False,False,False
1321,M16180,M,299.0,310.3,39.242833740697165,38.1,182.0,False,False,False,False,False,False
9146,L56325,L,297.6,308.5,39.67366884975475,37.1,121.0,False,False,False,False,False,False
931,M15790,M,295.5,310.1,38.118237105091836,47.3,9.0,False,False,False,False,False,False
8109,M22968,M,300.3,311.8,40.08740450565489,33.7,108.0,False,False,False,False,False,False
3267,L50446,L,301.3,310.1,35.62302626111375,56.8,195.0,True,False,False,False,True,False
653,L47832,L,297.7,309.2,37.296112397943034,44.5,159.0,False,False,False,False,False,False
9891,L57070,L,298.8,309.5,40.55859958134649,32.8,157.0,False,False,False,False,False,False
6702,L53881,L,301.6,310.9,40.28647415696737,34.1,56.0,False,False,False,False,False,False
7108,H36521,H,300.9,310.5,38.88444419044716,41.2,49.0,False,False,False,False,False,False
1306,L48485,L,298.8,310.0,40.890096600521744,30.4,150.0,False,False,False,False,False,False
2458,L49637,L,299.0,310.1,40.755367744629666,32.2,106.0,False,False,False,False,False,False
1982,L49161,L,298.0,307.6,37.21558813185679,45.0,158.0,False,False,False,False,False,False
1943,L49122,L,298.1,308.0,38.157568056677825,42.4,59.0,False,False,False,False,False,False
8160,H37573,H,299.6,310.9,40.97560249709576,31.2,120.0,False,False,False,False,False,False
5962,L53141,L,300.3,310.7,39.230090491866065,32.3,123.0,False,False,False,False,False,False
62,M14921,M,298.8,309.0,39.89987468652001,38.2,169.0,False,False,False,False,False,False
4129,L51308,L,301.9,310.4,41.32795663954365,24.8,17.0,False,False,False,False,False,False
5006,M19865,M,303.7,312.9,38.0,52.7,46.0,False,False,False,False,False,False
5441,H34854,H,303.0,312.5,41.20679555607303,30.0,89.0,False,False,False,False,False,False
3023,L50202,L,300.5,309.6,41.95235392680606,30.6,213.0,False,False,False,False,False,False
4639,L51818,L,303.1,311.3,38.39270764090493,34.8,215.0,False,False,False,False,False,False
5117,L52296,L,304.2,313.8,37.429934544425805,53.9,142.0,False,False,False,False,False,False
2874,H32287,H,300.6,309.4,39.433488306260706,37.9,24.0,False,False,False,False,False,False
7906,M22765,M,300.8,312.4,38.27531841800928,43.7,139.0,False,False,False,False,False,False
1018,L48197,L,296.3,307.2,40.45985664828782,31.6,27.0,False,False,False,False,False,False
5694,M20553,M,302.4,311.8,38.118237105091836,42.1,105.0,False,False,False,False,False,False
8968,L56147,L,297.1,307.8,39.191835884530846,40.4,92.0,False,False,False,False,False,False
6110,M20969,M,300.8,310.9,38.91015291668744,38.7,66.0,False,False,False,False,False,False
7783,M22642,M,300.4,310.1,38.961519477556315,36.4,53.0,False,False,False,False,False,False
9050,L56229,L,297.3,308.5,39.30648801406709,34.3,74.0,False,False,False,False,False,False
9208,L56387,L,297.9,308.8,37.22902093797257,48.6,75.0,False,False,False,False,False,False
5741,M20600,M,302.3,310.1,39.179076048319466,38.3,5.0,False,False,False,False,False,False
829,L48008,L,296.5,307.3,39.57271787481876,37.2,108.0,False,False,False,False,False,False
3672,M18531,M,302.3,311.7,38.54867053479276,39.6,147.0,False,False,False,False,False,False
9081,L56260,L,297.2,308.0,43.23193264243457,25.4,163.0,False,False,False,False,False,False
8022,M22881,M,300.1,310.1,38.71692136521188,34.6,207.0,False,False,False,False,False,False
8919,L56098,L,297.1,308.2,37.44329045369811,51.2,186.0,False,False,False,False,False,False
5856,M20715,M,301.2,310.9,37.73592452822641,45.2,68.0,False,False,False,False,False,False
7532,H36945,H,300.1,311.4,37.107950630558946,56.7,50.0,False,False,False,False,False,False
9973,L57152,L,298.6,308.2,37.282703764614496,51.4,168.0,False,False,False,False,False,False
3444,L50623,L,301.5,310.5,39.179076048319466,39.0,204.0,False,False,False,False,False,False
3781,L50960,L,302.4,311.1,38.02630668366309,42.9,5.0,False,False,False,False,False,False
4105,L51284,L,302.1,310.5,37.26929030716845,49.6,169.0,False,False,False,False,False,False
9715,L56894,L,299.1,310.1,43.520110293977886,20.1,106.0,False,False,False,False,False,False
1698,M16557,M,297.9,307.6,38.97435053981015,44.0,108.0,False,False,False,False,False,False
4969,M19828,M,303.9,312.7,38.535697735995385,43.3,174.0,False,False,False,False,False,False
3920,H33333,H,302.5,311.5,40.681691213615984,32.3,142.0,False,False,False,False,False,False
9286,M24145,M,298.2,309.0,37.54996671103717,47.6,76.0,False,False,False,False,False,False
5094,M19953,M,304.0,313.3,37.61648574760805,52.8,82.0,False,False,False,False,False,False
3320,L50499,L,301.4,310.4,41.09744517606904,30.6,110.0,False,False,False,False,False,False
9162,M24021,M,297.5,308.5,40.149719799769464,30.0,163.0,False,False,False,False,False,False
4242,L51421,L,302.4,311.0,38.40572873934304,47.9,79.0,False,False,False,False,False,False
4586,L51765,L,302.8,311.1,39.534794801541594,32.2,78.0,False,False,False,False,False,False
895,L48074,L,295.6,306.2,37.76241517699841,48.6,124.0,False,False,False,False,False,False
5792,M20651,M,301.8,311.3,39.26830783214372,40.1,142.0,False,False,False,False,False,False
4387,L51566,L,301.9,309.7,41.46082488325576,31.9,0.0,False,False,False,False,False,False
6039,L53218,L,300.1,311.0,38.67815921162743,38.3,99.0,False,False,False,False,False,False
743,L47922,L,296.8,308.2,40.53393639902249,34.7,191.0,False,False,False,False,False,False
6389,H35802,H,300.3,309.9,38.84584919911006,46.6,125.0,False,False,False,False,False,False
3170,M18029,M,300.4,309.6,40.92676385936225,35.5,164.0,False,False,False,False,False,False
3759,M18618,M,300.1,311.0,38.41874542459709,47.4,161.0,False,False,False,False,False,False
2923,L50102,L,300.8,309.7,38.48376280978771,38.1,153.0,False,False,False,False,False,False
3128,L50307,L,300.0,309.5,41.43669871020132,28.3,48.0,False,False,False,False,False,False
2180,L49359,L,299.6,309.2,40.01249804748511,33.3,33.0,False,False,False,False,False,False
9147,L56326,L,297.6,308.6,39.08964057138413,40.0,123.0,False,False,False,False,False,False
8306,H37719,H,298.8,310.1,37.14835124201342,44.0,56.0,False,False,False,False,False,False
4759,L51938,L,303.5,311.6,38.27531841800928,48.7,60.0,False,False,False,False,False,False
3787,L50966,L,302.3,310.9,39.83716857408418,36.6,20.0,False,False,False,False,False,False
9523,M24382,M,299.0,310.2,40.70626487409524,32.3,64.0,False,False,False,False,False,False
1360,L48539,L,298.7,310.2,37.469987990390386,50.3,54.0,False,False,False,False,False,False
5718,L52897,L,302.3,312.0,41.78516483155236,28.1,167.0,False,False,False,False,False,False
5037,L52216,L,304.0,313.2,40.18706259482024,37.8,127.0,False,False,False,False,False,False
749,H30162,H,296.7,308.1,39.08964057138413,46.3,203.0,False,False,False,False,False,False
8740,H38153,H,297.4,308.7,37.8021163428716,37.6,108.0,False,False,False,False,False,False
9905,L57084,L,298.6,309.1,39.20459156782532,35.7,198.0,False,False,False,False,False,False
4285,L51464,L,301.8,310.0,38.63935817272331,40.3,185.0,False,False,False,False,False,False
7582,M22441,M,300.4,311.2,36.959437225152655,56.1,177.0,False,False,False,False,False,False
6242,L53421,L,301.1,310.5,36.38681079732051,52.4,171.0,False,False,False,False,False,False
9123,L56302,L,297.4,308.4,39.74921382870358,41.2,108.0,False,False,False,False,False,False
2109,H31522,H,299.4,309.0,37.61648574760805,51.7,62.0,False,False,False,False,False,False
9044,L56223,L,300.1,308.4,36.64696440361739,40.0,61.0,False,False,False,False,False,False
132,L47311,L,300.1,310.1,41.677331968349414,27.7,130.0,False,False,False,False,False,False
4838,H34251,H,303.3,311.8,42.49705872175156,27.7,44.0,False,False,False,False,False,False
4923,M19782,M,303.4,312.2,40.18706259482024,35.7,56.0,False,False,False,False,False,False
7345,L54524,L,299.6,310.1,37.20215047547655,49.8,11.0,False,False,False,False,False,False
3838,L51017,L,302.4,311.2,38.07886552931954,47.9,154.0,False,False,False,False,False,False
7645,L54824,L,300.4,311.4,37.73592452822641,44.6,127.0,False,False,False,False,False,False
8541,L55720,L,298.6,309.5,41.0731055558257,29.3,47.0,False,False,False,False,False,False
4569,M19428,M,300.1,310.8,39.433488306260706,36.1,35.0,False,False,False,False,False,False
9639,H39052,H,299.3,310.4,37.322915213043046,44.9,162.0,False,False,False,False,False,False
5218,M20077,M,303.8,312.8,37.68288736283355,47.9,200.0,False,False,False,False,False,False
4124,M18983,M,302.1,310.6,38.948684188300895,38.9,2.0,False,False,False,False,False,False
3830,H33243,H,302.3,310.9,36.959437225152655,48.4,130.0,True,False,True,False,False,False
2824,M17683,M,300.3,309.5,36.3318042491699,62.2,142.0,False,False,False,False,False,False
2919,M17778,M,300.1,309.5,38.62641583165593,34.0,144.0,False,False,False,False,False,False
1999,H31412,H,298.3,308.0,40.45985664828782,30.8,2.0,False,False,False,False,False,False
9481,M24340,M,298.9,310.1,37.86819245752297,43.8,180.0,False,False,False,False,False,False
4971,L52150,L,303.8,312.6,39.56008088970496,36.0,179.0,False,False,False,False,False,False
1953,L49132,L,298.0,307.8,35.58089374931439,60.5,81.0,False,False,False,False,False,False
1033,L48212,L,296.3,307.4,40.59556626036888,34.0,60.0,False,False,False,False,False,False
5595,L52774,L,302.6,311.9,39.97499218261337,35.5,69.0,False,False,False,False,False,False
3529,L50708,L,302.0,310.9,37.12142238654117,53.1,212.0,True,False,False,False,True,False
4223,M19082,M,300.1,310.1,39.179076048319466,38.6,34.0,False,False,False,False,False,False
5269,L52448,L,300.1,312.9,37.26929030716845,54.1,109.0,False,False,False,False,False,False
5371,H34784,H,303.0,312.4,40.33608806019741,37.1,168.0,False,False,False,False,False,False
8194,L55373,L,299.5,310.8,43.278170016764804,22.3,211.0,False,False,False,False,False,False
1058,L48237,L,296.8,307.8,39.66106403010388,36.4,126.0,False,False,False,False,False,False
3948,H33361,H,302.2,311.3,41.82104733265297,29.2,5.0,False,False,False,False,False,False
342,M15201,M,297.4,308.2,39.11521443121589,32.6,22.0,False,False,False,False,False,False
4692,L51871,L,303.5,311.5,39.179076048319466,33.3,120.0,False,False,False,False,False,False
781,M15640,M,300.1,308.0,37.53664875824692,50.7,43.0,False,False,False,False,False,False
7028,L54207,L,300.6,310.6,38.8329756778952,34.8,62.0,False,False,False,False,False,False
850,H30263,H,296.4,307.4,39.824615503479755,35.5,0.0,False,False,False,False,False,False
1728,M16587,M,298.3,307.7,40.024992192379,33.4,106.0,False,False,False,False,False,False
4374,M19233,M,301.9,309.7,39.153543900903784,35.9,204.0,False,False,False,False,False,False
3420,L50599,L,301.5,310.5,40.13726448077895,33.8,144.0,False,False,False,False,False,False
8708,L55887,L,300.1,308.5,38.353617821530214,41.7,41.0,False,False,False,False,False,False
8698,L55877,L,297.3,308.6,38.79432948254165,33.5,108.0,False,False,False,False,False,False
9795,L56974,L,298.5,310.1,39.87480407475377,33.9,107.0,False,False,False,False,False,False
6980,L54159,L,300.9,311.2,36.78314831549904,60.4,139.0,False,False,False,False,False,False
9959,M24818,M,298.1,307.8,39.05124837953327,35.9,132.0,False,False,False,False,False,False
7546,L54725,L,300.2,311.4,43.485629810317796,22.6,86.0,False,False,False,False,False,False
1435,M16294,M,298.8,309.8,37.107950630558946,49.6,27.0,False,False,False,False,False,False
5156,H34569,H,304.2,313.3,40.311288741492746,37.3,108.0,False,False,False,False,False,False
6407,L53586,L,300.2,309.8,39.06404996924922,45.6,175.0,False,False,False,False,False,False
8707,L55886,L,297.2,308.6,36.53765181289022,53.0,39.0,False,False,False,False,False,False
1964,L49143,L,297.7,307.5,37.134889255254286,43.3,111.0,False,False,False,False,False,False
9749,M24608,M,298.9,310.1,37.960505792204614,41.2,189.0,False,False,False,False,False,False
3229,L50408,L,300.5,309.3,38.40572873934304,46.8,94.0,False,False,False,False,False,False
800,M15659,M,297.0,307.8,39.736632972611055,34.1,94.0,False,False,False,False,False,False
9322,L56501,L,298.4,309.2,36.53765181289022,53.5,168.0,False,False,False,False,False,False
4114,L51293,L,302.0,310.1,36.40054944640259,55.3,192.0,False,False,False,False,False,False
4891,L52070,L,303.7,312.4,39.05124837953327,43.9,188.0,False,False,False,False,False,False
8562,L55741,L,298.2,308.9,36.49657518178932,44.4,100.0,False,False,False,False,False,False
2547,L49726,L,299.2,309.1,40.06245124802026,34.3,107.0,False,False,False,False,False,False
312,M15171,M,298.0,308.6,38.118237105091836,44.1,165.0,False,False,False,False,False,False
2736,L49915,L,299.7,309.2,37.57658845611187,45.4,147.0,False,False,False,False,False,False
9121,L56300,L,297.4,308.4,39.05124837953327,38.7,108.0,False,False,False,False,False,False
232,L47411,L,298.3,308.4,37.52332607858744,43.1,177.0,False,False,False,False,False,False
2836,L50015,L,300.3,309.2,39.64845520319802,32.0,173.0,False,False,False,False,False,False
8864,L56043,L,298.0,310.1,41.60528812542944,28.7,38.0,False,False,False,False,False,False
3804,L50983,L,300.1,310.9,39.1279950930277,37.5,60.0,False,False,False,False,False,False
3856,H33269,H,302.4,311.1,39.72404813208241,32.3,196.0,False,False,False,False,False,False
5102,M19961,M,304.1,313.4,38.961519477556315,42.4,105.0,False,False,False,False,False,False
8390,L55569,L,300.1,309.9,39.05124837953327,39.7,77.0,False,False,False,False,False,False
7880,M22739,M,300.8,312.3,39.179076048319466,40.3,71.0,False,False,False,False,False,False
9328,L56507,L,298.5,309.2,38.781438859330635,33.7,182.0,False,False,False,False,False,False
6812,L53991,L,300.1,310.1,38.781438859330635,46.4,129.0,False,False,False,False,False,False
1586,L48765,L,298.2,308.3,37.416573867739416,48.7,194.0,False,False,False,False,False,False
9396,L56575,L,297.7,310.1,38.72983346207417,39.9,158.0,False,False,False,False,False,False
1451,M16310,M,299.0,310.3,38.03945320322047,39.9,78.0,False,False,False,False,False,False
1204,H30617,H,297.0,308.1,37.54996671103717,47.6,79.0,False,False,False,False,False,False
6764,M21623,M,300.1,310.8,42.21374183841087,26.5,108.0,False,False,False,False,False,False
2379,L49558,L,300.1,308.2,36.71511950137164,56.1,110.0,False,False,False,False,False,False
2739,M17598,M,299.8,309.1,38.67815921162743,44.4,155.0,False,False,False,False,False,False
9173,L56352,L,297.7,308.9,41.41255848169731,27.2,193.0,False,False,False,False,False,False
103,L47282,L,298.8,310.1,39.433488306260706,40.6,61.0,False,False,False,False,False,False
1467,L48646,L,300.1,309.8,36.945906403822335,50.5,111.0,False,False,False,False,False,False
7231,L54410,L,299.8,309.8,39.26830783214372,39.4,155.0,False,False,False,False,False,False
6101,M20960,M,300.8,310.7,43.42810150121693,21.1,44.0,False,False,False,False,False,False
1817,L48996,L,298.1,310.1,38.2099463490856,46.5,143.0,False,False,False,False,False,False
4232,L51411,L,302.2,310.8,36.60601043544625,47.8,54.0,False,False,False,False,False,False
5150,L52329,L,304.3,310.1,38.1051177665153,41.5,15.0,False,False,False,False,False,False
1070,M15929,M,296.9,307.8,42.89522117905443,24.6,157.0,False,False,False,False,False,False
2122,M16981,M,299.2,308.8,38.768543949960254,37.4,109.0,False,False,False,False,False,False
2124,L49303,L,299.3,309.0,38.61346915261564,38.4,115.0,False,False,False,False,False,False
2785,L49964,L,300.2,309.6,37.815340802378074,52.7,47.0,False,False,False,False,False,False
3281,M18140,M,301.2,310.1,38.157568056677825,50.8,15.0,False,False,False,False,False,False
9161,H38574,H,297.5,308.5,40.87786687193939,28.0,158.0,False,False,False,False,False,False
9092,M23951,M,297.2,308.0,42.01190307520001,31.1,191.0,False,False,False,False,False,False
9773,L56952,L,298.5,309.5,39.50949253027682,34.8,108.0,False,False,False,False,False,False
6488,H35901,H,300.6,309.8,39.25557285278104,36.2,166.0,False,False,False,False,False,False
9271,L56450,L,298.2,308.8,36.08323710533743,60.4,34.0,False,False,False,False,False,False
1363,L48542,L,298.6,310.0,38.948684188300895,41.2,64.0,False,False,False,False,False,False
5373,H34786,H,302.9,312.3,38.84584919911006,46.8,175.0,False,False,False,False,False,False
6019,M20878,M,300.8,310.9,39.45883931389772,31.6,52.0,False,False,False,False,False,False
116,L47295,L,298.8,308.6,37.82856063875548,45.7,97.0,False,False,False,False,False,False
203,M15062,M,298.4,308.5,40.44749683231337,35.7,107.0,False,False,False,False,False,False
5213,L52392,L,303.7,312.5,37.376463182061514,45.7,187.0,False,False,False,False,False,False
5314,M20173,M,303.7,310.1,39.57271787481876,32.6,9.0,False,False,False,False,False,False
4005,L51184,L,302.0,311.1,37.05401462729781,55.7,157.0,False,False,False,False,False,False
1544,L48723,L,298.4,308.9,40.34848200366403,34.9,93.0,False,False,False,False,False,False
2127,L49306,L,299.3,309.0,38.06573262134856,46.5,121.0,False,False,False,False,False,False
7497,L54676,L,300.2,311.8,38.262252939417984,44.5,179.0,False,False,False,False,False,False
6168,M21027,M,300.9,310.7,36.90528417449187,51.6,212.0,False,False,False,False,False,False
6222,M21081,M,301.2,310.9,36.864617182333525,50.8,118.0,False,False,False,False,False,False
415,L47594,L,297.4,308.4,39.84971769034255,32.5,207.0,False,False,False,False,False,False
1714,L48893,L,298.2,307.8,38.92300091205713,46.7,74.0,False,False,False,False,False,False
5980,H35393,H,300.6,310.1,38.742741255621034,45.3,175.0,False,False,False,False,False,False
4003,L51182,L,302.1,311.2,38.13135192987524,59.2,153.0,True,False,False,True,False,False
5443,L52622,L,303.1,312.7,36.78314831549904,51.8,97.0,False,False,False,False,False,False
2707,M17566,M,300.1,309.1,39.496835316262995,37.1,73.0,False,False,False,False,False,False
6875,H36288,H,300.9,311.3,35.98610843089316,58.9,77.0,False,False,False,False,False,False
5572,L52751,L,302.4,310.1,39.52214569073901,37.9,10.0,False,False,False,False,False,False
9589,H39002,H,299.3,310.4,38.8587184554509,45.5,27.0,False,False,False,False,False,False
9409,H38822,H,297.9,308.4,40.45985664828782,34.5,191.0,False,False,False,False,False,False
8862,L56041,L,297.9,309.1,40.23679907746142,34.7,33.0,False,False,False,False,False,False
9153,L56332,L,297.5,310.1,35.4964786985977,53.6,137.0,False,False,False,False,False,False
1101,H30514,H,296.8,307.5,41.1703777004778,30.0,33.0,False,False,False,False,False,False
7359,M22218,M,299.5,310.1,40.7308237088326,31.5,44.0,False,False,False,False,False,False
1309,L48488,L,298.9,310.1,41.83300132670378,25.0,156.0,False,False,False,False,False,False
437,L47616,L,297.3,308.3,38.781438859330635,36.3,45.0,False,False,False,False,False,False
5971,L53150,L,300.4,310.8,38.98717737923585,37.6,151.0,False,False,False,False,False,False
7644,H37057,H,300.4,311.4,37.77565353504821,50.7,122.0,False,False,False,False,False,False
3733,M18592,M,300.1,311.2,36.701498607005135,49.8,94.0,False,False,False,False,False,False
1111,L48290,L,296.5,307.4,35.94440151122286,52.5,62.0,False,False,False,False,False,False
7153,L54332,L,300.2,309.9,39.57271787481876,36.4,170.0,False,False,False,False,False,False
9091,M23950,M,297.2,307.9,41.79712908801273,29.0,188.0,False,False,False,False,False,False
8528,L55707,L,298.4,309.3,39.1279950930277,37.4,16.0,False,False,False,False,False,False
1046,H30459,H,296.4,307.5,37.456641600656084,52.8,94.0,False,False,False,False,False,False
3028,L50207,L,300.5,309.5,42.15447781671598,23.6,0.0,False,False,False,False,False,False
5181,L52360,L,304.0,313.2,39.7994974842648,38.7,104.0,False,False,False,False,False,False
723,L47902,L,297.5,308.9,37.77565353504821,44.7,135.0,False,False,False,False,False,False
2313,M17172,M,299.1,308.6,37.960505792204614,36.2,169.0,False,False,False,False,False,False
2858,M17717,M,300.4,309.2,39.08964057138413,37.2,228.0,False,False,False,False,False,False
1000,L48179,L,296.3,307.1,39.496835316262995,33.2,186.0,False,False,False,False,False,False
4993,L52172,L,303.8,312.9,39.66106403010388,34.6,14.0,False,False,False,False,False,False
1123,L48302,L,296.5,310.1,39.25557285278104,38.5,98.0,False,False,False,False,False,False
3255,M18114,M,301.0,309.7,35.888716889852724,58.4,162.0,False,False,False,False,False,False
3237,M18096,M,300.8,309.4,36.6333181680284,62.4,113.0,True,False,True,False,False,False
1378,L48557,L,298.8,310.2,38.22302970723278,46.7,105.0,False,False,False,False,False,False
4247,L51426,L,302.6,311.0,39.20459156782532,35.5,91.0,False,False,False,False,False,False
3381,L50560,L,301.4,310.7,39.87480407475377,36.3,43.0,False,False,False,False,False,False
3811,M18670,M,302.2,310.8,39.52214569073901,38.1,78.0,False,False,False,False,False,False
1023,L48202,L,296.2,310.1,38.92300091205713,36.5,38.0,False,False,False,False,False,False
3802,M18661,M,302.2,310.1,42.08325082500163,27.6,54.0,False,False,False,False,False,False
4154,M19013,M,302.0,310.4,34.813790371058424,55.6,79.0,True,False,True,False,False,False
8138,H37551,H,299.5,310.1,40.0,32.4,108.0,False,False,False,False,False,False
5071,M19930,M,304.2,313.1,40.099875311526844,31.1,20.0,False,False,False,False,False,False
2408,M17267,M,299.1,308.6,38.71692136521188,45.1,185.0,False,False,False,False,False,False
3686,M18545,M,301.9,311.1,37.14835124201342,51.6,184.0,False,False,False,False,False,False
1968,L49147,L,297.9,307.6,39.8622628559895,37.8,120.0,False,False,False,False,False,False
5833,L53012,L,301.3,311.2,40.92676385936225,32.1,12.0,False,False,False,False,False,False
7634,L54813,L,300.4,311.5,37.960505792204614,44.6,108.0,False,False,False,False,False,False
6369,M21228,M,300.0,309.6,37.72267222772003,48.7,67.0,False,False,False,False,False,False
3178,M18037,M,300.2,309.5,39.54743986657038,33.4,183.0,False,False,False,False,False,False
5892,L53071,L,301.4,311.0,36.52396473549935,53.3,157.0,False,False,False,False,False,False
3073,L50252,L,300.1,309.0,36.24913792078372,58.2,114.0,False,False,False,False,False,False
5759,L52938,L,301.9,310.1,38.742741255621034,40.8,59.0,False,False,False,False,False,False
8025,L55204,L,300.9,312.0,38.63935817272331,38.7,217.0,False,False,False,False,False,False
1845,M16704,M,297.6,307.1,38.353617821530214,44.9,14.0,False,False,False,False,False,False
2031,L49210,L,298.9,308.6,37.416573867739416,49.5,79.0,False,False,False,False,False,False
6254,L53433,L,300.9,310.4,40.18706259482024,30.9,200.0,False,False,False,False,False,False
5863,L53042,L,301.4,311.0,38.34057902536163,40.6,86.0,False,False,False,False,False,False
9503,L56682,L,299.3,310.2,38.66522985836241,49.2,16.0,False,False,False,False,False,False
24,L47203,L,299.0,309.4,41.92851058647326,25.7,68.0,False,False,False,False,False,False
3631,L50810,L,302.0,311.2,42.95346318982906,27.3,45.0,False,False,False,False,False,False
892,L48071,L,295.7,306.1,37.52332607858744,47.9,117.0,False,False,False,False,False,False
8100,L55279,L,300.1,311.7,40.0374824383352,30.5,176.0,False,False,False,False,False,False
6563,M21422,M,301.5,310.7,43.255057507764334,21.3,152.0,False,False,False,False,False,False
9807,L56986,L,298.3,309.1,37.64306044943742,60.5,143.0,False,False,False,False,False,False
9612,L56791,L,299.0,310.2,37.841775856849004,42.2,87.0,False,False,False,False,False,False
7702,H37115,H,300.1,310.1,38.31448812133603,38.7,39.0,False,False,False,False,False,False
9455,L56634,L,298.4,310.1,39.786932528155525,35.4,112.0,False,False,False,False,False,False
9029,L56208,L,297.4,308.3,37.3496987939662,48.7,21.0,False,False,False,False,False,False
6128,L53307,L,300.9,310.1,35.04283093587046,66.4,109.0,False,False,False,False,False,False
3,L47182,L,298.1,308.5,38.704004960727254,49.4,5.0,False,False,False,False,False,False
5865,M20724,M,301.4,311.0,38.54867053479276,36.5,91.0,False,False,False,False,False,False
9781,M24640,M,298.8,309.8,38.43175770115127,46.7,59.0,False,False,False,False,False,False
2596,M17455,M,298.8,308.6,38.54867053479276,41.1,13.0,False,False,False,False,False,False
1167,M16026,M,297.1,308.1,38.80721582386451,37.7,108.0,False,False,False,False,False,False
1769,M16628,M,298.3,307.8,38.535697735995385,42.0,13.0,False,False,False,False,False,False
9006,L56185,L,297.2,307.9,36.565010597564445,58.1,184.0,False,False,False,False,False,False
3898,M18757,M,302.2,311.1,40.496913462633174,32.8,77.0,False,False,False,False,False,False
3892,L51071,L,302.2,311.1,37.656340767525464,47.0,61.0,False,False,False,False,False,False
7664,L54843,L,300.5,311.6,37.21558813185679,54.8,173.0,False,False,False,False,False,False
3970,L51149,L,302.3,311.4,38.781438859330635,38.7,65.0,False,False,False,False,False,False
9893,H39306,H,298.9,310.1,37.5099986670221,48.6,161.0,False,False,False,False,False,False
7737,H37150,H,300.6,312.1,36.796738985948195,46.9,138.0,False,False,False,False,False,False
681,M15540,M,297.8,309.1,37.841775856849004,42.6,17.0,False,False,False,False,False,False
5526,M20385,M,300.1,312.0,36.91882988394946,45.7,91.0,False,False,False,False,False,False
8561,L55740,L,298.3,309.0,37.52332607858744,45.4,98.0,False,False,False,False,False,False
3566,M18425,M,301.8,310.1,37.68288736283355,52.0,88.0,False,False,False,False,False,False
8665,H38078,H,297.5,308.6,36.810324638611924,58.9,138.0,False,False,False,False,False,False
6596,M21455,M,301.5,310.7,38.2099463490856,38.6,14.0,False,False,False,False,False,False
4650,M19509,M,303.3,311.4,37.3496987939662,59.1,4.0,False,False,False,False,False,False
6336,M21195,M,300.4,309.8,37.815340802378074,43.4,198.0,False,False,False,False,False,False
7745,L54924,L,300.4,311.7,36.24913792078372,59.5,160.0,False,False,False,False,False,False
1254,L48433,L,297.5,308.8,36.180105030251084,57.3,0.0,False,False,False,False,False,False
8932,L56111,L,297.4,308.4,37.86819245752297,39.9,2.0,False,False,False,False,False,False
8881,L56060,L,298.0,309.2,38.18376618407357,39.8,87.0,False,False,False,False,False,False
746,L47925,L,296.7,310.1,38.09199390948182,50.7,197.0,False,False,False,False,False,False
2894,M17753,M,300.7,309.6,39.59797974644666,35.2,82.0,False,False,False,False,False,False
4621,L51800,L,303.1,311.3,36.55133376499413,52.6,172.0,True,False,True,False,False,False
5755,L52934,L,302.1,311.5,41.557189510360296,27.7,50.0,False,False,False,False,False,False
4389,L51568,L,302.0,309.8,41.24318125460256,27.2,4.0,False,False,False,False,False,False
4988,M19847,M,303.7,313.0,36.09709129556009,54.4,2.0,False,False,False,False,False,False
7528,L54707,L,300.1,311.3,38.34057902536163,45.2,40.0,False,False,False,False,False,False
6470,M21329,M,300.4,309.6,39.0,35.0,119.0,False,False,False,False,False,False
1205,L48384,L,300.1,308.0,39.0,34.5,84.0,False,False,False,False,False,False
8413,M23272,M,298.6,309.7,36.24913792078372,49.7,136.0,False,False,False,False,False,False
9238,M24097,M,298.1,308.8,42.555845661906424,25.4,147.0,False,False,False,False,False,False
6238,L53417,L,301.4,310.9,37.603191353926334,38.8,162.0,False,False,False,False,False,False
3740,M18599,M,302.2,311.2,40.779897008207364,29.6,115.0,False,False,False,False,False,False
6330,M21189,M,300.1,310.1,40.50925820105819,34.6,178.0,False,False,False,False,False,False
4671,L51850,L,303.2,311.4,40.124805295477756,35.5,63.0,False,False,False,False,False,False
7428,L54607,L,300.0,311.4,40.422765862815474,31.9,0.0,False,False,False,False,False,False
1049,L48228,L,296.5,307.6,40.08740450565489,33.5,104.0,False,False,False,False,False,False
8000,M22859,M,300.9,312.1,40.2119385257662,31.0,148.0,False,False,False,False,False,False
1416,L48595,L,298.7,309.9,40.2119385257662,33.0,203.0,False,False,False,False,False,False
8438,L55617,L,298.7,309.8,34.36568055487916,65.9,203.0,True,False,False,False,True,False
6943,M21802,M,300.8,311.4,41.617304093369626,26.9,45.0,False,False,False,False,False,False
5883,L53062,L,301.4,311.1,38.3275357934736,36.9,133.0,False,False,False,False,False,False
5850,M20709,M,301.4,311.2,37.86819245752297,47.6,52.0,False,False,False,False,False,False
2449,L49628,L,299.4,308.9,37.94733192202055,42.5,87.0,False,False,False,False,False,False
4398,L51577,L,300.1,310.2,39.230090491866065,37.7,29.0,False,False,False,False,False,False
7487,L54666,L,300.3,311.7,40.43513323831146,31.8,108.0,False,False,False,False,False,False
3687,L50866,L,302.0,311.1,37.49666651850535,50.5,187.0,False,False,False,False,False,False
115,L47294,L,298.8,308.6,40.98780306383839,29.4,95.0,False,False,False,False,False,False
4808,L51987,L,303.5,312.4,38.768543949960254,36.5,191.0,False,False,False,False,False,False
7285,M22144,M,300.1,310.3,36.6742416417845,57.1,108.0,False,False,False,False,False,False
7226,M22085,M,299.8,309.7,43.70354676682432,21.8,141.0,False,False,False,False,False,False
6038,L53217,L,300.7,311.1,37.76241517699841,46.2,97.0,False,False,False,False,False,False
1208,M16067,M,297.0,308.1,39.66106403010388,34.9,93.0,False,False,False,False,False,False
6957,M21816,M,300.1,311.2,37.86819245752297,39.1,82.0,False,False,False,False,False,False
2852,L50031,L,300.5,309.3,37.05401462729781,48.8,211.0,False,False,False,False,False,False
9743,L56922,L,298.9,310.2,40.28647415696737,37.2,177.0,False,False,False,False,False,False
9315,M24174,M,300.1,309.4,39.56008088970496,33.7,108.0,False,False,False,False,False,False
6705,M21564,M,301.5,310.7,38.8587184554509,36.0,64.0,False,False,False,False,False,False
7377,L54556,L,299.5,310.0,38.48376280978771,43.1,90.0,False,False,False,False,False,False
9941,M24800,M,298.3,308.1,41.49698784249286,28.6,89.0,False,False,False,False,False,False
646,L47825,L,297.7,309.4,37.30951621235526,44.1,140.0,False,False,False,False,False,False
7400,L54579,L,299.6,310.6,40.52159917870962,35.1,149.0,False,False,False,False,False,False
1452,L48631,L,298.9,310.4,42.790185790669334,25.4,81.0,False,False,False,False,False,False
1549,M16408,M,298.3,308.8,36.72873534441391,52.1,104.0,False,False,False,False,False,False
8078,L55257,L,300.3,310.1,39.331920878594275,39.7,121.0,False,False,False,False,False,False
609,L47788,L,298.0,309.9,37.456641600656084,47.7,43.0,False,False,False,False,False,False
9656,H39069,H,299.1,310.0,37.82856063875548,49.5,205.0,False,False,False,False,False,False
3366,M18225,M,301.4,310.6,40.3732584763727,30.3,2.0,False,False,False,False,False,False
7042,L54221,L,300.6,310.5,38.34057902536163,37.7,98.0,False,False,False,False,False,False
2634,L49813,L,300.1,309.8,39.14077158156185,39.8,115.0,False,False,False,False,False,False
8481,L55660,L,298.4,309.6,38.43175770115127,35.6,101.0,False,False,False,False,False,False
1037,M15896,M,296.4,307.5,41.036569057366385,31.4,72.0,False,False,False,False,False,False
9051,M23910,M,297.4,308.5,39.57271787481876,31.4,76.0,False,False,False,False,False,False
9859,L57038,L,298.5,309.5,39.331920878594275,33.1,68.0,False,False,False,False,False,False
3063,L50242,L,299.9,309.0,39.408120990476064,40.0,88.0,False,False,False,False,False,False
8885,L56064,L,298.0,309.2,39.07684736515984,32.4,99.0,False,False,False,False,False,False
6627,L53806,L,300.1,310.6,40.162171256046406,42.5,97.0,False,False,False,False,False,False
4750,L51929,L,303.2,311.2,37.469987990390386,50.9,31.0,False,False,False,False,False,False
6936,L54115,L,300.7,311.2,43.3358973600409,24.3,24.0,False,False,False,False,False,False
1336,L48515,L,299.0,310.4,37.027017163147235,53.8,228.0,True,False,False,False,True,False
8537,M23396,M,300.1,309.5,37.76241517699841,45.4,38.0,False,False,False,False,False,False
8565,M23424,M,298.0,308.7,40.17461885320133,30.7,106.0,False,False,False,False,False,False
788,L47967,L,296.9,308.1,37.881393849751625,45.3,62.0,False,False,False,False,False,False
1119,L48298,L,296.5,307.5,37.986839826445156,41.8,87.0,False,False,False,False,False,False
2194,M17053,M,300.1,308.9,38.05259518088089,42.9,74.0,False,False,False,False,False,False
2834,L50013,L,300.3,309.2,42.50882261366456,26.4,169.0,False,False,False,False,False,False
7106,L54285,L,300.9,310.4,39.191835884530846,34.2,45.0,False,False,False,False,False,False
1971,M16830,M,297.9,307.6,34.66987164671943,67.0,129.0,False,False,False,False,False,False
1159,L48338,L,297.0,307.9,37.89459064299283,47.7,191.0,False,False,False,False,False,False
7521,L54700,L,300.2,311.6,39.102429592034305,35.5,21.0,False,False,False,False,False,False
4932,M19791,M,303.3,310.1,41.14608122288197,30.0,108.0,False,False,False,False,False,False
7443,L54622,L,300.0,311.5,40.01249804748511,36.9,35.0,False,False,False,False,False,False
8009,L55188,L,300.8,311.9,37.603191353926334,41.1,171.0,False,False,False,False,False,False
7994,L55173,L,301.1,312.3,39.93745109543172,31.9,134.0,False,False,False,False,False,False
8930,M23789,M,297.4,308.4,40.24922359499622,35.8,215.0,False,False,False,False,False,False
2628,M17487,M,299.8,309.6,36.68787265568828,53.2,95.0,False,False,False,False,False,False
3872,M18731,M,302.7,311.8,41.569219381653056,30.0,12.0,False,False,False,False,False,False
860,H30273,H,296.2,307.0,39.26830783214372,40.6,28.0,False,False,False,False,False,False
6870,L54049,L,300.1,311.2,37.57658845611187,42.1,64.0,False,False,False,False,False,False
1185,L48364,L,297.3,308.5,38.691084244306204,47.5,27.0,False,False,False,False,False,False
3248,M18107,M,301.0,309.8,39.92492955535426,31.1,143.0,False,False,False,False,False,False
3403,L50582,L,301.4,310.6,36.701498607005135,53.3,104.0,False,False,False,False,False,False
9895,L57074,L,298.9,309.5,40.55859958134649,31.1,169.0,False,False,False,False,False,False
4013,M18872,M,300.1,311.2,36.87817782917155,52.8,176.0,False,False,False,False,False,False
762,L47941,L,296.7,307.8,40.570925550201586,34.6,238.0,False,False,False,False,False,False
9001,L56180,L,297.0,307.9,38.63935817272331,46.1,173.0,False,False,False,False,False,False
377,M15236,M,300.1,310.1,37.429934544425805,51.9,117.0,False,False,False,False,False,False
1456,L48635,L,299.0,310.4,37.17526059088221,53.0,89.0,False,False,False,False,False,False
1149,L48328,L,297.1,308.0,36.71511950137164,58.0,162.0,False,False,False,False,False,False
7048,L54227,L,300.6,310.4,37.429934544425805,42.6,114.0,False,False,False,False,False,False
2512,M17371,M,299.0,308.9,39.06404996924922,41.1,20.0,False,False,False,False,False,False
2144,M17003,M,299.3,308.8,37.97367509209505,49.0,165.0,False,False,False,False,False,False
5853,H35266,H,301.2,310.9,42.40283009422838,22.3,59.0,False,False,False,False,False,False
4041,L51220,L,302.0,310.8,42.035699113967404,27.4,11.0,False,False,False,False,False,False
4046,M18905,M,301.8,310.9,43.37049688440288,20.9,23.0,False,False,False,False,False,False
2642,H32055,H,299.8,309.5,37.68288736283355,46.7,136.0,False,False,False,False,False,False
5553,H34966,H,302.5,312.0,39.736632972611055,35.7,167.0,False,False,False,False,False,False
4662,L51841,L,303.3,311.3,36.742346141747674,48.1,32.0,True,False,True,False,False,False
3498,L50677,L,300.1,311.0,40.52159917870962,33.1,126.0,False,False,False,False,False,False
9826,L57005,L,298.4,309.2,40.124805295477756,32.4,194.0,False,False,False,False,False,False
5016,L52195,L,303.9,313.0,41.94043395102154,28.4,74.0,False,False,False,False,False,False
4023,L51202,L,302.1,310.9,40.8166632639171,30.7,203.0,False,False,False,False,False,False
7551,M22410,M,300.3,311.4,39.42080668885405,34.3,99.0,False,False,False,False,False,False
6958,L54137,L,300.7,311.1,36.38681079732051,52.2,108.0,False,False,False,False,False,False
5861,L53040,L,301.3,310.9,39.57271787481876,33.1,82.0,False,False,False,False,False,False
3887,L51066,L,302.4,311.3,37.30951621235526,50.5,51.0,False,False,False,False,False,False
7363,L54542,L,299.5,310.0,39.92492955535426,35.1,54.0,False,False,False,False,False,False
8608,L55787,L,297.5,308.4,37.8549864614954,50.0,218.0,False,False,False,False,False,False
1931,M16790,M,298.1,310.1,39.61060464067672,37.0,108.0,False,False,False,False,False,False
3532,M18391,M,301.9,310.9,40.50925820105819,33.2,3.0,False,False,False,False,False,False
9920,L57099,L,298.5,308.8,36.124783736376884,58.7,26.0,False,False,False,False,False,False
1151,L48330,L,297.1,307.9,38.157568056677825,50.0,166.0,False,False,False,False,False,False
3373,L50552,L,301.4,310.8,37.82856063875548,44.3,21.0,False,False,False,False,False,False
4735,L51914,L,303.2,311.5,38.82009788756334,39.2,225.0,False,False,False,False,False,False
2862,L50041,L,300.7,309.5,38.45776904605882,43.6,240.0,False,False,False,False,False,False
3615,L50794,L,300.1,311.0,40.07492981902776,33.3,4.0,False,False,False,False,False,False
2199,M17058,M,299.7,308.9,38.44476557348217,41.0,87.0,False,False,False,False,False,False
1830,L49009,L,297.8,307.2,43.3589667773576,23.0,176.0,False,False,False,False,False,False
145,M15004,M,298.6,308.4,37.296112397943034,42.4,169.0,False,False,False,False,False,False
5369,M20228,M,303.1,312.5,40.82891132518721,30.0,160.0,False,False,False,False,False,False
8312,M23171,M,298.8,310.0,35.98610843089316,52.7,74.0,False,False,False,False,False,False
8897,L56076,L,297.4,308.7,40.47221268969612,31.9,131.0,False,False,False,False,False,False
8394,L55573,L,298.5,309.5,37.78888725538237,43.5,87.0,False,False,False,False,False,False
4560,L51739,L,300.1,310.7,37.8549864614954,43.7,13.0,False,False,False,False,False,False
8865,M23724,M,298.0,309.1,39.67366884975475,34.8,40.0,False,False,False,False,False,False
7729,L54908,L,300.7,311.8,37.68288736283355,47.0,119.0,False,False,False,False,False,False
1290,M16149,M,298.6,309.7,40.43513323831146,32.2,110.0,False,False,False,False,False,False
7040,H36453,H,300.6,310.5,38.97435053981015,37.0,91.0,False,False,False,False,False,False
452,H29865,H,297.5,308.6,37.94733192202055,46.1,84.0,False,False,False,False,False,False
5920,L53099,L,300.6,310.3,37.603191353926334,50.6,25.0,False,False,False,False,False,False
6990,M21849,M,300.7,311.1,40.099875311526844,35.3,167.0,False,False,False,False,False,False
9898,L57077,L,298.8,309.3,36.837480912787726,47.1,176.0,False,False,False,False,False,False
4684,L51863,L,303.6,311.8,41.66533331199932,32.9,99.0,False,False,False,False,False,False
2871,M17730,M,300.8,309.7,38.97435053981015,39.7,16.0,False,False,False,False,False,False
7269,L54448,L,300.5,310.6,39.28103868280471,36.2,30.0,False,False,False,False,False,False
2314,M17173,M,299.1,308.8,41.53311931459037,26.6,172.0,False,False,False,False,False,False
885,L48064,L,295.8,306.4,36.823905279043935,48.0,99.0,False,False,False,False,False,False
4510,L51689,L,302.4,310.1,37.8021163428716,43.7,104.0,False,False,False,False,False,False
3990,L51169,L,302.2,311.3,40.024992192379,32.8,120.0,False,False,False,False,False,False
627,L47806,L,298.4,310.1,39.153543900903784,35.2,92.0,False,False,False,False,False,False
2880,M17739,M,300.6,310.1,36.9729630946723,63.2,45.0,True,False,False,True,False,False
2333,L49512,L,299.2,308.5,37.12142238654117,50.4,220.0,True,False,False,False,True,False
4572,L51751,L,302.8,310.9,41.32795663954365,29.8,108.0,False,False,False,False,False,False
2810,L49989,L,299.9,309.2,39.97499218261337,34.6,111.0,False,False,False,False,False,False
7369,M22228,M,299.6,310.2,40.24922359499622,30.0,70.0,False,False,False,False,False,False
4356,H33769,H,302.0,309.8,35.77708763999664,57.3,147.0,True,False,True,False,False,False
9531,H38944,H,299.1,310.4,37.48332962798263,53.6,86.0,False,False,False,False,False,False
7779,L54958,L,300.4,311.6,38.948684188300895,39.0,45.0,False,False,False,False,False,False
6393,L53572,L,300.1,309.7,40.98780306383839,33.8,140.0,False,False,False,False,False,False
9682,M24541,M,299.1,310.1,37.57658845611187,44.4,24.0,False,False,False,False,False,False
331,M15190,M,297.6,308.4,37.389838191679836,41.9,215.0,False,False,False,False,False,False
5621,L52800,L,303.0,312.3,39.153543900903784,38.5,134.0,False,False,False,False,False,False
9186,L56365,L,297.9,309.1,37.97367509209505,50.3,24.0,False,False,False,False,False,False
3182,L50361,L,300.2,309.4,39.07684736515984,37.0,194.0,False,False,False,False,False,False
7933,L55112,L,300.7,311.8,38.44476557348217,41.9,207.0,False,False,False,False,False,False
6706,M21565,M,301.5,310.6,37.17526059088221,58.1,67.0,False,False,False,False,False,False
8845,H38258,H,297.4,310.1,40.55859958134649,30.8,196.0,False,False,False,False,False,False
4071,L51250,L,300.1,310.7,36.71511950137164,58.1,83.0,False,False,False,False,False,False
3884,M18743,M,302.4,311.4,39.16631205513228,40.1,108.0,False,False,False,False,False,False
4725,L51904,L,303.4,311.9,42.08325082500163,31.6,202.0,False,False,False,False,False,False
996,L48175,L,296.3,307.3,39.57271787481876,35.8,175.0,False,False,False,False,False,False
5527,L52706,L,302.5,311.9,38.98717737923585,44.9,108.0,False,False,False,False,False,False
8596,M23455,M,297.5,308.2,40.29888335921977,30.9,186.0,False,False,False,False,False,False
4766,L51945,L,303.7,310.1,43.497126341863094,22.5,79.0,False,False,False,False,False,False
7492,L54671,L,300.4,311.8,36.3318042491699,57.9,168.0,False,False,False,False,False,False
9062,M23921,M,297.2,308.4,43.162483709814474,26.0,110.0,False,False,False,False,False,False
7144,H36557,H,300.3,309.7,39.774363602702685,30.8,144.0,False,False,False,False,False,False
2020,M16879,M,298.7,310.1,40.74309757492672,27.0,50.0,False,False,False,False,False,False
4652,L51831,L,303.2,311.4,36.72873534441391,51.1,9.0,True,False,True,False,False,False
4580,L51759,L,303.0,311.2,37.067505985701274,48.2,65.0,True,False,True,False,False,False
6408,M21267,M,300.3,309.9,40.13726448077895,29.0,177.0,False,False,False,False,False,False
6272,M21131,M,300.9,310.5,41.255302689472536,29.3,32.0,False,False,False,False,False,False
8755,L55934,L,297.4,308.6,40.43513323831146,30.5,159.0,False,False,False,False,False,False
4796,L51975,L,303.6,312.5,37.82856063875548,49.0,162.0,False,False,False,False,False,False
9721,M24580,M,298.9,309.9,36.837480912787726,54.5,121.0,False,False,False,False,False,False
6952,L54131,L,300.8,311.3,39.03844259188627,43.5,71.0,False,False,False,False,False,False
2376,M17235,M,299.2,308.4,38.41874542459709,32.7,101.0,False,False,False,False,False,False
4120,L51299,L,302.1,310.7,36.40054944640259,45.1,208.0,True,False,True,False,False,False
2259,L49438,L,299.1,308.2,36.318039594669756,60.3,36.0,False,False,False,False,False,False
4131,L51310,L,301.9,310.4,35.86084215408221,62.8,22.0,True,False,True,False,False,False
2027,M16886,M,298.7,308.5,36.87817782917155,52.9,69.0,False,False,False,False,False,False
6437,L53616,L,300.4,310.0,42.05948168962618,26.1,38.0,False,False,False,False,False,False
826,L48005,L,296.6,307.3,38.39270764090493,40.0,158.0,False,False,False,False,False,False
590,L47769,L,297.6,309.4,38.61346915261564,40.2,231.0,False,False,False,False,False,False
9220,M24079,M,297.7,308.8,36.742346141747674,57.0,105.0,False,False,False,False,False,False
8069,M22928,M,300.5,311.9,40.93897898091744,35.2,97.0,False,False,False,False,False,False
6551,L53730,L,301.3,310.7,38.93584466786357,46.0,119.0,False,False,False,False,False,False
5292,L52471,L,303.8,313.3,37.49666651850535,52.1,166.0,False,False,False,False,False,False
701,M15560,M,297.6,308.8,41.02438299353203,31.6,79.0,False,False,False,False,False,False
7636,L54815,L,300.1,311.4,39.06404996924922,38.5,101.0,False,False,False,False,False,False
898,L48077,L,295.6,310.1,40.149719799769464,31.2,108.0,False,False,False,False,False,False
1871,L49050,L,298.3,308.0,38.54867053479276,42.3,86.0,False,False,False,False,False,False
1786,L48965,L,298.2,308.0,39.21734310225516,38.2,59.0,False,False,False,False,False,False
4465,L51644,L,302.8,310.6,40.87786687193939,30.5,201.0,False,False,False,False,False,False
9735,H39148,H,298.9,310.1,38.18376618407357,44.3,156.0,False,False,False,False,False,False
7427,M22286,M,300.1,311.4,41.13392760240627,29.0,216.0,True,True,False,False,False,False
5522,L52701,L,302.6,311.9,37.376463182061514,46.9,82.0,False,False,False,False,False,False
4764,L51943,L,303.7,312.1,37.986839826445156,45.9,74.0,False,False,False,False,False,False
7803,L54982,L,299.9,311.3,37.8021163428716,58.2,103.0,False,False,False,False,False,False
1490,M16349,M,298.2,309.0,41.50903516103452,26.6,168.0,False,False,False,False,False,False
403,L47582,L,297.4,308.6,40.963398296528084,32.3,180.0,False,False,False,False,False,False
7133,L54312,L,300.5,309.9,37.72267222772003,47.9,114.0,False,False,False,False,False,False
6739,H36152,H,301.8,311.1,38.24918299781056,50.1,149.0,False,False,False,False,False,False
3774,M18633,M,302.4,311.1,43.439613257946945,22.4,197.0,False,False,False,False,False,False
544,H29957,H,297.5,309.3,39.534794801541594,36.1,100.0,False,False,False,False,False,False
117,L47296,L,298.9,308.7,39.54743986657038,34.1,99.0,False,False,False,False,False,False
2148,L49327,L,299.4,308.9,39.370039370059054,33.7,174.0,False,False,False,False,False,False
55,L47234,L,298.7,309.0,41.12177038990418,30.1,154.0,False,False,False,False,False,False
5134,L52313,L,304.1,313.2,42.708313008125245,25.8,186.0,False,False,False,False,False,False
6397,L53576,L,300.0,309.6,39.06404996924922,46.4,150.0,False,False,False,False,False,False
7200,L54379,L,300.0,309.9,38.82009788756334,41.4,74.0,False,False,False,False,False,False
8831,H38244,H,297.3,308.7,37.815340802378074,42.8,153.0,False,False,False,False,False,False
7924,M22783,M,300.8,312.0,38.07886552931954,45.0,183.0,False,False,False,False,False,False
3344,M18203,M,301.5,310.8,40.34848200366403,36.4,167.0,False,False,False,False,False,False
4227,L51406,L,302.1,310.8,39.949968710876355,37.1,43.0,False,False,False,False,False,False
201,L47380,L,298.4,308.6,40.11234224026316,35.0,103.0,False,False,False,False,False,False
7574,L54753,L,300.3,311.1,40.06245124802026,37.1,160.0,False,False,False,False,False,False
8630,H38043,H,297.5,308.5,39.45883931389772,39.1,47.0,False,False,False,False,False,False
1529,L48708,L,298.1,309.0,39.48417404479927,34.0,54.0,False,False,False,False,False,False
8430,L55609,L,299.0,310.3,39.71145930332956,40.0,181.0,False,False,False,False,False,False
4446,L51625,L,300.1,310.2,41.42463035441596,29.9,156.0,False,False,False,False,False,False
4902,M19761,M,303.6,312.3,40.3732584763727,32.4,223.0,False,False,False,False,False,False
7980,M22839,M,301.2,312.4,37.78888725538237,36.6,99.0,False,False,False,False,False,False
375,L47554,L,297.4,308.3,37.82856063875548,43.0,113.0,False,False,False,False,False,False
5124,M19983,M,304.2,310.1,39.14077158156185,41.3,161.0,False,False,False,False,False,False
643,M15502,M,297.8,310.1,35.014282800023196,58.7,129.0,False,False,False,False,False,False
9065,L56244,L,297.2,308.4,42.81354925721529,25.2,117.0,False,False,False,False,False,False
4267,L51446,L,302.7,311.1,37.94733192202055,39.5,146.0,False,False,False,False,False,False
9076,L56255,L,297.3,308.1,38.80721582386451,36.0,150.0,False,False,False,False,False,False
2519,M17378,M,298.9,308.6,37.749172176353746,49.6,35.0,False,False,False,False,False,False
2821,L50000,L,300.2,309.5,37.89459064299283,48.8,135.0,False,False,False,False,False,False
3062,L50241,L,300.1,310.1,36.78314831549904,58.7,86.0,False,False,False,False,False,False
3131,L50310,L,300.1,309.6,41.95235392680606,25.4,55.0,False,False,False,False,False,False
5331,L52510,L,303.6,312.9,39.84971769034255,31.9,53.0,False,False,False,False,False,False
9098,L56277,L,297.3,308.1,40.52159917870962,36.9,206.0,False,False,False,False,False,False
6154,L53333,L,301.0,311.1,35.156791662493895,64.4,177.0,True,False,False,False,True,False
154,L47333,L,300.1,308.2,43.01162633521314,27.0,194.0,False,False,False,False,False,False
8757,L55936,L,297.5,308.7,41.96427051671457,26.2,164.0,False,False,False,False,False,False
1094,M15953,M,296.8,307.5,37.986839826445156,39.2,13.0,False,False,False,False,False,False
3475,M18334,M,301.9,310.1,39.45883931389772,35.3,65.0,False,False,False,False,False,False
7808,M22667,M,300.1,311.5,38.09199390948182,49.0,115.0,False,False,False,False,False,False
9680,L56859,L,299.1,310.2,39.97499218261337,33.4,20.0,False,False,False,False,False,False
4299,M19158,M,301.8,310.1,37.907782842049734,42.3,0.0,False,False,False,False,False,False
6857,M21716,M,301.1,311.3,42.8485705712571,22.8,31.0,False,False,False,False,False,False
6654,M21513,M,301.4,310.3,40.124805295477756,29.1,166.0,False,False,False,False,False,False
2368,M17227,M,299.3,308.5,38.67815921162743,39.4,80.0,False,False,False,False,False,False
7015,H36428,H,300.5,310.5,37.456641600656084,47.7,24.0,False,False,False,False,False,False
1712,L48891,L,298.2,307.8,36.810324638611924,51.3,70.0,False,False,False,False,False,False
8410,L55589,L,298.5,309.6,43.139309220245984,26.9,130.0,False,False,False,False,False,False
5311,L52490,L,303.8,313.0,37.77565353504821,43.0,0.0,False,False,False,False,False,False
4864,M19723,M,303.6,312.3,43.76071297408213,22.3,116.0,False,False,False,False,False,False
1673,L48852,L,298.1,307.8,37.841775856849004,49.8,198.0,False,False,False,False,False,False
4834,L52013,L,303.4,311.9,37.107950630558946,41.6,34.0,True,False,True,False,False,False
4889,L52068,L,303.7,310.1,38.88444419044716,39.2,184.0,False,False,False,False,False,False
6218,M21077,M,301.0,310.7,38.144462245521304,46.1,103.0,False,False,False,False,False,False
6318,L53497,L,300.9,310.3,36.345563690772494,48.8,150.0,False,False,False,False,False,False
7721,H37134,H,300.5,311.6,38.41874542459709,41.7,97.0,False,False,False,False,False,False
7417,M22276,M,300.1,311.2,38.1051177665153,42.4,190.0,False,False,False,False,False,False
6440,L53619,L,300.6,310.1,40.69397989875161,32.7,44.0,False,False,False,False,False,False
5298,L52477,L,303.7,313.1,37.49666651850535,48.6,183.0,False,False,False,False,False,False
9423,L56602,L,298.1,308.5,40.80441152620633,29.6,20.0,False,False,False,False,False,False
8887,L56066,L,297.9,309.0,39.786932528155525,36.7,104.0,False,False,False,False,False,False
7788,L54967,L,300.3,311.5,37.12142238654117,47.5,64.0,False,False,False,False,False,False
2075,L49254,L,299.5,309.4,40.024992192379,31.5,193.0,False,False,False,False,False,False
2772,L49951,L,299.9,310.1,38.09199390948182,39.4,18.0,False,False,False,False,False,False
5477,M20336,M,302.6,312.1,38.01315561749642,42.0,181.0,False,False,False,False,False,False
9128,L56307,L,297.4,310.1,41.96427051671457,27.2,76.0,False,False,False,False,False,False
6136,L53315,L,301.0,310.9,41.71330722922842,28.9,129.0,False,False,False,False,False,False
8888,L56067,L,297.8,308.9,39.11521443121589,37.6,106.0,False,False,False,False,False,False
319,L47498,L,297.8,308.4,38.88444419044716,39.9,181.0,False,False,False,False,False,False
4753,H34166,H,303.3,311.3,38.7556447501522,39.5,38.0,False,False,False,False,False,False
3264,L50443,L,301.3,310.0,36.66060555964672,54.8,186.0,False,False,False,False,False,False
80,L47259,L,300.1,308.9,37.44329045369811,37.9,2.0,False,False,False,False,False,False
3996,L51175,L,302.3,311.3,40.26164427839479,31.6,135.0,False,False,False,False,False,False
6072,M20931,M,300.9,310.8,38.1051177665153,43.6,185.0,False,False,False,False,False,False
4509,L51688,L,300.1,310.0,37.76241517699841,46.6,102.0,False,False,False,False,False,False
767,L47946,L,296.8,308.0,39.50949253027682,38.3,9.0,False,False,False,False,False,False
2847,L50026,L,300.3,309.2,37.57658845611187,44.8,200.0,False,False,False,False,False,False
2790,H32203,H,300.3,309.5,37.92097045171708,44.0,59.0,False,False,False,False,False,False
3874,L51053,L,302.6,311.8,40.47221268969612,35.1,17.0,False,False,False,False,False,False
5028,L52207,L,304.0,313.3,35.9722114972099,54.6,102.0,False,False,False,False,False,False
8383,L55562,L,298.9,310.0,41.46082488325576,27.3,58.0,False,False,False,False,False,False
5342,H34755,H,303.5,312.8,37.469987990390386,55.8,84.0,False,False,False,False,False,False
428,M15287,M,297.5,308.5,38.67815921162743,42.2,22.0,False,False,False,False,False,False
4300,L51479,L,301.7,310.1,37.44329045369811,50.1,3.0,False,False,False,False,False,False
5580,L52759,L,302.6,312.2,41.1703777004778,27.1,32.0,False,False,False,False,False,False
8659,L55838,L,297.4,308.5,38.67815921162743,36.4,126.0,False,False,False,False,False,False
3578,M18437,M,301.6,310.1,38.144462245521304,39.0,118.0,False,False,False,False,False,False
8573,M23432,M,297.7,308.5,39.48417404479927,35.2,127.0,False,False,False,False,False,False
7112,M21971,M,300.8,310.4,38.07886552931954,39.4,62.0,False,False,False,False,False,False
6237,M21096,M,301.3,310.9,38.88444419044716,36.9,159.0,False,False,False,False,False,False
7105,L54284,L,300.9,310.4,38.13135192987524,43.1,43.0,False,False,False,False,False,False
1861,L49040,L,297.8,307.6,40.08740450565489,30.3,62.0,False,False,False,False,False,False
4597,L51776,L,303.0,311.2,36.89173349139343,47.6,106.0,True,False,True,False,False,False
7550,L54729,L,300.3,311.4,39.293765408777,41.6,97.0,False,False,False,False,False,False
8996,L56175,L,297.2,308.0,38.39270764090493,43.7,162.0,False,False,False,False,False,False
2464,L49643,L,298.9,308.5,39.74921382870358,39.1,119.0,False,False,False,False,False,False
8797,L55976,L,297.2,308.3,42.37924020083418,23.8,61.0,False,False,False,False,False,False
2684,L49863,L,299.8,309.5,39.87480407475377,28.5,23.0,False,False,False,False,False,False
4325,L51504,L,301.7,310.2,38.54867053479276,43.0,66.0,False,False,False,False,False,False
3784,H33197,H,302.2,310.8,37.376463182061514,47.6,11.0,False,False,False,False,False,False
2230,L49409,L,299.4,308.7,41.0,30.8,171.0,False,False,False,False,False,False
5464,L52643,L,302.9,312.4,39.50949253027682,34.8,150.0,False,False,False,False,False,False
2386,L49565,L,299.1,308.3,39.03844259188627,34.1,128.0,False,False,False,False,False,False
447,L47626,L,300.1,308.6,38.1051177665153,39.0,72.0,False,False,False,False,False,False
720,L47899,L,297.4,308.8,38.03945320322047,58.1,129.0,False,False,False,False,False,False
6479,L53658,L,300.5,310.1,40.779897008207364,29.1,145.0,True,False,False,False,False,False
588,H30001,H,297.6,309.5,40.28647415696737,33.1,224.0,False,False,False,False,False,False
7174,L54353,L,300.1,310.1,41.036569057366385,30.8,13.0,False,False,False,False,False,False
6745,M21604,M,301.7,311.0,36.02776706930364,58.1,168.0,False,False,False,False,False,False
937,M15796,M,295.6,306.1,37.656340767525464,46.2,24.0,False,False,False,False,False,False
9853,L57032,L,298.6,309.4,36.27671429443411,51.4,52.0,False,False,False,False,False,False
4000,L51179,L,302.0,311.0,37.68288736283355,45.9,144.0,False,False,False,False,False,False
5720,L52899,L,302.3,312.0,37.389838191679836,43.3,171.0,False,False,False,False,False,False
638,L47817,L,298.2,309.7,39.81205847478876,37.4,118.0,False,False,False,False,False,False
1261,L48440,L,297.6,309.0,39.08964057138413,33.8,22.0,False,False,False,False,False,False
2492,L49671,L,299.1,308.9,38.01315561749642,43.4,197.0,False,False,False,False,False,False
3421,L50600,L,301.6,310.6,42.82522621072771,23.5,146.0,False,False,False,False,False,False
7297,H36710,H,300.0,310.4,43.37049688440288,21.9,102.0,False,False,False,False,False,False
9118,M23977,M,297.6,308.7,38.40572873934304,46.6,54.0,False,False,False,False,False,False
4755,M19614,M,303.3,310.1,37.20215047547655,54.8,48.0,False,False,False,False,False,False
6660,L53839,L,301.3,310.3,40.32369030731191,31.3,180.0,False,False,False,False,False,False
6731,M21590,M,301.6,311.0,37.82856063875548,42.3,129.0,False,False,False,False,False,False
264,M15123,M,298.0,308.1,39.83716857408418,32.3,30.0,False,False,False,False,False,False
3986,L51165,L,302.3,311.2,37.22902093797257,50.3,110.0,False,False,False,False,False,False
8640,L55819,L,297.5,308.4,37.20215047547655,56.0,73.0,False,False,False,False,False,False
8963,L56142,L,297.3,307.9,40.34848200366403,30.2,80.0,False,False,False,False,False,False
9526,L56705,L,299.1,310.3,37.5632799419859,42.1,74.0,False,False,False,False,False,False
4791,L51970,L,303.8,312.8,37.986839826445156,40.7,145.0,False,False,False,False,False,False
2935,M17794,M,300.8,309.6,39.319206502675,42.3,186.0,False,False,False,False,False,False
7150,L54329,L,300.2,309.8,38.80721582386451,41.8,161.0,False,False,False,False,False,False
3528,M18387,M,300.1,310.9,39.66106403010388,38.9,209.0,False,False,False,False,False,False
2294,L49473,L,300.1,308.9,38.98717737923585,38.3,108.0,False,False,False,False,False,False
6200,L53379,L,300.9,310.9,38.691084244306204,43.2,62.0,False,False,False,False,False,False
3300,L50479,L,301.3,310.5,37.282703764614496,45.8,63.0,False,False,False,False,False,False
2793,L49972,L,300.4,309.7,39.7994974842648,32.6,71.0,False,False,False,False,False,False
5757,M20616,M,302.0,311.5,36.959437225152655,52.3,54.0,False,False,False,False,False,False
421,M15280,M,297.3,308.3,36.069377593742864,39.6,5.0,False,False,False,False,False,False
3331,L50510,L,301.7,310.8,37.21558813185679,50.7,133.0,False,False,False,False,False,False
4914,M19773,M,303.5,312.3,39.91240408695021,35.2,29.0,False,False,False,False,False,False
3286,L50465,L,301.2,309.9,41.0731055558257,29.7,30.0,False,False,False,False,False,False
2646,H32059,H,300.1,309.5,39.331920878594275,38.5,148.0,False,False,False,False,False,False
8650,L55829,L,297.4,308.4,36.4417343165772,61.8,98.0,False,False,False,False,False,False
404,L47583,L,297.3,308.6,35.679125549822544,59.8,182.0,False,False,False,False,False,False
7080,L54259,L,300.7,310.5,38.01315561749642,41.1,201.0,False,False,False,False,False,False
6374,H35787,H,300.0,309.5,41.65333119931706,28.9,82.0,False,False,False,False,False,False
8694,M23553,M,297.2,308.5,39.7994974842648,40.0,4.0,False,False,False,False,False,False
4631,L51810,L,300.1,311.2,41.84495190581536,23.8,196.0,False,False,False,False,False,False
774,L47953,L,296.8,308.0,38.8587184554509,39.4,29.0,False,False,False,False,False,False
1938,L49117,L,298.2,308.0,37.5632799419859,42.4,48.0,False,False,False,False,False,False
8972,L56151,L,296.9,307.6,38.91015291668744,35.7,100.0,False,False,False,False,False,False
5260,L52439,L,303.5,310.1,39.293765408777,36.9,87.0,False,False,False,False,False,False
6059,M20918,M,300.9,310.9,40.44749683231337,35.3,108.0,False,False,False,False,False,False
2010,M16869,M,298.6,308.3,41.43669871020132,28.7,29.0,False,False,False,False,False,False
7041,L54220,L,300.7,310.6,41.47288270665544,30.3,96.0,False,False,False,False,False,False
6819,M21678,M,301.0,310.7,40.70626487409524,29.9,148.0,False,False,False,False,False,False
2103,L49282,L,299.3,310.1,36.40054944640259,62.0,47.0,False,False,False,False,False,False
1346,L48525,L,298.5,310.0,42.473521163190604,26.1,22.0,False,False,False,False,False,False
6465,M21324,M,300.5,309.9,41.65333119931706,27.0,108.0,False,False,False,False,False,False
6105,M20964,M,300.8,310.8,38.22302970723278,41.3,53.0,False,False,False,False,False,False
2745,L49924,L,299.7,309.2,40.24922359499622,30.0,168.0,False,False,False,False,False,False
4664,L51843,L,303.3,311.3,37.26929030716845,53.9,39.0,False,False,False,False,False,False
4162,H33575,H,301.9,310.3,40.65710270051225,32.4,100.0,False,False,False,False,False,False
4855,L52034,L,303.7,312.2,39.59797974644666,33.8,96.0,False,False,False,False,False,False
2774,L49953,L,299.9,309.4,43.104524124504614,22.5,22.0,False,False,False,False,False,False
8717,M23576,M,297.1,308.6,41.43669871020132,31.3,61.0,False,False,False,False,False,False
9071,L56250,L,297.1,308.2,37.77565353504821,45.2,136.0,False,False,False,False,False,False
5650,M20509,M,302.5,311.9,37.603191353926334,51.6,205.0,False,False,False,False,False,False
2976,H32389,H,300.5,309.4,36.87817782917155,46.2,108.0,False,False,False,False,False,False
6107,L53286,L,300.9,311.0,37.841775856849004,48.1,59.0,False,False,False,False,False,False
1358,L48537,L,298.6,309.9,38.22302970723278,45.7,49.0,False,False,False,False,False,False
7479,L54658,L,300.1,311.3,38.45776904605882,39.5,133.0,False,False,False,False,False,False
5295,L52474,L,303.9,313.4,37.97367509209505,48.5,174.0,False,False,False,False,False,False
4926,L52105,L,303.4,312.3,40.98780306383839,30.6,67.0,False,False,False,False,False,False
7225,L54404,L,299.8,309.6,39.97499218261337,31.0,139.0,False,False,False,False,False,False
1243,L48422,L,297.1,308.4,38.31448812133603,44.4,197.0,False,False,False,False,False,False
1581,M16440,M,298.3,308.4,38.0,47.5,178.0,False,False,False,False,False,False
4802,L51981,L,303.5,312.4,39.67366884975475,32.7,175.0,False,False,False,False,False,False
7724,L54903,L,300.5,311.6,41.593268686170845,30.2,106.0,False,False,False,False,False,False
9565,L56744,L,299.8,311.1,42.661458015403085,24.9,174.0,False,False,False,False,False,False
3224,H32637,H,300.6,309.5,38.66522985836241,36.5,79.0,False,False,False,False,False,False
9730,L56909,L,298.7,309.8,41.1703777004778,29.0,145.0,False,False,False,False,False,False
2380,H31793,H,299.1,308.2,38.07886552931954,46.1,112.0,False,False,False,False,False,False
7511,L54690,L,300.5,311.8,39.03844259188627,38.9,214.0,True,True,False,False,False,False
7424,L54603,L,300.0,311.3,37.5099986670221,47.3,208.0,False,False,False,False,False,False
7509,M22368,M,300.5,311.9,41.593268686170845,27.5,209.0,False,False,False,False,False,False
9642,L56821,L,299.3,310.4,36.945906403822335,53.9,171.0,False,False,False,False,False,False
3404,L50583,L,301.3,310.5,36.565010597564445,52.7,106.0,False,False,False,False,False,False
784,H30197,H,296.7,310.1,39.736632972611055,33.4,50.0,False,False,False,False,False,False
7698,L54877,L,300.5,311.4,37.416573867739416,45.1,29.0,False,False,False,False,False,False
4839,H34252,H,300.1,311.8,40.607881008493905,29.4,49.0,False,False,False,False,False,False
9410,L56589,L,298.0,308.5,40.792156108742276,28.3,196.0,False,False,False,False,False,False
9574,L56753,L,299.7,310.9,38.61346915261564,40.1,195.0,False,False,False,False,False,False
1773,L48952,L,298.4,308.0,38.8329756778952,47.9,108.0,False,False,False,False,False,False
1374,M16233,M,298.8,310.3,36.959437225152655,59.0,94.0,False,False,False,False,False,False
4495,H33908,H,302.6,310.4,40.607881008493905,30.1,62.0,False,False,False,False,False,False
7759,L54938,L,300.4,311.8,41.09744517606904,30.8,196.0,False,False,False,False,False,False
5092,L52271,L,303.9,313.2,36.6742416417845,48.2,77.0,False,False,False,False,False,False
9087,L56266,L,297.1,307.8,37.78888725538237,43.7,179.0,False,False,False,False,False,False
5631,M20490,M,302.8,312.2,40.18706259482024,32.9,159.0,False,False,False,False,False,False
4582,L51761,L,303.0,311.2,40.01249804748511,32.9,69.0,False,False,False,False,False,False
2686,L49865,L,299.8,309.4,40.11234224026316,32.5,27.0,False,False,False,False,False,False
8668,M23527,M,297.5,308.8,38.144462245521304,46.1,147.0,False,False,False,False,False,False
8081,H37494,H,300.2,311.5,37.841775856849004,43.6,127.0,False,False,False,False,False,False
6757,L53936,L,301.8,311.2,42.89522117905443,26.6,202.0,False,False,False,False,False,False
8046,M22905,M,300.7,311.9,36.959437225152655,55.1,36.0,False,False,False,False,False,False
4203,L51382,L,302.4,311.0,39.433488306260706,40.6,205.0,False,False,False,False,False,False
5088,M19947,M,304.0,313.0,41.048751503547585,28.2,66.0,False,False,False,False,False,False
9482,L56661,L,298.9,309.6,36.945906403822335,50.9,183.0,False,False,False,False,False,False
8819,M23678,M,297.4,308.7,38.48376280978771,48.0,108.0,False,False,False,False,False,False
237,L47416,L,298.1,308.3,38.66522985836241,38.7,188.0,False,False,False,False,False,False
665,L47844,L,297.5,308.9,37.282703764614496,47.4,187.0,False,False,False,False,False,False
9436,L56615,L,298.0,308.7,37.986839826445156,49.3,52.0,False,False,False,False,False,False
3778,M18637,M,302.4,311.1,41.48493702538308,30.1,210.0,False,False,False,False,False,False
678,L47857,L,297.9,309.2,38.44476557348217,39.7,10.0,False,False,False,False,False,False
6048,H35461,H,300.9,311.0,43.04648650006177,23.6,122.0,False,False,False,False,False,False
5252,M20111,M,303.4,312.9,36.15245496505044,54.3,68.0,False,False,False,False,False,False
796,L47975,L,296.9,307.8,40.06245124802026,37.0,84.0,False,False,False,False,False,False
8086,L55265,L,300.2,311.4,36.4828726939094,49.8,143.0,False,False,False,False,False,False
618,M15477,M,298.1,310.0,37.322915213043046,43.1,65.0,False,False,False,False,False,False
8257,H37670,H,299.0,310.5,36.55133376499413,56.8,108.0,False,False,False,False,False,False
4140,H33553,H,301.7,310.2,40.24922359499622,30.8,42.0,False,False,False,False,False,False
6738,M21597,M,301.7,311.0,39.20459156782532,33.5,108.0,False,False,False,False,False,False
9966,L57145,L,298.3,307.9,41.2674205639267,28.9,147.0,False,False,False,False,False,False
9991,L57170,L,298.8,308.5,39.07684736515984,36.2,3.0,False,False,False,False,False,False
1738,L48917,L,300.1,307.9,41.7492514902962,27.3,134.0,False,False,False,False,False,False
2015,L49194,L,298.6,308.4,36.193922141707716,59.7,40.0,False,False,False,False,False,False
2722,M17581,M,299.6,309.3,39.408120990476064,32.4,112.0,False,False,False,False,False,False
7719,H37132,H,300.6,311.7,37.77565353504821,44.6,87.0,False,False,False,False,False,False
7132,M21991,M,300.5,310.1,37.54996671103717,44.4,111.0,False,False,False,False,False,False
7392,L54571,L,299.7,310.6,40.92676385936225,31.3,129.0,False,False,False,False,False,False
1725,M16584,M,298.3,310.1,38.17066936798463,52.5,98.0,False,False,False,False,False,False
1292,M16151,M,298.6,309.7,40.92676385936225,28.4,115.0,False,False,False,False,False,False
4910,L52089,L,300.1,312.4,38.48376280978771,43.7,20.0,False,False,False,False,False,False
3965,M18824,M,302.3,311.6,40.84115571332428,33.2,52.0,False,False,False,False,False,False
7191,L54370,L,300.3,310.3,36.6742416417845,46.3,50.0,False,False,False,False,False,False
3819,L50998,L,302.1,310.7,38.61346915261564,42.8,98.0,False,False,False,False,False,False
4093,H33506,H,302.0,310.5,42.567593307585526,24.4,138.0,False,False,False,False,False,False
7849,H37262,H,300.2,311.6,39.331920878594275,37.7,217.0,False,False,False,False,False,False
9122,L56301,L,297.3,308.3,37.36308338453881,45.9,64.0,False,False,False,False,False,False
516,L47695,L,297.5,309.2,41.41255848169731,28.0,30.0,False,False,False,False,False,False
5636,L52815,L,302.6,312.1,38.7556447501522,47.3,171.0,False,False,False,False,False,False
9695,L56874,L,298.9,310.0,39.48417404479927,33.4,58.0,False,False,False,False,False,False
4882,M19741,M,303.8,312.6,37.49666651850535,47.1,162.0,False,False,False,False,False,False
2159,M17018,M,299.5,309.0,37.403208418530085,49.7,207.0,False,False,False,False,False,False
2388,M17247,M,299.2,308.5,38.39270764090493,47.2,132.0,False,False,False,False,False,False
2929,M17788,M,300.8,309.7,35.4682957019364,54.9,168.0,False,False,False,False,False,False
6547,M21406,M,301.4,310.8,39.11521443121589,39.9,107.0,False,False,False,False,False,False
7709,L54888,L,300.5,311.4,41.340053217188775,32.3,64.0,False,False,False,False,False,False
7845,L55024,L,300.1,311.7,38.768543949960254,42.6,208.0,False,False,False,False,False,False
636,L47815,L,298.3,310.0,43.104524124504614,23.9,114.0,False,False,False,False,False,False
6926,M21785,M,301.1,311.6,35.58089374931439,55.5,210.0,False,False,False,False,False,False
6368,L53547,L,300.0,309.6,39.63584236521283,33.1,65.0,False,False,False,False,False,False
899,L48078,L,295.6,306.2,38.02630668366309,49.9,133.0,False,False,False,False,False,False
4884,M19743,M,303.8,312.6,41.036569057366385,29.3,167.0,False,False,False,False,False,False
9295,L56474,L,298.1,310.1,37.907782842049734,36.2,95.0,False,False,False,False,False,False
5681,M20540,M,300.1,311.6,37.22902093797257,50.5,69.0,False,False,False,False,False,False
8779,L55958,L,297.5,308.7,38.13135192987524,45.0,19.0,False,False,False,False,False,False
1891,L49070,L,297.8,307.4,38.88444419044716,40.8,137.0,False,False,False,False,False,False
8402,H37815,H,298.5,309.4,40.87786687193939,31.8,108.0,False,False,False,False,False,False
7189,L54368,L,300.4,310.4,35.86084215408221,56.8,46.0,False,False,False,False,False,False
2868,H32281,H,300.7,309.6,37.282703764614496,48.5,7.0,False,False,False,False,False,False
7489,L54668,L,300.1,310.1,39.30648801406709,43.5,160.0,False,False,False,False,False,True
2213,L49392,L,299.7,309.1,38.40572873934304,40.0,123.0,False,False,False,False,False,False
2120,M16979,M,299.3,308.9,43.104524124504614,24.7,101.0,False,False,False,False,False,False
2960,M17819,M,300.7,309.4,39.8622628559895,35.0,52.0,False,False,False,False,False,False
7875,L55054,L,300.7,312.3,39.344631145812,37.9,58.0,False,False,False,False,False,False
8847,M23706,M,297.4,308.8,36.40054944640259,62.4,204.0,True,True,False,False,True,False
5245,L52424,L,303.6,313.0,39.91240408695021,31.6,52.0,False,False,False,False,False,False
5173,L52352,L,304.2,313.4,41.71330722922842,28.2,78.0,False,False,False,False,False,False
9086,H38499,H,297.1,307.9,36.945906403822335,54.0,174.0,False,False,False,False,False,False
6969,L54148,L,300.9,311.2,42.2965719651132,25.5,114.0,False,False,False,False,False,False
8484,L55663,L,298.3,309.4,40.22437072223753,31.5,108.0,False,False,False,False,False,False
7029,M21888,M,300.6,310.6,37.456641600656084,50.4,64.0,False,False,False,False,False,False
6319,M21178,M,300.9,310.3,37.62977544445356,50.9,152.0,False,False,False,False,False,False
3510,L50689,L,301.8,311.0,42.08325082500163,27.2,162.0,False,False,False,False,False,False
3944,L51123,L,300.1,311.4,36.51027252705737,66.7,205.0,True,False,False,True,True,False
8137,M22996,M,299.6,310.9,38.39270764090493,39.7,64.0,False,False,False,False,False,False
7386,M22245,M,299.8,310.5,37.080992435478315,53.9,110.0,False,False,False,False,False,False
1754,L48933,L,298.2,307.5,38.34057902536163,51.3,180.0,False,False,False,False,False,False
2526,M17385,M,298.8,308.6,39.97499218261337,35.1,52.0,False,False,False,False,False,False
9257,L56436,L,298.2,309.1,39.61060464067672,35.2,199.0,False,False,False,False,False,False
8480,L55659,L,298.6,309.7,40.33608806019741,33.4,99.0,False,False,False,False,False,False
4127,M18986,M,302.0,310.6,40.28647415696737,34.3,9.0,False,False,False,False,False,False
8651,H38064,H,297.4,308.3,42.08325082500163,27.4,100.0,False,False,False,False,False,False
7982,L55161,L,300.1,312.3,38.01315561749642,36.4,105.0,False,False,False,False,False,False
1934,L49113,L,298.1,308.0,40.47221268969612,35.1,38.0,False,False,False,False,False,False
2442,L49621,L,299.1,308.5,40.93897898091744,31.0,69.0,False,False,False,False,False,False
6045,M20904,M,300.8,310.9,39.01281840626232,41.7,115.0,False,False,False,False,False,False
714,L47893,L,297.4,308.6,37.93415347678132,46.4,114.0,False,False,False,False,False,False
2846,L50025,L,300.3,309.2,37.389838191679836,54.4,198.0,False,False,False,False,False,False
7797,L54976,L,300.1,311.5,38.13135192987524,52.4,90.0,False,False,False,False,False,False
2510,L49689,L,299.0,308.9,38.87158345115362,35.9,16.0,False,False,False,False,False,False
6501,M21360,M,300.9,310.0,37.62977544445356,46.6,201.0,False,False,False,False,False,False
8874,H38287,H,298.0,309.1,39.45883931389772,36.4,65.0,False,False,False,False,False,False
2886,M17745,M,300.1,309.5,36.3318042491699,49.9,59.0,False,False,False,False,False,False
1652,L48831,L,298.0,307.8,37.603191353926334,51.7,140.0,False,False,False,False,False,False
2749,L49928,L,299.7,309.2,40.38564101261734,35.1,177.0,False,False,False,False,False,False
5425,L52604,L,302.6,312.2,37.107950630558946,45.5,54.0,False,False,False,False,False,False
6668,H36081,H,301.4,310.5,39.191835884530846,39.9,201.0,False,False,False,False,False,False
2925,L50104,L,300.8,309.7,38.22302970723278,44.3,158.0,False,False,False,False,False,False
8928,M23787,M,297.4,308.4,42.2965719651132,25.0,210.0,False,False,False,False,False,False
9687,L56866,L,299.1,310.1,38.54867053479276,40.7,39.0,False,False,False,False,False,False
3299,L50478,L,301.2,310.3,38.71692136521188,38.1,61.0,False,False,False,False,False,False
6498,L53677,L,300.1,309.9,36.22154055254967,65.3,192.0,True,False,False,False,True,False
6605,M21464,M,301.5,310.6,39.66106403010388,37.4,37.0,False,False,False,False,False,False
4155,M19014,M,302.0,310.4,42.7551166528639,26.3,82.0,False,False,False,False,False,False
5202,M20061,M,303.7,312.7,37.36308338453881,47.3,158.0,False,False,False,False,False,False
8492,L55671,L,298.5,309.5,39.736632972611055,38.6,126.0,False,False,False,False,False,False
3225,M18084,M,300.6,309.5,39.45883931389772,33.8,84.0,False,False,False,False,False,False
3935,M18794,M,300.1,311.6,38.961519477556315,39.0,184.0,False,False,False,False,False,False
8625,H38038,H,297.5,310.1,38.600518131237564,39.7,34.0,False,False,False,False,False,False
4851,L52030,L,303.5,312.0,37.960505792204614,56.8,88.0,False,False,False,False,False,False
5809,L52988,L,301.4,311.0,41.6293165929973,25.7,182.0,False,False,False,False,False,False
3964,H33377,H,302.3,311.5,39.06404996924922,38.2,108.0,False,False,False,False,False,False
8048,L55227,L,300.6,311.9,38.24918299781056,38.2,41.0,False,False,False,False,False,False
887,L48066,L,295.7,306.2,38.18376618407357,40.6,103.0,False,False,False,False,False,False
1483,M16342,M,298.1,309.1,38.05259518088089,52.5,150.0,False,False,False,False,False,False
2578,L49757,L,299.5,309.4,39.534794801541594,41.5,183.0,False,False,False,False,False,False
1476,M16335,M,300.1,309.5,38.97435053981015,35.4,133.0,False,False,False,False,False,False
7869,H37282,H,300.4,311.9,37.92097045171708,46.7,41.0,False,False,False,False,False,True
2315,L49494,L,299.2,308.9,36.98648401781386,47.2,175.0,False,False,False,False,False,False
74,L47253,L,299.0,309.1,39.89987468652001,35.0,200.0,False,False,False,False,False,False
6480,L53659,L,300.1,309.8,37.656340767525464,42.7,147.0,False,False,False,False,False,False
9250,L56429,L,298.3,309.0,40.70626487409524,32.2,179.0,False,False,False,False,False,False
1173,L48352,L,297.1,308.1,38.02630668366309,36.6,227.0,False,False,False,False,False,False
3972,H33385,H,302.2,310.1,40.311288741492746,35.4,70.0,False,False,False,False,False,False
1914,M16773,M,298.0,307.8,38.62641583165593,40.2,197.0,False,False,False,False,False,False
530,L47709,L,297.6,309.5,39.61060464067672,36.2,63.0,False,False,False,False,False,False
5148,L52327,L,300.1,313.6,39.61060464067672,38.4,11.0,False,False,False,False,False,False
8293,H37706,H,298.9,310.5,37.8021163428716,39.9,19.0,False,False,False,False,False,False
768,L47947,L,296.9,310.1,39.319206502675,31.1,11.0,False,False,False,False,False,False
3417,L50596,L,301.5,310.5,37.881393849751625,44.6,135.0,False,False,False,False,False,False
9297,H38710,H,298.2,309.0,39.03844259188627,39.1,100.0,False,False,False,False,False,False
1307,L48486,L,298.8,310.0,38.561638969317684,41.4,152.0,False,False,False,False,False,False
9936,L57115,L,298.4,310.1,38.1051177665153,48.5,73.0,False,False,False,False,False,False
8121,L55300,L,300.2,311.6,42.035699113967404,26.4,20.0,False,False,False,False,False,False
2254,L49433,L,299.2,308.4,37.22902093797257,54.1,26.0,False,False,False,False,False,False
2387,L49566,L,299.1,308.4,39.28103868280471,37.9,130.0,False,False,False,False,False,False
882,L48061,L,295.7,306.2,38.262252939417984,46.2,92.0,False,False,False,False,False,False
3976,H33389,H,302.4,311.5,39.242833740697165,43.7,81.0,False,False,False,False,False,False
8024,H37437,H,300.9,312.0,37.376463182061514,42.7,108.0,False,False,False,False,False,False
976,M15835,M,296.0,306.6,40.34848200366403,36.8,121.0,False,False,False,False,False,False
1163,L48342,L,296.9,307.8,37.416573867739416,57.1,202.0,True,False,False,False,True,False
63,L47242,L,298.8,309.0,42.76680956068619,22.9,172.0,False,False,False,False,False,False
8773,L55952,L,297.5,308.6,40.26164427839479,28.9,0.0,False,False,False,False,False,False
1169,L48348,L,297.1,308.1,39.7994974842648,36.8,215.0,False,False,False,False,False,False
1622,L48801,L,297.7,307.6,42.941821107167776,21.9,61.0,False,False,False,False,False,False
3387,H32800,H,300.1,310.8,38.39270764090493,38.7,58.0,False,False,False,False,False,False
7610,L54789,L,300.5,310.1,38.600518131237564,41.8,39.0,False,False,False,False,False,False
2360,L49539,L,299.3,308.5,37.589892258425,38.5,57.0,False,False,False,False,False,False
4498,L51677,L,302.5,310.3,39.02563260217571,36.0,72.0,False,False,False,False,False,False
7343,M22202,M,299.7,310.3,40.755367744629666,34.5,6.0,False,False,False,False,False,False
3693,L50872,L,302.1,311.3,41.92851058647326,24.4,200.0,False,False,False,False,False,False
3943,M18802,M,302.2,311.4,37.389838191679836,47.2,202.0,False,False,False,False,False,False
5224,M20083,M,303.9,313.2,36.742346141747674,47.2,2.0,False,False,False,False,False,False
500,L47679,L,297.5,309.1,38.92300091205713,35.1,213.0,False,False,False,False,False,False
472,H29885,H,297.3,308.8,37.66961640367472,42.4,139.0,False,False,False,False,False,False
4283,L51462,L,301.9,309.9,37.067505985701274,48.5,180.0,True,False,True,False,False,False
577,H29990,H,297.7,309.7,37.94733192202055,51.1,191.0,False,False,False,False,False,False
5392,L52571,L,302.7,312.2,39.64845520319802,34.4,228.0,False,False,False,False,False,False
4390,M19249,M,302.1,310.0,36.810324638611924,45.1,6.0,True,False,True,False,False,False
3172,L50351,L,300.4,309.6,37.22902093797257,56.9,170.0,False,False,False,False,False,False
3318,L50497,L,301.5,310.1,40.44749683231337,28.7,106.0,False,False,False,False,False,False
7925,H37338,H,300.7,310.1,37.26929030716845,46.5,186.0,False,False,False,False,False,False
9800,M24659,M,300.1,309.3,39.382737335030434,34.7,121.0,False,False,False,False,False,False
8500,L55679,L,298.4,309.6,40.681691213615984,30.2,146.0,False,False,False,False,False,False
7234,L54413,L,299.9,310.0,38.03945320322047,45.9,162.0,False,False,False,False,False,False
4581,L51760,L,303.0,311.2,38.65229618017538,37.0,67.0,False,False,False,False,False,False
5098,L52277,L,304.2,313.4,38.17066936798463,49.4,96.0,False,False,False,False,False,False
978,L48157,L,296.0,306.7,43.78355855797927,21.0,127.0,False,False,False,False,False,False
1398,L48577,L,299.1,310.2,39.61060464067672,38.2,155.0,False,False,False,False,False,False
6197,L53376,L,300.9,310.8,41.24318125460256,30.4,55.0,False,False,False,False,False,False
289,H29702,H,298.2,308.4,37.21558813185679,42.2,98.0,False,False,False,False,False,False
4548,M19407,M,300.1,310.4,38.09199390948182,53.6,194.0,False,False,False,False,False,False
1178,M16037,M,297.2,308.3,40.049968789001575,39.4,108.0,False,False,False,False,False,False
7043,L54222,L,300.6,310.5,40.52159917870962,29.9,100.0,False,False,False,False,False,False
5704,H35117,H,302.3,311.7,38.157568056677825,45.4,130.0,False,False,False,False,False,False
8609,L55788,L,297.4,308.4,37.0,50.6,108.0,True,False,False,False,True,False
5909,M20768,M,300.8,310.1,39.06404996924922,36.3,205.0,False,False,False,False,False,False
4598,M19457,M,303.0,311.1,38.600518131237564,43.0,108.0,False,False,False,False,False,False
8276,M23135,M,298.9,310.6,41.47288270665544,25.3,197.0,False,False,False,False,False,False
5220,L52399,L,303.8,313.0,36.945906403822335,59.9,205.0,True,False,False,False,True,False
9569,L56748,L,300.1,311.1,39.84971769034255,38.0,183.0,False,False,False,False,False,False
4905,H34318,H,303.6,310.1,38.47076812334269,50.7,108.0,False,False,False,False,False,False
8146,M23005,M,300.1,310.9,41.048751503547585,32.1,88.0,False,False,False,False,False,False
4329,L51508,L,301.6,310.1,36.41428291206625,48.2,77.0,True,False,True,False,False,False
1075,L48254,L,297.0,307.9,39.93745109543172,31.7,108.0,False,False,False,False,False,False
5993,L53172,L,300.7,310.6,35.888716889852724,47.2,216.0,False,False,False,False,False,False
6240,L53419,L,301.2,310.7,40.54626986542659,31.6,166.0,False,False,False,False,False,False
5276,L52455,L,303.7,313.1,37.72267222772003,41.2,124.0,False,False,False,False,False,False
3962,M18821,M,302.2,311.4,40.52159917870962,32.1,42.0,False,False,False,False,False,False
7810,M22669,M,300.0,311.4,39.20459156782532,35.4,120.0,False,False,False,False,False,False
3669,L50848,L,302.3,311.7,38.8587184554509,38.7,141.0,False,False,False,False,False,False
945,M15804,M,295.7,306.3,41.376321731154405,28.5,108.0,False,False,False,False,False,False
4994,L52173,L,303.8,312.9,42.649736224272246,23.7,16.0,False,False,False,False,False,False
9084,M23943,M,297.2,307.9,39.25557285278104,35.7,169.0,False,False,False,False,False,False
935,M15794,M,300.1,306.0,36.41428291206625,50.8,18.0,False,False,False,False,False,False
628,L47807,L,298.4,310.1,38.144462245521304,42.2,94.0,False,False,False,False,False,False
3700,L50879,L,302.2,311.2,40.607881008493905,33.2,9.0,False,False,False,False,False,False
7923,L55102,L,300.7,311.9,38.23610858861032,39.7,181.0,False,False,False,False,False,False
503,L47682,L,297.6,309.2,37.282703764614496,43.3,221.0,False,False,False,False,False,False
3317,M18176,M,301.4,310.5,34.88552708502482,60.6,103.0,False,False,False,False,False,False
7069,L54248,L,300.8,310.7,38.22302970723278,42.8,173.0,False,False,False,False,False,False
3606,L50785,L,301.7,310.7,40.50925820105819,31.9,192.0,False,False,False,False,False,False
2481,L49660,L,299.0,308.6,41.641325627314025,32.4,161.0,False,False,False,False,False,False
1637,L48816,L,297.9,307.8,38.79432948254165,37.3,100.0,False,False,False,False,False,False
3468,L50647,L,301.8,310.7,38.22302970723278,44.2,49.0,False,False,False,False,False,False
5149,L52328,L,304.4,313.6,38.82009788756334,43.1,13.0,False,False,False,False,False,False
5964,H35377,H,300.4,310.7,40.69397989875161,36.3,127.0,False,False,False,False,False,False
7834,L55013,L,300.0,310.1,40.049968789001575,38.7,185.0,False,False,False,False,False,False
3501,H32914,H,301.9,311.0,43.255057507764334,26.0,132.0,False,False,False,False,False,False
1851,M16710,M,297.7,307.2,37.04051835490427,52.8,33.0,False,False,False,False,False,False
7248,M22107,M,300.0,310.1,36.24913792078372,53.5,199.0,False,False,False,False,False,False
8752,M23611,M,300.1,308.5,38.36665218650175,42.0,150.0,False,False,False,False,False,False
8035,L55214,L,300.7,311.8,39.54743986657038,36.8,11.0,False,False,False,False,False,False
6797,M21656,M,301.3,310.7,36.05551275463989,58.3,92.0,False,False,False,False,False,False
4573,M19432,M,302.9,311.0,39.44616584663204,36.5,44.0,False,False,False,False,False,False
9350,M24209,M,298.2,308.7,39.98749804626441,36.2,28.0,False,False,False,False,False,False
1540,M16399,M,298.5,309.2,38.06573262134856,46.4,83.0,False,False,False,False,False,False
7414,M22273,M,300.1,311.1,40.19950248448356,35.2,183.0,False,False,False,False,False,False
5709,L52888,L,302.3,311.7,40.13726448077895,38.6,143.0,False,False,False,False,False,False
238,M15097,M,298.0,308.1,39.395431207184416,36.6,190.0,False,False,False,False,False,False
6908,L54087,L,300.9,311.3,38.06573262134856,40.2,168.0,False,False,False,False,False,False
3135,L50314,L,300.2,309.6,36.864617182333525,51.5,66.0,False,False,False,False,False,False
3436,L50615,L,300.1,310.5,37.26929030716845,54.9,108.0,False,False,False,False,False,False
7010,L54189,L,300.5,310.5,39.191835884530846,36.2,12.0,False,False,False,False,False,False
397,L47576,L,297.4,308.3,38.600518131237564,42.6,164.0,False,False,False,False,False,False
461,H29874,H,297.3,308.6,37.82856063875548,42.0,109.0,False,False,False,False,False,False
410,L47589,L,297.4,308.6,38.19685850956856,41.3,196.0,False,False,False,False,False,False
2244,L49423,L,300.1,308.4,38.27531841800928,35.0,201.0,False,False,False,False,False,False
1487,M16346,M,298.2,310.1,39.03844259188627,34.6,161.0,False,False,False,False,False,False
3863,H33276,H,302.5,311.5,38.67815921162743,43.8,218.0,False,False,False,False,False,False
2627,L49806,L,299.7,309.4,40.620192023179804,29.8,108.0,False,False,False,False,False,False
7262,L54441,L,300.4,310.5,42.638011210655684,25.1,14.0,False,False,False,False,False,False
969,L48148,L,295.9,306.7,39.331920878594275,40.9,107.0,False,False,False,False,False,False
9689,L56868,L,299.1,310.1,36.9729630946723,45.6,44.0,False,False,False,False,False,False
7204,M22063,M,299.8,309.6,37.86819245752297,48.0,82.0,False,False,False,False,False,False
8119,L55298,L,300.3,311.8,39.344631145812,33.0,16.0,False,False,False,False,False,False
8520,L55699,L,298.3,309.6,37.68288736283355,44.1,197.0,False,False,False,False,False,False
9789,M24648,M,298.5,309.5,39.179076048319466,39.8,87.0,False,False,False,False,False,False
1796,M16655,M,298.1,307.7,38.704004960727254,38.3,81.0,False,False,False,False,False,False
5179,H34592,H,304.0,313.2,38.948684188300895,43.1,96.0,False,False,False,False,False,False
5717,L52896,L,302.3,312.0,36.796738985948195,52.2,165.0,False,False,False,False,False,False
1859,M16718,M,297.8,307.4,38.57460304397182,36.1,57.0,False,False,False,False,False,False
7693,H37106,H,300.1,311.6,38.80721582386451,36.2,10.0,False,False,False,False,False,False
4,L47183,L,298.2,308.6,37.8549864614954,39.5,7.0,False,False,False,False,False,False
6273,M21132,M,301.1,310.6,37.8021163428716,52.7,35.0,False,False,False,False,False,False
9005,M23864,M,297.1,307.8,39.21734310225516,34.3,181.0,False,False,False,False,False,False
6285,M21144,M,300.1,310.1,41.641325627314025,31.3,64.0,False,False,False,False,False,False
2095,L49274,L,299.4,309.3,37.107950630558946,43.6,28.0,False,False,False,False,False,False
6783,L53962,L,301.3,310.8,39.1279950930277,53.4,57.0,False,False,False,False,False,False
3755,L50934,L,302.3,311.0,37.97367509209505,43.7,152.0,False,False,False,False,False,False
4096,H33509,H,302.0,310.5,38.19685850956856,43.2,148.0,False,False,False,False,False,False
1043,L48222,L,296.6,307.6,39.26830783214372,37.4,88.0,False,False,False,False,False,False
1946,L49125,L,298.1,308.1,40.19950248448356,32.8,65.0,False,False,False,False,False,False
7406,M22265,M,299.8,310.8,39.11521443121589,35.2,163.0,False,False,False,False,False,False
9374,L56553,L,300.1,310.1,38.118237105091836,45.5,86.0,False,False,False,False,False,False
8944,M23803,M,297.3,308.4,38.06573262134856,44.4,34.0,False,False,False,False,False,False
1076,H30489,H,296.9,310.1,36.6742416417845,54.5,172.0,False,False,False,False,False,False
266,L47445,L,298.0,308.1,38.13135192987524,37.1,35.0,False,False,False,False,False,False
6786,L53965,L,301.2,310.6,37.26929030716845,45.3,64.0,False,False,False,False,False,False
6387,L53566,L,300.1,309.7,40.69397989875161,34.3,120.0,False,False,False,False,False,False
3362,L50541,L,300.1,310.6,38.97435053981015,40.7,108.0,False,False,False,False,False,False
3461,L50640,L,301.5,310.3,37.61648574760805,41.6,28.0,False,False,False,False,False,False
1680,L48859,L,298.0,307.5,42.33202097703345,27.9,217.0,False,False,False,False,False,False
9805,L56984,L,300.1,309.1,38.301436004411116,42.5,139.0,False,False,False,False,False,False
2035,M16894,M,300.1,308.5,37.749172176353746,47.4,90.0,False,False,False,False,False,False
778,L47957,L,300.1,307.8,37.17526059088221,47.5,108.0,False,False,False,False,False,False
2827,M17686,M,300.3,309.4,40.149719799769464,33.1,150.0,False,False,False,False,False,False
6630,L53809,L,300.1,310.5,37.376463182061514,49.4,104.0,False,False,False,False,False,False
8664,L55843,L,297.5,308.6,40.87786687193939,29.4,136.0,False,False,False,False,False,False
661,M15520,M,297.7,309.2,41.23105625617661,27.4,176.0,False,False,False,False,False,False
8213,H37626,H,299.2,310.5,36.45545226711637,48.9,30.0,False,False,False,False,False,False
5859,L53038,L,301.3,311.0,36.71511950137164,44.5,78.0,False,False,False,False,False,False
5320,M20179,M,303.5,312.7,37.44329045369811,47.0,23.0,False,False,False,False,False,False
7992,L55171,L,301.1,312.3,39.16631205513228,39.0,129.0,False,False,False,False,False,False
2710,L49889,L,299.6,310.1,40.50925820105819,35.8,81.0,False,False,False,False,False,False
2111,H31524,H,299.3,309.0,38.8329756778952,35.0,70.0,False,False,False,False,False,False
7215,M22074,M,299.9,309.8,40.311288741492746,41.2,109.0,False,False,False,False,False,False
5626,L52805,L,302.7,312.1,41.569219381653056,24.4,146.0,False,False,False,False,False,False
1187,L48366,L,297.3,308.4,37.64306044943742,47.8,31.0,False,False,False,False,False,False
3677,M18536,M,300.1,311.5,39.52214569073901,38.0,162.0,False,False,False,False,False,False
9236,M24095,M,298.2,308.9,39.89987468652001,35.2,142.0,False,False,False,False,False,False
6459,M21318,M,300.6,310.0,36.08323710533743,62.9,87.0,False,False,False,False,False,False
7712,L54891,L,300.4,311.4,36.180105030251084,55.5,71.0,False,False,False,False,False,False
5651,L52830,L,302.5,312.0,38.157568056677825,46.3,208.0,False,False,False,False,False,False
4215,L51394,L,300.1,310.6,39.66106403010388,36.6,15.0,False,False,False,False,False,False
5991,M20850,M,300.7,310.1,36.64696440361739,51.6,211.0,False,False,False,False,False,False
4099,L51278,L,302.0,310.3,40.59556626036888,29.6,157.0,False,False,False,False,False,False
6966,L54145,L,300.7,311.0,36.22154055254967,52.1,107.0,False,False,False,False,False,False
2310,L49489,L,299.1,308.6,40.13726448077895,31.4,161.0,False,False,False,False,False,False
3164,L50343,L,300.4,309.8,39.35733730830886,38.9,150.0,False,False,False,False,False,False
8091,L55270,L,300.1,311.4,43.70354676682432,23.0,108.0,False,False,False,False,False,False
7186,L54365,L,300.3,310.4,40.890096600521744,29.2,39.0,False,False,False,False,False,False
2200,M17059,M,299.8,309.1,35.608987629529715,58.0,90.0,False,False,False,False,False,False
9949,L57128,L,300.1,307.8,42.473521163190604,25.1,108.0,False,False,False,False,False,False
7806,L54985,L,299.9,311.4,41.30375285612676,28.8,111.0,False,False,False,False,False,False
3050,L50229,L,300.1,309.2,36.41428291206625,55.9,55.0,False,False,False,False,False,False
4677,L51856,L,303.4,310.1,43.347433603386484,21.3,78.0,False,False,False,False,False,False
3758,M18617,M,302.2,311.1,38.93584466786357,33.7,158.0,False,False,False,False,False,False
3723,L50902,L,300.1,311.2,38.09199390948182,41.8,66.0,False,False,False,False,False,False
2423,L49602,L,298.8,308.2,37.986839826445156,53.4,21.0,False,False,False,False,False,False
6948,M21807,M,300.7,311.3,39.52214569073901,37.1,58.0,False,False,False,False,False,False
7613,M22472,M,300.5,311.4,41.7492514902962,27.6,46.0,False,False,False,False,False,False
7822,L55001,L,299.9,311.3,42.44997055358225,24.4,151.0,False,False,False,False,False,False
9187,L56366,L,297.9,309.0,40.36087214122113,29.0,26.0,False,False,False,False,False,False
8894,L56073,L,297.5,308.7,37.027017163147235,46.5,121.0,False,False,False,False,False,False
2163,L49342,L,299.5,309.1,36.55133376499413,42.1,217.0,False,False,False,False,False,False
5011,L52190,L,303.7,312.8,39.28103868280471,38.3,61.0,False,False,False,False,False,False
3531,M18390,M,301.9,310.9,37.960505792204614,43.7,0.0,False,False,False,False,False,False
1733,H31146,H,298.4,310.1,41.23105625617661,28.2,120.0,False,False,False,False,False,False
7674,M22533,M,300.5,311.6,38.41874542459709,39.1,199.0,False,False,False,False,False,False
6710,L53889,L,301.4,310.6,38.48376280978771,37.6,77.0,False,False,False,False,False,False
9252,M24111,M,300.1,309.1,40.63249930782009,28.8,186.0,False,False,False,False,False,False
8971,L56150,L,297.0,307.6,39.68626966596886,37.4,98.0,False,False,False,False,False,False
3757,L50936,L,302.3,311.1,39.319206502675,33.1,156.0,False,False,False,False,False,False
2247,L49426,L,299.3,308.4,37.49666651850535,47.4,3.0,False,False,False,False,False,False
4590,L51769,L,302.8,311.1,41.48493702538308,30.0,87.0,False,False,False,False,False,False
6115,M20974,M,300.8,310.8,39.35733730830886,35.5,79.0,False,False,False,False,False,False
6935,L54114,L,300.8,311.4,39.191835884530846,40.9,108.0,False,False,False,False,False,False
4619,M19478,M,303.0,311.3,36.53765181289022,53.6,164.0,True,False,True,False,False,False
2216,H31629,H,299.7,309.2,38.31448812133603,49.6,108.0,False,False,False,False,False,False
7646,L54825,L,300.4,311.4,40.76763422127902,29.3,129.0,False,False,False,False,False,False
3213,L50392,L,300.3,309.2,40.607881008493905,32.4,50.0,False,False,False,False,False,False
5105,L52284,L,304.1,313.5,38.3275357934736,44.6,113.0,False,False,False,False,False,False
1802,M16661,M,298.0,307.5,37.77565353504821,43.6,101.0,False,False,False,False,False,False
9425,M24284,M,298.0,308.5,39.81205847478876,33.0,24.0,False,False,False,False,False,False
8614,M23473,M,297.5,308.5,37.429934544425805,50.5,6.0,False,False,False,False,False,False
8731,H38144,H,297.3,308.7,39.61060464067672,33.9,93.0,False,False,False,False,False,False
3834,M18693,M,302.3,311.0,39.25557285278104,36.6,143.0,False,False,False,False,False,False
9856,L57035,L,298.7,309.6,38.93584466786357,38.5,61.0,False,False,False,False,False,False
5644,L52823,L,302.5,312.0,39.67366884975475,42.0,188.0,False,False,False,False,False,False
2283,L49462,L,299.4,308.7,38.19685850956856,47.6,96.0,False,False,False,False,False,False
4859,L52038,L,303.7,312.3,36.72873534441391,51.0,105.0,False,False,False,False,False,False
5647,M20506,M,300.1,311.8,40.54626986542659,37.2,195.0,False,False,False,False,False,False
3764,L50943,L,302.3,311.0,37.78888725538237,47.9,174.0,False,False,False,False,False,False
1319,M16178,M,299.0,310.3,39.774363602702685,33.3,177.0,False,False,False,False,False,False
127,L47306,L,299.0,308.6,36.45545226711637,60.5,120.0,False,False,False,False,False,False
3036,M17895,M,300.6,309.7,37.78888725538237,42.6,23.0,False,False,False,False,False,False
8367,M23226,M,298.9,309.8,42.8485705712571,22.8,18.0,False,False,False,False,False,False
1215,M16074,M,296.8,307.8,41.15823125451335,33.0,115.0,False,False,False,False,False,False
4092,M18951,M,302.0,310.4,39.93745109543172,32.9,135.0,False,False,False,False,False,False
9000,L56179,L,297.1,310.1,38.62641583165593,39.4,171.0,False,False,False,False,False,False
6909,L54088,L,300.9,311.3,40.162171256046406,32.7,170.0,False,False,False,False,False,False
6767,M21626,M,301.4,311.0,37.77565353504821,43.2,13.0,False,False,False,False,False,False
3717,L50896,L,302.3,311.4,40.11234224026316,32.3,49.0,False,False,False,False,False,False
4074,M18933,M,301.9,310.6,37.57658845611187,46.5,89.0,False,False,False,False,False,False
9303,M24162,M,298.1,310.1,42.473521163190604,25.1,108.0,False,False,False,False,False,False
8982,L56161,L,297.0,307.7,38.7556447501522,39.4,108.0,False,False,False,False,False,False
9867,L57046,L,299.0,309.9,40.3732584763727,34.0,92.0,False,False,False,False,False,False
7500,L54679,L,300.3,311.8,41.78516483155236,26.3,187.0,False,False,False,False,False,False
9399,H38812,H,297.7,310.1,39.06404996924922,40.1,165.0,False,False,False,False,False,False
5796,M20655,M,301.9,311.4,38.27531841800928,39.9,153.0,False,False,False,False,False,False
5935,H35348,H,300.6,310.5,38.13135192987524,51.2,58.0,False,False,False,False,False,False
5366,L52545,L,303.1,312.6,39.344631145812,36.4,150.0,False,False,False,False,False,False
5287,L52466,L,303.8,313.1,37.70941526992961,42.4,152.0,False,False,False,False,False,False
5646,M20505,M,300.1,312.0,39.88734135035826,29.4,192.0,False,False,False,False,False,False
2165,L49344,L,299.6,309.2,39.242833740697165,36.7,221.0,False,False,False,False,False,False
5388,L52567,L,302.8,312.2,37.8549864614954,50.0,216.0,False,False,False,False,False,False
1551,L48730,L,298.4,308.9,40.47221268969612,32.4,109.0,False,False,False,False,False,False
6579,L53758,L,301.4,310.4,39.28103868280471,40.9,190.0,False,False,False,False,False,False
3029,L50208,L,300.5,309.5,37.134889255254286,55.6,2.0,False,False,False,False,False,False
7488,L54667,L,300.3,311.7,41.31585652022719,33.6,158.0,False,False,False,False,False,False
334,L47513,L,297.5,308.2,40.58324777540605,31.3,108.0,False,False,False,False,False,False
7031,L54210,L,300.1,310.8,42.09513035969837,27.3,69.0,False,False,False,False,False,False
4520,L51699,L,302.4,310.1,40.8166632639171,29.7,125.0,False,False,False,False,False,False
3037,L50216,L,300.4,309.6,36.318039594669756,48.1,26.0,False,False,False,False,False,False
9713,M24572,M,299.1,310.2,38.157568056677825,48.4,101.0,False,False,False,False,False,False
1230,L48409,L,297.1,308.4,36.11094017053558,53.5,108.0,False,False,False,False,False,False
6051,M20910,M,300.9,311.1,39.319206502675,37.7,133.0,False,False,False,False,False,False
2267,L49446,L,299.2,308.5,37.16180835212409,60.6,59.0,False,False,False,False,False,False
9557,L56736,L,299.5,310.8,37.067505985701274,48.3,154.0,False,False,False,False,False,False
6090,L53269,L,300.1,310.7,38.84584919911006,37.5,12.0,False,False,False,False,False,False
6674,L53853,L,301.6,310.7,37.14835124201342,51.8,216.0,True,False,False,False,True,False
2641,M17500,M,299.9,309.5,37.04051835490427,56.2,133.0,False,False,False,False,False,False
4599,L51778,L,303.1,311.2,37.403208418530085,49.2,111.0,False,False,False,False,False,False
1444,L48623,L,298.9,310.1,40.024992192379,38.2,108.0,False,False,False,False,False,False
8055,L55234,L,300.4,310.1,37.48332962798263,47.9,58.0,False,False,False,False,False,False
7735,L54914,L,300.6,312.0,40.8656334834051,29.4,134.0,False,False,False,False,False,False
3352,L50531,L,301.4,310.8,40.98780306383839,31.4,185.0,False,False,False,False,False,False
8975,L56154,L,296.8,307.5,38.39270764090493,42.4,107.0,False,False,False,False,False,False
1965,M16824,M,300.1,307.5,37.48332962798263,46.9,113.0,False,False,False,False,False,False
8534,M23393,M,298.6,309.4,38.27531841800928,41.1,30.0,False,False,False,False,False,False
5955,L53134,L,300.1,310.9,41.617304093369626,25.7,109.0,False,False,False,False,False,False
3210,L50389,L,300.3,310.1,39.83716857408418,31.4,43.0,False,False,False,False,False,False
6011,H35424,H,300.7,310.7,37.78888725538237,43.4,26.0,False,False,False,False,False,False
8245,L55424,L,299.0,310.1,38.88444419044716,38.8,109.0,False,False,False,False,False,False
2597,L49776,L,299.0,308.7,37.76241517699841,38.6,16.0,False,False,False,False,False,False
5568,M20427,M,302.5,312.0,38.01315561749642,54.8,0.0,False,False,False,False,False,False
5914,H35327,H,300.7,310.2,38.45776904605882,52.3,9.0,False,False,False,False,False,False
3844,L51023,L,302.5,311.2,35.02855977627399,60.1,167.0,False,False,False,False,False,False
449,L47628,L,297.5,308.6,39.395431207184416,44.9,77.0,False,False,False,False,False,False
7867,L55046,L,300.5,311.9,37.82856063875548,49.4,37.0,False,False,False,False,False,False
6847,M21706,M,300.1,310.1,38.704004960727254,49.5,108.0,False,False,False,False,False,False
9474,L56653,L,298.7,309.5,38.02630668366309,40.0,160.0,False,False,False,False,False,False
9698,M24557,M,300.1,309.8,37.589892258425,45.5,64.0,False,False,False,False,False,False
5151,L52330,L,304.3,313.5,39.87480407475377,29.8,17.0,False,False,False,False,False,False
2679,L49858,L,299.8,309.6,38.03945320322047,43.1,12.0,False,False,False,False,False,False
5731,L52910,L,302.3,311.7,42.34383071948026,25.3,200.0,False,False,False,False,False,False
1693,M16552,M,298.1,310.1,42.0,27.7,23.0,False,False,False,False,False,False
3123,L50302,L,300.0,309.3,38.379682124790975,46.0,35.0,False,False,False,False,False,False
1627,M16486,M,297.9,307.8,36.09709129556009,59.3,75.0,False,False,False,False,False,False
8964,M23823,M,297.2,307.9,41.0731055558257,30.4,82.0,False,False,False,False,False,False
9617,L56796,L,298.9,310.1,39.74921382870358,37.3,100.0,False,False,False,False,False,False
2582,L49761,L,299.2,309.1,36.6742416417845,60.7,191.0,True,False,False,False,True,False
4321,L51500,L,301.7,310.3,37.376463182061514,44.6,57.0,False,False,False,False,False,False
4504,M19363,M,302.5,310.2,41.84495190581536,30.5,90.0,False,False,False,False,False,False
6380,L53559,L,300.1,309.7,38.535697735995385,45.9,100.0,False,False,False,False,False,False
9458,M24317,M,298.5,309.3,41.13392760240627,26.7,118.0,False,False,False,False,False,False
1091,L48270,L,296.9,310.1,38.262252939417984,41.4,6.0,False,False,False,False,False,False
9068,L56247,L,297.1,308.2,36.75595189897821,56.6,126.0,False,False,False,False,False,False
9558,M24417,M,299.5,310.8,38.82009788756334,40.2,156.0,False,False,False,False,False,False
1555,M16414,M,298.4,308.7,39.7994974842648,31.7,117.0,False,False,False,False,False,False
4846,M19705,M,303.3,311.8,39.786932528155525,33.3,72.0,False,False,False,False,False,False
5983,L53162,L,300.7,310.8,38.54867053479276,37.1,108.0,False,False,False,False,False,False
6996,M21855,M,300.1,310.7,41.291645644125154,31.2,181.0,False,False,False,False,False,False
6392,M21251,M,300.1,309.7,37.589892258425,43.0,137.0,False,False,False,False,False,False
324,L47503,L,297.8,308.5,39.50949253027682,46.3,194.0,False,False,False,False,False,False
1975,L49154,L,298.0,307.6,38.07886552931954,48.7,138.0,False,False,False,False,False,False
2591,L49770,L,300.1,308.7,37.36308338453881,48.6,0.0,False,False,False,False,False,False
6951,H36364,H,300.7,311.3,37.067505985701274,53.1,66.0,False,False,False,False,False,False
9443,M24302,M,298.1,310.1,37.33630940518894,47.9,70.0,False,False,False,False,False,False
7384,M22243,M,299.7,310.4,37.54996671103717,44.5,105.0,False,False,False,False,False,False
4954,L52133,L,300.1,312.5,40.8656334834051,26.1,139.0,False,False,False,False,False,False
4024,L51203,L,300.1,311.0,36.932370625238775,50.0,205.0,False,False,False,False,False,False
4159,L51338,L,301.9,310.1,43.46262762420146,21.5,108.0,False,False,False,False,False,False
6183,L53362,L,301.0,310.8,38.40572873934304,35.3,19.0,False,False,False,False,False,False
1883,M16742,M,298.0,307.6,39.761790704142086,43.4,113.0,False,False,False,False,False,False
7493,M22352,M,300.3,311.7,36.318039594669756,51.4,170.0,False,False,False,False,False,False
7975,L55154,L,301.2,312.3,39.08964057138413,38.4,85.0,False,False,False,False,False,False
8880,L56059,L,298.0,309.2,39.07684736515984,39.5,85.0,False,False,False,False,False,False
9844,L57023,L,298.3,309.2,37.1887079635741,52.1,26.0,False,False,False,False,False,False
8766,L55945,L,297.4,308.8,36.78314831549904,49.4,108.0,False,False,False,False,False,False
2743,L49922,L,299.6,309.1,37.0,51.4,164.0,False,False,False,False,False,False
2206,L49385,L,299.9,309.2,40.29888335921977,34.6,105.0,False,False,False,False,False,False
7447,L54626,L,300.2,311.8,37.134889255254286,51.0,108.0,False,False,False,False,False,False
5118,L52297,L,304.1,313.6,40.13726448077895,31.4,144.0,False,False,False,False,False,False
9078,L56257,L,297.3,308.1,41.97618372363071,26.1,154.0,False,False,False,False,False,False
3922,L51101,L,302.7,311.5,38.65229618017538,41.4,149.0,False,False,False,False,False,False
3304,L50483,L,301.2,310.1,37.282703764614496,49.9,74.0,False,False,False,False,False,False
6024,M20883,M,300.7,310.9,37.0,51.2,63.0,False,False,False,False,False,False
6062,H35475,H,300.1,311.1,40.22437072223753,29.5,160.0,False,False,False,False,False,False
7084,L54263,L,300.7,310.4,37.62977544445356,61.8,209.0,True,False,False,True,True,False
7318,L54497,L,299.9,310.3,40.47221268969612,29.1,152.0,False,False,False,False,False,False
8033,L55212,L,300.8,312.0,37.62977544445356,46.5,7.0,False,False,False,False,False,False
5710,L52889,L,302.2,311.7,39.44616584663204,38.6,145.0,False,False,False,False,False,False
5142,L52321,L,304.4,313.7,38.84584919911006,35.0,205.0,True,True,False,False,False,False
26,L47205,L,299.0,309.5,43.139309220245984,23.3,73.0,False,False,False,False,False,False
1504,L48683,L,298.0,308.7,42.08325082500163,26.2,206.0,False,False,False,False,False,False
5291,L52470,L,303.9,313.3,39.06404996924922,40.7,164.0,False,False,False,False,False,False
3091,H32504,H,300.1,309.3,38.05259518088089,45.8,163.0,False,False,False,False,False,False
7838,L55017,L,300.2,311.5,41.048751503547585,31.0,193.0,False,False,False,False,False,False
91,L47270,L,298.9,308.9,41.86884283091664,25.8,33.0,False,False,False,False,False,False
901,L48080,L,300.1,306.2,39.61060464067672,35.1,140.0,False,False,False,False,False,False
2969,M17828,M,300.6,309.4,36.22154055254967,45.2,73.0,False,False,False,False,False,False
9283,M24142,M,298.2,308.9,37.603191353926334,44.3,68.0,False,False,False,False,False,False
889,M15748,M,295.6,310.1,40.63249930782009,28.1,108.0,False,False,False,False,False,False
1007,L48186,L,296.2,307.1,37.589892258425,53.4,203.0,False,False,False,False,False,False
3489,L50668,L,301.9,310.9,37.134889255254286,54.8,99.0,False,False,False,False,False,False
8395,M23254,M,300.1,309.5,39.57271787481876,38.1,89.0,False,False,False,False,False,False
6895,L54074,L,301.1,311.7,37.52332607858744,46.3,135.0,False,False,False,False,False,False
4424,M19283,M,300.1,310.1,39.534794801541594,39.0,97.0,False,False,False,False,False,False
4604,H34017,H,302.9,311.0,38.1051177665153,58.3,123.0,False,False,False,False,False,False
5007,M19866,M,303.7,312.8,36.959437225152655,47.3,49.0,False,False,False,False,False,False
7522,M22381,M,300.2,311.6,38.301436004411116,40.7,23.0,False,False,False,False,False,False
5858,L53037,L,301.3,310.9,41.95235392680606,23.9,76.0,False,False,False,False,False,False
6837,H36250,H,301.1,311.0,36.59234892706397,52.8,194.0,False,False,False,False,False,False
6987,L54166,L,300.7,311.1,41.08527716834828,30.7,161.0,False,False,False,False,False,False
1322,L48501,L,298.9,310.2,36.90528417449187,53.0,185.0,False,False,False,False,False,False
9732,L56911,L,298.8,310.1,37.26929030716845,49.6,149.0,False,False,False,False,False,False
7120,L54299,L,301.0,310.5,37.12142238654117,44.4,83.0,False,False,False,False,False,False
4635,L51814,L,303.0,311.2,41.892720131306824,30.4,205.0,False,False,False,False,False,False
953,L48132,L,295.5,310.1,38.05259518088089,48.9,65.0,False,False,False,False,False,False
2981,L50160,L,300.4,309.5,38.03945320322047,39.3,110.0,False,False,False,False,False,False
5143,L52322,L,304.4,313.6,39.59797974644666,39.1,0.0,False,False,False,False,False,False
4960,L52139,L,303.8,312.6,41.65333119931706,25.9,154.0,False,False,False,False,False,False
9261,L56440,L,298.2,309.0,37.107950630558946,57.8,8.0,False,False,False,False,False,False
6184,H35597,H,300.1,310.9,38.66522985836241,37.3,21.0,False,False,False,False,False,False
8170,M23029,M,300.1,311.2,41.773197148410844,26.3,150.0,False,False,False,False,False,False
9335,L56514,L,298.4,308.9,37.44329045369811,44.8,201.0,False,False,False,False,False,False
5937,M20796,M,300.1,310.4,39.344631145812,37.3,65.0,False,False,False,False,False,False
6693,M21552,M,301.8,311.0,42.883563284783136,23.6,30.0,False,False,False,False,False,False
832,M15691,M,296.6,307.4,39.293765408777,42.3,170.0,False,False,False,False,False,False
7952,M22811,M,300.9,311.8,42.930175867331364,24.5,25.0,False,False,False,False,False,False
9386,M24245,M,297.5,308.1,43.669211121796096,23.5,125.0,False,False,False,False,False,False
2520,L49699,L,298.8,308.6,40.38564101261734,32.4,108.0,False,False,False,False,False,False
8825,M23684,M,297.3,308.9,42.41462012089699,24.5,137.0,False,False,False,False,False,False
4656,L51835,L,303.1,311.1,43.05810028322197,22.6,19.0,False,False,False,False,False,False
8070,M22929,M,300.5,311.9,43.30127018922193,22.1,100.0,False,False,False,False,False,False
9020,L56199,L,300.1,308.1,40.76763422127902,31.3,0.0,False,False,False,False,False,False
1377,M16236,M,298.8,310.1,39.07684736515984,31.2,102.0,False,False,False,False,False,False
3748,L50927,L,302.5,311.1,38.71692136521188,38.8,135.0,False,False,False,False,False,False
9774,L56953,L,298.5,309.4,39.496835316262995,37.9,37.0,False,False,False,False,False,False
5982,M20841,M,300.7,310.7,36.701498607005135,46.5,183.0,False,False,False,False,False,False
2703,L49882,L,299.8,309.2,41.95235392680606,25.9,63.0,False,False,False,False,False,False
3047,M17906,M,300.1,309.4,38.742741255621034,40.0,48.0,False,False,False,False,False,False
6293,L53472,L,301.0,310.4,40.17461885320133,31.6,84.0,False,False,False,False,False,False
6573,L53752,L,301.4,310.7,37.78888725538237,53.7,176.0,False,False,False,False,False,False
8884,M23743,M,297.9,309.2,39.102429592034305,38.1,96.0,False,False,False,False,False,False
7388,H36801,H,299.8,310.6,37.72267222772003,44.6,116.0,False,False,False,False,False,False
4736,L51915,L,303.2,311.5,39.293765408777,42.5,227.0,False,False,False,False,False,False
3648,L50827,L,302.2,311.5,37.77565353504821,43.8,88.0,False,False,False,False,False,False
4056,L51235,L,302.0,311.0,43.18564576337837,22.7,48.0,False,False,False,False,False,False
5106,L52285,L,304.1,313.4,37.067505985701274,56.6,115.0,False,False,False,False,False,False
8699,H38112,H,297.3,310.1,37.92097045171708,46.2,16.0,False,False,False,False,False,False
9277,L56456,L,298.1,308.7,41.12177038990418,30.3,49.0,False,False,False,False,False,False
6477,L53656,L,300.5,309.7,37.20215047547655,48.6,141.0,False,False,False,False,False,False
8014,M22873,M,300.9,312.0,37.44329045369811,50.7,108.0,False,False,False,False,False,False
2851,L50030,L,300.4,309.3,40.87786687193939,35.0,209.0,False,False,False,False,False,False
2446,H31859,H,299.2,308.7,37.080992435478315,55.1,78.0,False,False,False,False,False,False
7564,M22423,M,300.4,311.2,42.790185790669334,23.4,133.0,False,False,False,False,False,False
9404,L56583,L,297.7,308.1,41.19465984809196,29.1,179.0,False,False,False,False,False,False
9648,L56827,L,299.2,310.2,38.18376618407357,47.0,183.0,False,False,False,False,False,False
471,H29884,H,297.3,308.8,38.71692136521188,44.2,134.0,False,False,False,False,False,False
8542,L55721,L,298.5,309.5,41.689327171351664,25.2,49.0,False,False,False,False,False,False
7956,M22815,M,300.9,311.9,36.193922141707716,56.1,35.0,False,False,False,False,False,False
8838,M23697,M,297.5,309.1,39.242833740697165,38.5,176.0,False,False,False,False,False,False
5051,H34464,H,304.0,313.0,41.24318125460256,30.4,171.0,False,False,False,False,False,False
9354,L56533,L,298.2,308.8,36.6742416417845,44.3,37.0,False,False,False,False,False,False
360,M15219,M,300.1,308.3,39.585350825778974,34.6,71.0,False,False,False,False,False,False
9362,L56541,L,298.0,308.6,40.124805295477756,33.1,56.0,False,False,False,False,False,False
175,L47354,L,298.2,308.1,36.138621999185304,58.3,108.0,False,False,False,False,False,False
4928,M19787,M,303.5,312.3,39.28103868280471,33.3,71.0,False,False,False,False,False,False
9490,L56669,L,298.9,309.7,37.5099986670221,41.9,207.0,False,False,False,False,False,False
6708,L53887,L,300.1,310.6,39.44616584663204,39.0,72.0,False,False,False,False,False,False
3481,L50660,L,301.9,310.8,37.416573867739416,58.2,79.0,False,False,False,False,False,False
5165,M20024,M,304.3,313.4,40.29888335921977,32.1,53.0,False,False,False,False,False,False
2870,L50049,L,300.8,310.1,38.97435053981015,35.8,14.0,False,False,False,False,False,False
3150,H32563,H,300.4,309.7,38.72983346207417,35.2,112.0,False,False,False,False,False,False
8341,M23200,M,298.8,309.7,38.47076812334269,38.1,157.0,False,False,False,False,False,False
4801,M19660,M,303.5,312.5,36.78314831549904,51.0,172.0,False,False,False,False,False,False
6067,L53246,L,301.0,311.0,42.473521163190604,25.8,174.0,False,False,False,False,False,False
724,M15583,M,297.4,308.9,38.72983346207417,46.3,137.0,False,False,False,False,False,False
8834,L56013,L,297.4,310.1,39.102429592034305,41.3,165.0,False,False,False,False,False,False
7004,L54183,L,300.5,310.6,39.242833740697165,46.7,206.0,False,False,False,False,False,False
2724,L49903,L,300.1,309.4,36.90528417449187,51.9,117.0,False,False,False,False,False,False
2528,L49707,L,298.8,308.5,38.07886552931954,50.8,57.0,False,False,False,False,False,False
1731,M16590,M,298.3,307.8,36.46916505762094,55.4,114.0,False,False,False,False,False,False
9276,L56455,L,298.2,308.7,40.06245124802026,29.4,47.0,False,False,False,False,False,False
4010,L51189,L,302.2,311.2,40.3732584763727,36.0,169.0,False,False,False,False,False,False
239,L47418,L,297.9,308.1,37.322915213043046,50.3,193.0,False,False,False,False,False,False
96,M14955,M,299.0,309.0,36.75595189897821,52.2,44.0,False,False,False,False,False,False
3577,L50756,L,301.6,310.4,39.98749804626441,41.7,116.0,False,False,False,False,False,False
8156,L55335,L,299.5,310.8,35.81898937714463,52.4,112.0,False,False,False,False,False,False
8663,L55842,L,297.5,308.6,38.91015291668744,36.9,134.0,False,False,False,False,False,False
8134,L55313,L,300.1,311.1,38.28837943815329,46.1,58.0,False,False,False,False,False,False
2516,L49695,L,298.8,308.5,38.600518131237564,35.0,29.0,False,False,False,False,False,False
8152,L55331,L,299.5,310.7,38.36665218650175,40.9,104.0,False,False,False,False,False,False
1083,H30496,H,300.1,307.9,37.68288736283355,39.8,192.0,False,False,False,False,False,False
8329,L55508,L,298.6,309.5,36.40054944640259,52.2,127.0,False,False,False,False,False,False
4680,L51859,L,303.6,311.8,41.1703777004778,30.7,90.0,False,False,False,False,False,False
9262,H38675,H,298.3,310.1,38.34057902536163,38.4,108.0,False,False,False,False,False,False
2045,L49224,L,299.3,309.1,38.34057902536163,41.1,118.0,False,False,False,False,False,False
5194,H34607,H,304.0,313.1,37.52332607858744,39.8,132.0,False,False,False,False,False,False
5601,L52780,L,302.8,312.1,38.561638969317684,36.6,84.0,False,False,False,False,False,False
3665,M18524,M,302.3,311.7,41.048751503547585,30.8,130.0,False,False,False,False,False,False
741,M15600,M,300.1,308.4,38.07886552931954,46.9,186.0,False,False,False,False,False,False
3217,L50396,L,300.5,309.5,40.65710270051225,27.6,62.0,False,False,False,False,False,False
9553,M24412,M,299.3,310.8,39.02563260217571,40.9,141.0,False,False,False,False,False,False
1603,H31016,H,300.1,307.9,40.0,33.5,13.0,False,False,False,False,False,False
3107,L50286,L,299.8,309.1,38.535697735995385,39.9,207.0,False,False,False,False,False,False
8893,L56072,L,297.6,308.8,38.40572873934304,43.0,119.0,False,False,False,False,False,False
9476,L56655,L,298.8,309.6,39.02563260217571,41.9,165.0,False,False,False,False,False,False
2233,L49412,L,299.5,308.6,40.890096600521744,30.5,177.0,False,False,False,False,False,False
7510,L54689,L,300.6,311.9,37.04051835490427,60.1,212.0,True,False,False,False,True,False
275,L47454,L,298.1,308.0,40.64480286580315,28.5,63.0,False,False,False,False,False,False
6869,L54048,L,301.0,311.2,36.91882988394946,46.3,62.0,False,False,False,False,False,False
8605,L55784,L,297.4,308.2,36.013886210738214,52.1,211.0,False,False,False,False,False,False
5200,L52379,L,300.1,310.1,38.768543949960254,40.0,154.0,False,False,False,False,False,False
5954,M20813,M,300.7,310.9,38.54867053479276,38.9,106.0,False,False,False,False,False,False
8347,L55526,L,298.7,309.7,40.01249804748511,35.7,176.0,False,False,False,False,False,False
2047,L49226,L,300.1,309.1,37.255872020394314,45.5,123.0,False,False,False,False,False,False
8960,L56139,L,297.3,308.0,37.68288736283355,46.5,73.0,False,False,False,False,False,False
1608,L48787,L,300.1,307.8,37.57658845611187,48.3,27.0,False,False,False,False,False,False
9114,L56293,L,297.6,308.6,41.7612260356422,28.5,42.0,False,False,False,False,False,False
7003,H36416,H,300.5,310.6,37.5632799419859,47.2,201.0,False,False,False,False,False,False
2937,M17796,M,300.9,309.7,37.33630940518894,48.8,192.0,False,False,False,False,False,False
4376,L51555,L,302.0,309.7,37.603191353926334,36.3,209.0,False,False,False,False,False,False
1260,M16119,M,297.5,308.9,35.77708763999664,48.5,19.0,False,False,False,False,False,False
9486,L56665,L,300.1,309.6,39.8622628559895,34.2,197.0,False,False,False,False,False,False
3666,M18525,M,302.4,311.8,36.851051545376556,50.6,133.0,False,False,False,False,False,False
7787,L54966,L,300.3,311.5,38.28837943815329,46.2,62.0,False,False,False,False,False,False
5799,L52978,L,301.5,310.9,40.0,39.0,160.0,False,False,False,False,False,False
4116,H33529,H,302.0,310.1,36.68787265568828,54.7,196.0,False,False,False,False,False,False
3113,M17972,M,299.8,309.1,36.810324638611924,56.7,108.0,False,False,False,False,False,False
4180,L51359,L,302.4,310.9,36.72873534441391,46.1,148.0,True,False,True,False,False,False
7517,M22376,M,300.3,311.7,35.156791662493895,57.5,12.0,False,False,False,False,False,False
527,L47706,L,297.6,309.5,37.05401462729781,50.6,55.0,False,False,False,False,False,False
5997,M20856,M,300.5,310.2,37.22902093797257,48.2,225.0,False,False,False,False,False,False
3777,L50956,L,302.5,311.1,39.21734310225516,36.8,108.0,False,False,False,False,False,False
8295,M23154,M,298.9,310.5,39.05124837953327,38.5,27.0,False,False,False,False,False,False
2859,L50038,L,300.5,309.3,37.64306044943742,51.5,231.0,True,False,False,False,True,False
9911,L57090,L,298.6,310.1,38.3275357934736,46.0,4.0,False,False,False,False,False,False
1277,M16136,M,300.1,309.4,41.14608122288197,34.4,73.0,False,False,False,False,False,False
3038,L50217,L,300.5,309.7,43.439613257946945,24.3,28.0,False,False,False,False,False,False
8265,M23124,M,299.1,310.1,37.376463182061514,49.5,165.0,False,False,False,False,False,False
3413,L50592,L,301.3,310.3,36.235341863986875,55.6,127.0,False,False,False,False,False,False
1352,L48531,L,300.1,310.1,39.05124837953327,43.7,108.0,False,False,False,False,False,False
5421,L52600,L,302.6,312.3,38.88444419044716,34.2,44.0,False,False,False,False,False,False
941,L48120,L,295.6,306.2,37.986839826445156,48.9,33.0,False,False,False,False,False,False
6423,L53602,L,300.3,309.9,37.107950630558946,55.3,4.0,False,False,False,False,False,False
3181,M18040,M,300.2,309.4,37.8549864614954,48.8,191.0,False,False,False,False,False,False
2513,L49692,L,298.9,308.8,39.11521443121589,38.3,23.0,False,False,False,False,False,False
6835,L54014,L,301.1,311.0,37.12142238654117,51.1,190.0,False,False,False,False,False,False
2967,L50146,L,300.6,309.3,40.01249804748511,40.2,69.0,False,False,False,False,False,False
9397,L56576,L,297.8,308.3,38.704004960727254,47.3,160.0,False,False,False,False,False,False
1485,M16344,M,298.0,310.1,39.52214569073901,39.2,155.0,False,False,False,False,False,False
6457,L53636,L,300.7,310.2,37.242448899072144,50.6,83.0,False,False,False,False,False,False
970,L48149,L,295.9,306.6,37.57658845611187,41.0,109.0,False,False,False,False,False,False
1144,L48323,L,300.1,310.1,38.45776904605882,39.2,151.0,False,False,False,False,False,False
2688,L49867,L,299.9,309.4,36.71511950137164,52.8,31.0,False,False,False,False,False,False
352,M15211,M,297.6,308.4,40.13726448077895,31.0,48.0,False,False,False,False,False,False
2125,L49304,L,299.2,308.9,37.815340802378074,39.1,117.0,False,False,False,False,False,False
253,L47432,L,298.0,308.2,40.24922359499622,35.8,5.0,False,False,False,False,False,False
6836,L54015,L,301.0,310.9,42.532340636273474,25.7,192.0,False,False,False,False,False,False
5257,L52436,L,300.1,313.0,37.322915213043046,51.6,80.0,False,False,False,False,False,False
8604,H38017,H,297.3,310.1,37.20215047547655,49.1,206.0,False,False,False,False,False,False
1806,H31219,H,298.1,307.7,37.094473981982816,56.2,113.0,False,False,False,False,False,False
7949,L55128,L,300.8,311.7,38.45776904605882,39.4,18.0,False,False,False,False,False,False
4164,L51343,L,302.1,310.5,41.182520563948,30.9,107.0,False,False,False,False,False,False
7152,H36565,H,300.2,310.1,43.657759905886145,22.9,165.0,False,False,False,False,False,False
70,L47249,L,298.9,309.0,37.54996671103717,65.7,191.0,True,False,False,True,True,False
7785,L54964,L,300.3,310.1,37.456641600656084,60.1,58.0,False,False,False,False,False,False
5023,L52202,L,304.0,313.1,37.469987990390386,47.1,90.0,False,False,False,False,False,False
6292,M21151,M,301.1,310.5,39.331920878594275,35.8,81.0,False,False,False,False,False,False
7593,M22452,M,300.5,311.2,39.382737335030434,36.6,205.0,False,False,False,False,False,False
2673,L49852,L,299.7,309.3,38.01315561749642,42.6,0.0,False,False,False,False,False,False
5349,L52528,L,303.3,312.6,40.28647415696737,34.6,102.0,False,False,False,False,False,False
7007,H36420,H,300.6,310.6,37.66961640367472,39.6,3.0,False,False,False,False,False,False
8527,L55706,L,298.3,309.3,37.429934544425805,51.9,14.0,False,False,False,False,False,False
3988,M18847,M,302.3,311.3,38.0,43.1,115.0,False,False,False,False,False,False
88,L47267,L,299.0,309.0,39.293765408777,31.8,108.0,False,False,False,False,False,False
7198,L54377,L,300.0,310.0,38.54867053479276,41.8,69.0,False,False,False,False,False,False
7468,H36881,H,300.3,311.6,38.24918299781056,41.6,102.0,False,False,False,False,False,False
8791,L55970,L,297.4,308.5,37.54996671103717,43.9,47.0,False,False,False,False,False,False
2373,M17232,M,299.3,308.5,37.469987990390386,49.4,93.0,False,False,False,False,False,False
9224,L56403,L,297.9,309.0,37.17526059088221,43.9,116.0,False,False,False,False,False,False
6445,M21304,M,300.8,310.3,35.63705936241092,61.0,54.0,False,False,False,False,False,False
6769,H36182,H,301.3,310.8,37.86819245752297,39.5,108.0,False,False,False,False,False,False
4461,L51640,L,302.6,310.5,39.949968710876355,32.8,193.0,False,False,False,False,False,False
6888,L54067,L,300.8,311.3,42.21374183841087,26.9,116.0,False,False,False,False,False,False
3546,L50725,L,301.8,310.8,39.698866482558415,38.6,38.0,False,False,False,False,False,False
5511,L52690,L,302.8,312.1,37.656340767525464,51.4,54.0,False,False,False,False,False,False
3770,M18629,M,302.2,311.0,37.89459064299283,47.0,187.0,False,False,False,False,False,False
2305,L49484,L,300.1,308.5,38.144462245521304,39.8,145.0,False,False,False,False,False,False
5089,L52268,L,304.0,313.1,38.27531841800928,41.0,69.0,False,False,False,False,False,False
8479,M23338,M,298.5,309.7,36.796738985948195,60.8,96.0,False,False,False,False,False,False
9099,L56278,L,297.3,308.1,38.31448812133603,49.8,0.0,False,False,False,False,False,False
1124,H30537,H,296.6,310.1,37.22902093797257,62.3,100.0,True,False,False,True,False,False
7677,L54856,L,300.1,311.7,38.05259518088089,49.1,206.0,False,False,False,False,False,False
7552,M22411,M,300.2,311.3,38.61346915261564,37.3,102.0,False,False,False,False,False,False
1337,L48516,L,298.9,310.3,39.786932528155525,32.6,230.0,False,False,False,False,False,False
9930,H39343,H,298.4,308.4,38.45776904605882,39.2,58.0,False,False,False,False,False,False
5665,M20524,M,302.2,311.4,39.230090491866065,35.1,24.0,False,False,False,False,False,False
6927,H36340,H,301.1,311.6,37.64306044943742,53.4,0.0,False,False,False,False,False,False
4399,M19258,M,302.3,310.1,39.534794801541594,37.8,31.0,False,False,False,False,False,False
7796,H37209,H,300.1,311.6,40.91454509095757,29.6,85.0,False,False,False,False,False,False
3384,H32797,H,301.4,310.6,40.91454509095757,33.6,49.0,False,False,False,False,False,False
3179,M18038,M,300.2,309.4,36.45545226711637,53.6,186.0,False,False,False,False,False,False
5317,M20176,M,303.6,312.8,41.09744517606904,33.1,16.0,False,False,False,False,False,False
2142,M17001,M,299.3,308.9,39.71145930332956,34.9,160.0,False,False,False,False,False,False
9054,M23913,M,297.4,308.5,40.47221268969612,32.2,84.0,False,False,False,False,False,False
5600,M20459,M,302.7,310.1,40.64480286580315,31.0,81.0,False,False,False,False,False,False
2820,L49999,L,300.2,309.5,36.823905279043935,51.1,133.0,False,False,False,False,False,False
1025,L48204,L,296.2,307.3,41.36423575989287,29.9,42.0,False,False,False,False,False,False
9321,L56500,L,298.4,309.3,37.53664875824692,43.1,166.0,False,False,False,False,False,False
1202,L48381,L,296.9,308.0,40.718546143004666,41.0,74.0,False,False,False,False,False,False
837,L48016,L,296.6,310.1,36.98648401781386,45.1,185.0,False,False,False,False,False,False
9448,M24307,M,300.1,308.9,36.373066958946424,51.7,88.0,False,False,False,False,False,False
2664,L49843,L,299.9,309.3,40.24922359499622,31.1,196.0,False,False,False,False,False,False
3132,L50311,L,300.1,310.1,40.74309757492672,32.7,57.0,False,False,False,False,False,False
2372,L49551,L,299.3,308.5,37.53664875824692,44.8,91.0,False,False,False,False,False,False
2273,M17132,M,300.1,308.6,38.05259518088089,52.1,71.0,False,False,False,False,False,False
5001,L52180,L,303.7,312.8,42.80186911806539,23.6,35.0,False,False,False,False,False,False
6549,L53728,L,301.4,310.8,42.07136793592526,24.1,108.0,False,False,False,False,False,False
3306,M18165,M,301.3,310.4,39.71145930332956,48.3,78.0,False,False,False,False,False,False
5154,L52333,L,304.2,313.4,40.54626986542659,31.7,23.0,False,False,False,False,False,False
7466,M22325,M,300.1,311.4,37.282703764614496,52.1,94.0,False,False,False,False,False,False
9369,L56548,L,297.7,308.4,38.8587184554509,38.6,72.0,False,False,False,False,False,False
5963,L53142,L,300.5,310.8,41.569219381653056,26.3,125.0,False,False,False,False,False,False
1930,M16789,M,298.0,307.8,38.50973902793941,50.9,26.0,False,False,False,False,False,False
2362,M17221,M,299.2,308.6,40.38564101261734,35.4,64.0,False,False,False,False,False,False
2784,M17643,M,300.2,309.6,39.08964057138413,35.1,44.0,False,False,False,False,False,False
2769,L49948,L,300.0,309.5,40.92676385936225,30.2,11.0,False,False,False,False,False,False
2223,L49402,L,299.7,309.0,40.06245124802026,33.0,108.0,False,False,False,False,False,False
4610,L51789,L,303.0,311.2,38.157568056677825,44.0,142.0,False,False,False,False,False,False
6143,L53322,L,300.9,310.9,41.892720131306824,27.9,148.0,False,False,False,False,False,False
3483,L50662,L,301.9,310.8,39.242833740697165,37.6,83.0,False,False,False,False,False,False
97,M14956,M,299.0,309.0,39.68626966596886,35.3,47.0,False,False,False,False,False,False
1106,M15965,M,296.6,310.1,41.641325627314025,27.0,50.0,False,False,False,False,False,False
5032,M19891,M,303.8,313.0,38.91015291668744,45.0,113.0,False,False,False,False,False,False
6911,L54090,L,300.8,311.2,37.86819245752297,45.6,174.0,False,False,False,False,False,False
8636,L55815,L,300.1,308.3,41.27953488110059,27.3,65.0,False,False,False,False,False,False
4807,H34220,H,303.6,312.5,37.080992435478315,54.0,186.0,False,False,False,False,False,False
7395,L54574,L,299.7,310.6,38.45776904605882,38.0,137.0,False,False,False,False,False,False
8775,M23634,M,297.6,308.7,37.52332607858744,51.5,108.0,False,False,False,False,False,False
6348,L53527,L,300.2,309.7,37.69615364994153,44.6,17.0,False,False,False,False,False,False
9525,H38938,H,299.0,310.3,40.718546143004666,27.6,69.0,False,False,False,False,False,False
4674,L51853,L,303.4,311.5,38.742741255621034,36.2,69.0,False,False,False,False,False,False
5301,M20160,M,303.8,313.2,41.352146256270665,26.5,190.0,False,False,False,False,False,False
5275,L52454,L,303.6,313.0,40.2119385257662,30.9,122.0,False,False,False,False,False,False
9402,M24261,M,297.7,310.1,41.47288270665544,25.6,174.0,False,False,False,False,False,False
3285,H32698,H,301.2,309.9,36.90528417449187,50.7,25.0,False,False,False,False,False,False
7535,L54714,L,300.0,311.2,37.656340767525464,47.3,60.0,False,False,False,False,False,False
3092,L50271,L,300.0,309.3,39.4715087119811,29.7,168.0,False,False,False,False,False,False
5465,M20324,M,302.9,312.4,40.7308237088326,33.1,152.0,False,False,False,False,False,False
8106,L55285,L,300.1,311.9,38.41874542459709,48.7,189.0,False,False,False,False,False,False
3201,M18060,M,300.1,309.2,38.13135192987524,44.4,19.0,False,False,False,False,False,False
2890,M17749,M,300.1,309.7,39.02563260217571,38.2,73.0,False,False,False,False,False,False
7970,L55149,L,300.9,312.1,41.36423575989287,28.8,74.0,False,False,False,False,False,False
7984,L55163,L,301.0,312.2,40.01249804748511,33.0,109.0,False,False,False,False,False,False
278,H29691,H,298.0,308.0,38.45776904605882,50.7,70.0,False,False,False,False,False,False
1373,M16232,M,298.8,310.3,39.66106403010388,41.8,108.0,False,False,False,False,False,False
3504,L50683,L,301.7,310.8,38.63935817272331,47.6,145.0,False,False,False,False,False,False
7966,L55145,L,301.1,312.3,38.262252939417984,35.3,65.0,False,False,False,False,False,False
4289,M19148,M,301.7,310.0,37.296112397943034,50.6,195.0,False,False,False,False,False,False
1615,M16474,M,300.1,307.9,42.44997055358225,25.8,43.0,False,False,False,False,False,False
66,L47245,L,299.0,309.1,37.33630940518894,45.1,179.0,False,False,False,False,False,False
3207,M18066,M,300.1,309.0,40.149719799769464,33.0,34.0,False,False,False,False,False,False
9511,M24370,M,299.2,310.4,38.781438859330635,43.3,37.0,False,False,False,False,False,False
3789,L50968,L,302.3,310.8,38.87158345115362,48.1,24.0,False,False,False,False,False,False
5412,L52591,L,302.8,312.6,38.23610858861032,39.4,22.0,False,False,False,False,False,False
5321,L52500,L,303.4,312.7,36.91882988394946,45.5,26.0,False,False,False,False,False,False
4107,L51286,L,301.9,310.5,37.749172176353746,51.1,173.0,False,False,False,False,False,False
9323,M24182,M,298.5,309.3,38.88444419044716,38.1,170.0,False,False,False,False,False,False
7612,L54791,L,300.5,311.4,40.13726448077895,32.7,44.0,False,False,False,False,False,False
6664,L53843,L,301.3,310.4,38.781438859330635,47.2,193.0,False,False,False,False,False,False
9835,M24694,M,298.3,309.1,40.39801975344831,32.7,0.0,False,False,False,False,False,False
2971,M17830,M,300.6,309.4,38.1051177665153,39.4,78.0,False,False,False,False,False,False
812,L47991,L,296.8,307.6,39.84971769034255,37.6,126.0,False,False,False,False,False,False
366,L47545,L,297.6,308.4,36.78314831549904,57.5,88.0,False,False,False,False,False,False
2465,M17324,M,298.9,308.5,39.16631205513228,42.9,121.0,False,False,False,False,False,False
6527,L53706,L,301.2,310.4,38.92300091205713,38.4,51.0,False,False,False,False,False,False
4647,L51826,L,303.3,311.4,38.691084244306204,46.0,234.0,True,True,False,False,False,False
8728,L55907,L,297.2,308.7,38.742741255621034,38.5,86.0,False,False,False,False,False,False
5081,L52260,L,304.2,313.3,37.54996671103717,51.6,47.0,False,False,False,False,False,False
7601,M22460,M,300.4,311.0,39.93745109543172,35.4,15.0,False,False,False,False,False,False
538,H29951,H,297.4,309.3,38.93584466786357,43.0,83.0,False,False,False,False,False,False
8595,L55774,L,297.4,308.0,36.823905279043935,51.9,184.0,False,False,False,False,False,False
7166,L54345,L,300.2,310.1,37.30951621235526,47.9,201.0,False,False,False,False,False,False
6877,L54056,L,300.8,311.2,37.815340802378074,54.4,85.0,False,False,False,False,False,False
1898,L49077,L,297.8,307.4,37.656340767525464,41.2,155.0,False,False,False,False,False,False
8639,L55818,L,297.6,308.5,39.64845520319802,35.9,71.0,False,False,False,False,False,False
2823,L50002,L,300.3,309.6,39.91240408695021,38.1,140.0,False,False,False,False,False,False
9266,M24125,M,298.3,308.9,37.282703764614496,49.7,23.0,False,False,False,False,False,False
20,M14879,M,298.9,309.3,40.39801975344831,32.5,55.0,False,False,False,False,False,False
4559,L51738,L,302.7,310.7,37.0,47.5,11.0,True,False,True,False,False,False
2910,L50089,L,300.7,309.6,38.72983346207417,44.1,122.0,False,False,False,False,False,False
2139,L49318,L,299.3,309.0,41.641325627314025,30.6,154.0,False,False,False,False,False,False
4665,M19524,M,300.1,311.3,39.57271787481876,46.1,41.0,False,False,False,False,False,False
9647,L56826,L,299.4,310.4,39.774363602702685,31.7,108.0,False,False,False,False,False,False
4999,M19858,M,303.6,312.8,42.720018726587654,25.2,29.0,False,False,False,False,False,False
3817,L50996,L,302.1,310.6,38.19685850956856,47.6,93.0,False,False,False,False,False,False
9992,M24851,M,300.1,308.4,42.74342054632502,26.1,5.0,False,False,False,False,False,False
3052,L50231,L,300.2,309.3,36.959437225152655,49.3,59.0,False,False,False,False,False,False
2644,M17503,M,299.8,309.4,37.429934544425805,48.1,143.0,False,False,False,False,False,False
3706,M18565,M,300.1,310.1,41.53311931459037,27.7,23.0,False,False,False,False,False,False
1193,M16052,M,297.2,308.3,37.82856063875548,43.7,46.0,False,False,False,False,False,False
8313,M23172,M,298.8,310.1,39.102429592034305,38.5,77.0,False,False,False,False,False,False
1778,H31191,H,300.1,308.2,39.433488306260706,36.8,36.0,False,False,False,False,False,False
3041,L50220,L,300.3,309.5,38.39270764090493,38.7,35.0,False,False,False,False,False,False
7909,L55088,L,300.7,312.3,41.41255848169731,26.8,146.0,False,False,False,False,False,False
5784,H35197,H,301.8,310.1,39.28103868280471,36.4,120.0,False,False,False,False,False,False
3316,M18175,M,301.5,310.6,38.62641583165593,43.0,100.0,False,False,False,False,False,False
8249,L55428,L,300.1,310.3,38.157568056677825,44.1,118.0,False,False,False,False,False,False
8023,L55202,L,300.9,312.0,37.960505792204614,43.8,210.0,False,False,False,False,False,False
8045,L55224,L,300.7,310.1,37.960505792204614,38.1,34.0,False,False,False,False,False,False
7603,L54782,L,300.4,311.2,41.291645644125154,28.7,20.0,False,False,False,False,False,False
3657,M18516,M,302.1,311.5,37.1887079635741,53.6,108.0,False,False,False,False,False,False
2348,L49527,L,300.1,308.3,37.54996671103717,43.0,108.0,False,False,False,False,False,False
1634,L48813,L,297.9,307.9,38.41874542459709,45.2,91.0,False,False,False,False,False,False
4366,L51545,L,302.0,310.0,38.06573262134856,48.8,181.0,False,False,False,False,False,False
4917,H34330,H,303.4,310.1,42.05948168962618,27.9,40.0,False,False,False,False,False,False
814,L47993,L,296.8,307.6,38.897300677553446,40.0,130.0,False,False,False,False,False,False
4305,L51484,L,301.6,310.1,41.15823125451335,26.3,14.0,False,False,False,False,False,False
985,L48164,L,296.3,307.1,37.66961640367472,48.6,142.0,False,False,False,False,False,False
9549,L56728,L,299.6,311.1,39.0,37.2,131.0,False,False,False,False,False,False
3915,L51094,L,302.5,311.5,38.63935817272331,35.1,108.0,False,False,False,False,False,False
2775,L49954,L,300.1,309.4,39.48417404479927,39.7,24.0,False,False,False,False,False,False
9213,L56392,L,298.0,308.9,37.282703764614496,53.9,88.0,False,False,False,False,False,False
6047,L53226,L,300.9,311.0,36.27671429443411,56.5,120.0,False,False,False,False,False,False
6278,L53457,L,301.2,310.8,38.22302970723278,40.6,47.0,False,False,False,False,False,False
5052,L52231,L,303.9,313.0,38.47076812334269,39.9,176.0,False,False,False,False,False,False
3932,M18791,M,302.7,310.1,42.23742416388575,25.1,177.0,False,False,False,False,False,False
25,M14884,M,299.0,309.4,39.50949253027682,37.3,70.0,False,False,False,False,False,False
5250,M20109,M,303.4,312.9,37.70941526992961,39.9,108.0,False,False,False,False,False,False
5734,L52913,L,302.3,311.8,38.561638969317684,43.2,206.0,False,False,False,False,False,False
3160,H32573,H,300.4,309.8,37.53664875824692,47.5,138.0,False,False,False,False,False,False
2431,M17290,M,298.9,308.2,36.53765181289022,47.8,40.0,False,False,False,False,False,False
2875,L50054,L,300.1,309.5,38.353617821530214,49.6,29.0,False,False,False,False,False,False
6023,L53202,L,300.7,310.9,39.0,39.4,61.0,False,False,False,False,False,False
907,M15766,M,295.6,306.1,38.23610858861032,49.2,158.0,False,False,False,False,False,False
909,M15768,M,295.5,306.1,42.68489194082609,24.3,164.0,False,False,False,False,False,False
5613,L52792,L,303.0,312.3,38.54867053479276,42.4,112.0,False,False,False,False,False,False
2066,L49245,L,299.7,309.6,37.66961640367472,45.1,170.0,False,False,False,False,False,False
9079,L56258,L,297.3,308.1,39.57271787481876,35.7,156.0,False,False,False,False,False,False
1926,L49105,L,297.9,307.7,39.20459156782532,37.7,15.0,False,False,False,False,False,False
6929,L54108,L,301.1,311.7,42.61455150532503,24.5,7.0,False,False,False,False,False,False
9832,L57011,L,298.4,309.3,39.26830783214372,35.4,108.0,False,False,False,False,False,False
9561,L56740,L,299.6,310.9,38.561638969317684,42.5,164.0,False,False,False,False,False,False
5240,L52419,L,303.7,313.0,41.86884283091664,29.0,42.0,False,False,False,False,False,False
1791,L48970,L,298.2,307.9,42.9767378938886,23.6,69.0,False,False,False,False,False,False
729,M15588,M,297.4,308.7,37.749172176353746,50.3,152.0,False,False,False,False,False,False
5047,M19906,M,304.1,313.2,37.54996671103717,42.4,155.0,False,False,False,False,False,False
5097,H34510,H,304.2,310.1,40.33608806019741,32.2,91.0,False,False,False,False,False,False
1699,L48878,L,300.1,307.6,38.48376280978771,38.0,40.0,False,False,False,False,False,False
1947,L49126,L,298.2,308.1,40.27406113120453,34.9,67.0,False,False,False,False,False,False
1077,L48256,L,296.9,307.7,40.65710270051225,35.9,177.0,False,False,False,False,False,False
7383,L54562,L,299.8,310.4,41.20679555607303,28.3,103.0,False,False,False,False,False,False
6874,L54053,L,301.0,311.4,38.44476557348217,39.5,75.0,False,False,False,False,False,False
8012,L55191,L,300.8,311.8,37.77565353504821,43.3,180.0,False,False,False,False,False,False
4089,L51268,L,301.9,310.5,38.43175770115127,42.4,128.0,False,False,False,False,False,False
3115,M17974,M,299.9,309.2,41.02438299353203,30.5,13.0,False,False,False,False,False,False
6419,H35832,H,300.3,309.9,37.48332962798263,52.1,205.0,False,False,False,False,False,False
5573,L52752,L,302.4,312.0,39.30648801406709,36.4,12.0,False,False,False,False,False,False
6009,L53188,L,300.7,310.7,37.82856063875548,39.3,22.0,False,False,False,False,False,False
9963,L57142,L,298.2,307.9,37.8021163428716,49.4,141.0,False,False,False,False,False,False
5067,L52246,L,304.1,313.1,39.370039370059054,30.9,9.0,False,False,False,False,False,False
7276,L54455,L,300.2,310.3,38.91015291668744,38.7,48.0,False,False,False,False,False,False
4511,L51690,L,302.4,310.2,36.68787265568828,62.4,106.0,True,False,True,False,False,False
1536,L48715,L,300.1,308.8,39.761790704142086,36.1,73.0,False,False,False,False,False,False
6034,L53213,L,300.6,310.9,38.353617821530214,37.9,86.0,False,False,False,False,False,False
9862,M24721,M,298.7,309.6,42.42640687119285,24.8,78.0,False,False,False,False,False,False
6970,M21829,M,300.8,311.1,39.786932528155525,32.1,116.0,False,False,False,False,False,False
2899,M17758,M,300.6,309.5,39.370039370059054,40.2,96.0,False,False,False,False,False,False
5508,L52687,L,302.8,312.1,38.98717737923585,39.9,48.0,False,False,False,False,False,False
7991,M22850,M,301.1,312.4,42.532340636273474,25.1,126.0,False,False,False,False,False,False
9705,L56884,L,298.9,310.1,39.71145930332956,41.4,80.0,False,False,False,False,False,False
3690,L50869,L,302.1,311.4,43.46262762420146,22.7,108.0,False,False,False,False,False,False
4956,M19815,M,303.8,312.5,36.959437225152655,45.1,143.0,False,False,False,False,False,False
5296,L52475,L,303.8,313.2,36.55133376499413,47.8,176.0,False,False,False,False,False,False
6224,M21083,M,301.1,310.9,39.395431207184416,37.9,126.0,False,False,False,False,False,False
9957,M24816,M,298.2,307.8,39.72404813208241,34.5,127.0,False,False,False,False,False,False
2239,L49418,L,299.3,310.1,38.39270764090493,49.6,191.0,False,False,False,False,False,False
2840,M17699,M,300.4,309.4,36.90528417449187,42.1,182.0,False,False,False,False,False,False
7715,L54894,L,300.5,311.5,38.561638969317684,43.0,78.0,False,False,False,False,False,False
4265,M19124,M,302.6,311.0,39.26830783214372,39.7,141.0,False,False,False,False,False,False
8288,L55467,L,298.9,310.6,39.81205847478876,38.1,7.0,False,False,False,False,False,False
3276,H32689,H,300.1,310.0,39.14077158156185,36.3,2.0,False,False,False,False,False,False
3822,L51001,L,302.3,310.9,39.949968710876355,33.5,108.0,False,False,False,False,False,False
3496,M18355,M,301.9,311.0,37.20215047547655,47.4,121.0,False,False,False,False,False,False
8923,L56102,L,297.1,308.2,37.403208418530085,42.6,194.0,False,False,False,False,False,False
5359,H34772,H,303.3,312.6,42.74342054632502,24.2,132.0,False,False,False,False,False,False
3211,M18070,M,300.3,310.1,36.932370625238775,47.6,108.0,False,False,False,False,False,False
8933,L56112,L,297.4,308.4,38.39270764090493,43.6,4.0,False,False,False,False,False,False
7274,M22133,M,300.2,310.3,41.27953488110059,29.2,42.0,False,False,False,False,False,False
3815,M18674,M,302.1,310.6,36.41428291206625,59.1,88.0,True,False,True,False,False,False
7886,L55065,L,300.7,312.3,39.87480407475377,36.3,93.0,False,False,False,False,False,False
2982,H32395,H,300.4,309.4,39.11521443121589,40.4,112.0,False,False,False,False,False,False
3350,L50529,L,301.4,310.7,40.90232267243512,27.8,181.0,False,False,False,False,False,False
8588,M23447,M,297.4,307.9,40.33608806019741,34.3,108.0,False,False,False,False,False,False
4800,L51979,L,303.5,312.5,37.656340767525464,42.2,170.0,False,False,False,False,False,False
2501,L49680,L,300.1,308.9,40.2119385257662,32.3,223.0,False,False,False,False,False,False
4020,M18879,M,302.0,310.9,39.4715087119811,45.3,193.0,False,False,False,False,False,False
3678,M18537,M,302.3,311.7,36.98648401781386,53.6,165.0,False,False,False,False,False,False
9282,L56461,L,298.2,308.9,36.55133376499413,45.0,66.0,False,False,False,False,False,False
9672,L56851,L,299.0,310.2,37.57658845611187,44.1,246.0,False,False,False,False,False,False
6616,L53795,L,301.7,310.6,39.30648801406709,42.1,68.0,False,False,False,False,False,False
5263,L52442,L,303.4,312.8,38.06573262134856,43.9,94.0,False,False,False,False,False,False
1895,H31308,H,297.9,307.5,43.3589667773576,23.3,146.0,False,False,False,False,False,False
7749,L54928,L,300.4,310.1,38.92300091205713,47.4,170.0,False,False,False,False,False,False
951,L48130,L,295.6,306.2,37.73592452822641,42.5,58.0,False,False,False,False,False,False
5084,L52263,L,304.1,313.1,36.42801120017397,54.1,57.0,False,False,False,False,False,False
3117,L50296,L,300.0,309.2,39.57271787481876,34.4,18.0,False,False,False,False,False,False
2564,L49743,L,300.1,309.1,38.67815921162743,37.2,149.0,False,False,False,False,False,False
1233,L48412,L,297.2,308.6,38.72983346207417,37.1,161.0,False,False,False,False,False,False
2795,L49974,L,300.4,309.6,39.408120990476064,43.9,75.0,False,False,False,False,False,False
9313,H38726,H,298.5,309.4,39.66106403010388,33.6,143.0,False,False,False,False,False,False
8526,L55705,L,298.3,309.4,37.12142238654117,52.3,12.0,False,False,False,False,False,False
4848,L52027,L,303.4,311.9,37.86819245752297,44.6,78.0,False,False,False,False,False,False
7679,M22538,M,300.6,311.7,37.26929030716845,52.1,210.0,False,False,False,False,False,False
5279,M20138,M,303.5,312.9,40.22437072223753,30.4,130.0,False,False,False,False,False,False
3912,M18771,M,300.1,311.3,36.59234892706397,50.8,123.0,False,False,False,False,False,False
847,M15706,M,296.4,307.4,37.62977544445356,50.0,210.0,False,False,False,False,False,False
6804,M21663,M,301.1,310.7,36.9729630946723,43.4,111.0,False,False,False,False,False,False
7482,H36895,H,300.2,311.4,38.80721582386451,36.1,141.0,False,False,False,False,False,False
2497,M17356,M,299.2,308.9,39.66106403010388,37.4,212.0,False,False,False,False,False,False
581,M15440,M,297.8,309.8,42.40283009422838,25.5,203.0,False,False,False,False,False,False
8721,L55900,L,297.3,308.8,39.42080668885405,36.1,70.0,False,False,False,False,False,False
2901,L50080,L,300.5,309.3,39.67366884975475,33.5,101.0,False,False,False,False,False,False
7642,M22501,M,300.4,311.4,36.76955262170047,57.3,116.0,False,False,False,False,False,False
8232,L55411,L,299.1,310.5,37.66961640367472,48.8,76.0,False,False,False,False,False,False
147,H29560,H,298.5,308.4,40.149719799769464,36.1,174.0,False,False,False,False,False,False
6450,L53629,L,300.6,310.2,38.97435053981015,44.6,69.0,False,False,False,False,False,False
353,M15212,M,297.6,308.4,38.82009788756334,46.0,51.0,False,False,False,False,False,False
2544,L49723,L,299.3,309.0,42.261093218230876,23.5,100.0,False,False,False,False,False,False
5120,L52299,L,304.2,310.1,37.5632799419859,46.0,149.0,False,False,False,False,False,False
3278,L50457,L,301.3,310.1,39.1279950930277,41.6,9.0,False,False,False,False,False,False
3600,H33013,H,301.7,310.5,37.255872020394314,50.5,176.0,False,False,False,False,False,False
9522,M24381,M,298.9,310.1,38.52272056851645,40.4,61.0,False,False,False,False,False,False
9820,M24679,M,298.6,309.4,38.262252939417984,36.9,179.0,False,False,False,False,False,False
2415,L49594,L,299.1,310.1,37.61648574760805,43.4,0.0,False,False,False,False,False,False
3637,L50816,L,302.2,311.4,38.06573262134856,46.5,60.0,False,False,False,False,False,False
7707,L54886,L,300.5,311.5,41.32795663954365,31.2,57.0,False,False,False,False,False,False
7945,L55124,L,300.8,310.1,37.603191353926334,49.0,10.0,False,False,False,False,False,False
7205,L54384,L,299.8,309.6,39.06404996924922,41.7,85.0,False,False,False,False,False,False
5934,L53113,L,300.5,310.5,37.05401462729781,47.4,56.0,False,False,False,False,False,False
4636,M19495,M,303.0,310.1,40.17461885320133,35.7,207.0,False,False,False,False,False,False
3194,L50373,L,300.0,309.1,37.429934544425805,44.5,0.0,False,False,False,False,False,False
6714,L53893,L,301.3,310.6,37.62977544445356,45.2,88.0,False,False,False,False,False,False
35,M14894,M,300.1,309.1,39.48417404479927,34.7,95.0,False,False,False,False,False,False
7518,L54697,L,300.3,311.7,38.01315561749642,47.3,15.0,False,False,False,False,False,False
4268,L51447,L,300.1,311.0,38.98717737923585,42.8,148.0,False,False,False,False,False,False
233,L47412,L,298.2,308.4,37.73592452822641,47.6,179.0,False,False,False,False,False,False
4015,L51194,L,302.1,311.0,41.71330722922842,30.8,182.0,False,False,False,False,False,False
2487,M17346,M,298.9,308.7,42.09513035969837,28.4,177.0,False,False,False,False,False,False
1869,L49048,L,298.3,308.0,36.89173349139343,56.9,81.0,False,False,False,False,False,False
6300,L53479,L,301.2,310.6,37.21558813185679,49.2,105.0,False,False,False,False,False,False
2861,H32274,H,300.6,309.4,38.24918299781056,49.2,235.0,False,False,False,False,False,False
9222,M24081,M,297.8,309.0,40.92676385936225,30.0,110.0,False,False,False,False,False,False
8145,M23004,M,299.7,311.0,38.80721582386451,42.7,85.0,False,False,False,False,False,False
1569,L48748,L,298.2,308.2,37.5099986670221,47.1,153.0,False,False,False,False,False,False
1132,L48311,L,296.8,307.9,38.58756276314948,33.4,123.0,False,False,False,False,False,False
1061,H30474,H,296.7,310.1,37.73592452822641,53.8,133.0,False,False,False,False,False,False
8066,M22925,M,300.5,311.9,40.8656334834051,26.3,89.0,False,False,False,False,False,False
3901,M18760,M,302.1,311.1,38.07886552931954,51.6,86.0,False,False,False,False,False,False
3006,L50185,L,300.5,309.9,38.768543949960254,37.4,175.0,False,False,False,False,False,False
2225,M17084,M,299.7,309.0,40.55859958134649,31.9,155.0,False,False,False,False,False,False
8414,M23273,M,298.6,309.7,37.70941526992961,49.7,139.0,False,False,False,False,False,False
121,L47300,L,298.9,308.7,37.8549864614954,44.7,108.0,False,False,False,False,False,False
1582,M16441,M,300.1,308.3,39.496835316262995,33.0,181.0,False,False,False,False,False,False
176,L47355,L,298.2,308.1,37.17526059088221,43.5,37.0,False,False,False,False,False,False
8553,L55732,L,298.2,309.1,38.301436004411116,44.5,80.0,False,False,False,False,False,False
335,M15194,M,297.5,308.1,38.3275357934736,44.8,5.0,False,False,False,False,False,False
9298,M24157,M,300.1,308.9,38.45776904605882,43.4,105.0,False,False,False,False,False,False
716,L47895,L,297.4,308.6,36.38681079732051,59.1,118.0,False,False,False,False,False,False
4776,L51955,L,303.5,312.0,41.96427051671457,25.8,105.0,False,False,False,False,False,False
3592,M18451,M,300.1,310.5,38.18376618407357,41.4,153.0,False,False,False,False,False,False
5238,L52417,L,303.8,313.0,38.71692136521188,42.3,38.0,False,False,False,False,False,False
3711,L50890,L,302.2,311.5,38.58756276314948,38.3,35.0,False,False,False,False,False,False
7337,H36750,H,299.9,310.5,39.35733730830886,42.8,208.0,False,False,False,False,False,False
7425,M22284,M,300.1,311.4,39.68626966596886,29.8,210.0,False,False,False,False,False,False
9318,L56497,L,298.5,310.1,38.47076812334269,38.1,160.0,False,False,False,False,False,False
180,L47359,L,298.2,308.3,36.11094017053558,49.8,45.0,False,False,False,False,False,False
4443,L51622,L,302.5,310.2,39.534794801541594,34.8,150.0,False,False,False,False,False,False
3378,H32791,H,301.5,310.8,39.88734135035826,29.6,33.0,False,False,False,False,False,False
4579,L51758,L,303.0,311.2,40.50925820105819,32.6,63.0,False,False,False,False,False,False
442,H29855,H,297.5,308.5,37.322915213043046,46.6,56.0,False,False,False,False,False,False
801,M15660,M,297.0,307.9,43.382023926967726,24.2,97.0,False,False,False,False,False,False
1003,L48182,L,296.3,307.2,40.570925550201586,35.0,192.0,False,False,False,False,False,False
9244,L56423,L,298.3,308.8,38.13135192987524,49.0,166.0,False,False,False,False,False,False
3896,M18755,M,302.3,311.2,39.319206502675,40.0,71.0,False,False,False,False,False,False
7159,L54338,L,300.1,310.0,37.26929030716845,53.6,108.0,False,False,False,False,False,False
928,H30341,H,295.6,306.0,37.36308338453881,52.4,0.0,False,False,False,False,False,False
5819,L52998,L,301.3,311.0,39.230090491866065,36.9,206.0,False,False,False,False,False,False
6661,H36074,H,301.4,310.5,37.69615364994153,43.8,182.0,False,False,False,False,False,False
765,L47944,L,296.8,307.9,36.565010597564445,56.5,5.0,False,False,False,False,False,False
5785,M20644,M,301.8,311.1,37.403208418530085,41.8,125.0,False,False,False,False,False,False
5410,L52589,L,300.1,310.1,37.8549864614954,44.2,17.0,False,False,False,False,False,False
6713,H36126,H,300.1,310.7,38.93584466786357,36.4,108.0,False,False,False,False,False,False
2378,M17237,M,300.1,308.3,39.774363602702685,45.5,107.0,False,False,False,False,False,False
5442,M20301,M,303.0,312.6,37.30951621235526,42.9,94.0,False,False,False,False,False,False
291,L47470,L,298.1,310.1,37.92097045171708,45.6,105.0,False,False,False,False,False,False
8866,L56045,L,297.9,309.0,35.91656999213594,49.8,43.0,False,False,False,False,False,False
6587,L53766,L,300.1,310.6,38.118237105091836,44.0,208.0,False,False,False,False,False,False
362,L47541,L,300.1,308.3,39.949968710876355,36.8,77.0,False,False,False,False,False,False
307,L47486,L,297.8,308.4,37.067505985701274,47.1,150.0,False,False,False,False,False,False
1289,M16148,M,298.5,310.1,37.960505792204614,48.2,107.0,False,False,False,False,False,False
6521,M21380,M,301.2,310.1,40.8166632639171,34.9,37.0,False,False,False,False,False,False
4876,L52055,L,300.1,312.4,41.255302689472536,31.2,144.0,False,False,False,False,False,False
3519,L50698,L,301.9,311.0,37.094473981982816,44.9,186.0,False,False,False,False,False,False
1792,L48971,L,298.1,307.8,39.03844259188627,40.8,71.0,False,False,False,False,False,False
1104,M15963,M,296.7,307.4,39.242833740697165,38.7,45.0,False,False,False,False,False,False
2562,L49741,L,300.1,309.2,40.08740450565489,31.7,145.0,False,False,False,False,False,False
9912,M24771,M,298.6,309.0,38.48376280978771,40.8,6.0,False,False,False,False,False,False
371,M15230,M,300.1,308.3,40.27406113120453,37.2,103.0,False,False,False,False,False,False
5172,M20031,M,304.2,313.4,36.45545226711637,54.5,75.0,False,False,False,False,False,False
5147,L52326,L,304.4,313.6,39.81205847478876,38.9,9.0,False,False,False,False,False,False
8667,L55846,L,297.5,308.7,37.5099986670221,42.5,145.0,False,False,False,False,False,False
1846,L49025,L,300.1,307.2,38.0,40.0,17.0,False,False,False,False,False,False
3414,L50593,L,301.3,310.3,39.496835316262995,36.3,129.0,False,False,False,False,False,False
9573,M24432,M,299.7,310.8,37.48332962798263,47.6,192.0,False,False,False,False,False,False
2236,M17095,M,299.4,308.6,38.144462245521304,42.7,183.0,False,False,False,False,False,False
251,L47430,L,298.0,308.3,40.76763422127902,32.7,0.0,False,False,False,False,False,False
1052,L48231,L,296.6,307.7,39.44616584663204,37.7,110.0,False,False,False,False,False,False
5262,L52441,L,300.1,312.8,38.897300677553446,35.8,92.0,False,False,False,False,False,False
3238,M18097,M,300.9,309.5,41.92851058647326,26.8,116.0,False,False,False,False,False,False
2766,M17625,M,299.9,309.4,37.403208418530085,54.8,3.0,False,False,False,False,False,False
3535,M18394,M,302.0,310.1,42.05948168962618,26.0,10.0,False,False,False,False,False,False
4373,M19232,M,301.9,309.6,37.93415347678132,41.7,201.0,False,False,False,False,False,False
6327,L53506,L,300.6,310.0,38.144462245521304,40.4,172.0,False,False,False,False,False,False
3766,M18625,M,302.4,311.1,37.986839826445156,51.8,178.0,False,False,False,False,False,False
7872,L55051,L,300.6,312.2,36.16628264005025,54.7,52.0,False,False,False,False,False,False
9652,M24511,M,300.1,310.0,39.74921382870358,36.0,195.0,False,False,False,False,False,False
1345,L48524,L,298.5,310.1,42.532340636273474,28.9,20.0,False,False,False,False,False,False
8618,L55797,L,297.6,308.6,39.102429592034305,45.3,15.0,False,False,False,False,False,False
1434,L48613,L,298.8,309.8,36.91882988394946,44.0,25.0,False,False,False,False,False,False
642,L47821,L,297.9,309.5,37.282703764614496,47.9,127.0,False,False,False,False,False,False
4412,L51591,L,302.5,310.3,41.08527716834828,31.6,66.0,False,False,False,False,False,False
9744,L56923,L,298.9,310.2,39.52214569073901,42.5,179.0,False,False,False,False,False,False
6198,L53377,L,300.9,310.8,38.63935817272331,45.8,57.0,False,False,False,False,False,False
5208,M20067,M,303.8,312.7,38.57460304397182,41.3,175.0,False,False,False,False,False,False
2168,H31581,H,299.6,309.1,39.84971769034255,41.3,0.0,False,False,False,False,False,False
1609,L48788,L,297.8,307.7,37.322915213043046,38.0,29.0,False,False,False,False,False,False
9952,L57131,L,298.2,307.8,36.810324638611924,59.4,115.0,False,False,False,False,False,False
948,L48127,L,295.6,306.2,37.78888725538237,44.5,51.0,False,False,False,False,False,False
2335,L49514,L,299.2,308.4,38.01315561749642,43.5,224.0,False,False,False,False,False,False
989,H30402,H,296.3,310.1,42.118879377305376,25.9,154.0,False,False,False,False,False,False
6145,M21004,M,301.1,311.1,40.18706259482024,37.7,153.0,False,False,False,False,False,False
6568,M21427,M,301.3,310.6,38.71692136521188,36.1,163.0,False,False,False,False,False,False
2667,H32080,H,299.7,309.2,41.12177038990418,27.7,203.0,False,False,False,False,False,False
1562,L48741,L,298.2,308.4,37.255872020394314,53.8,137.0,False,False,False,False,False,False
7689,L54868,L,300.6,311.7,39.408120990476064,39.8,0.0,False,False,False,False,False,False
7988,H37401,H,301.0,312.2,38.58756276314948,40.3,117.0,False,False,False,False,False,False
8080,L55259,L,300.2,311.5,39.08964057138413,36.1,108.0,False,False,False,False,False,False
7505,L54684,L,300.4,311.8,39.8622628559895,42.0,201.0,False,False,False,False,False,False
339,L47518,L,297.5,308.2,39.534794801541594,38.2,15.0,False,False,False,False,False,False
7752,M22611,M,300.4,311.7,37.389838191679836,42.6,176.0,False,False,False,False,False,False
7294,L54473,L,300.1,310.5,40.33608806019741,29.2,95.0,False,False,False,False,False,False
3750,L50929,L,302.4,310.1,40.64480286580315,33.9,139.0,False,False,False,False,False,False
7103,M21962,M,300.8,310.3,38.65229618017538,42.2,35.0,False,False,False,False,False,False
1614,L48793,L,297.9,308.0,36.0,62.9,41.0,False,False,False,False,False,False
8289,M23148,M,298.8,310.6,40.496913462633174,33.8,9.0,False,False,False,False,False,False
4644,L51823,L,303.2,311.4,36.38681079732051,54.2,228.0,True,False,True,False,True,False
8352,M23211,M,298.7,309.6,41.060930335295616,26.2,189.0,False,False,False,False,False,False
8673,L55852,L,297.5,308.8,36.22154055254967,50.3,159.0,False,False,False,False,False,False
9069,H38482,H,297.1,308.2,42.30839160261236,30.3,128.0,False,False,False,False,False,False
3174,L50353,L,300.3,309.6,40.29888335921977,32.6,108.0,False,False,False,False,False,False
7358,L54537,L,299.6,310.1,38.561638969317684,42.9,42.0,False,False,False,False,False,False
8321,M23180,M,300.1,309.7,38.118237105091836,47.7,101.0,False,False,False,False,False,False
8585,L55764,L,297.4,307.9,37.282703764614496,47.7,108.0,False,False,False,False,False,False
4369,L51548,L,302.0,310.0,40.792156108742276,28.6,190.0,False,False,False,False,False,False
2780,L49959,L,300.1,309.5,36.78314831549904,50.9,34.0,False,False,False,False,False,False
8283,M23142,M,298.9,310.7,40.47221268969612,33.6,218.0,False,False,False,False,False,False
9550,M24409,M,299.6,311.1,40.607881008493905,33.8,133.0,False,False,False,False,False,False
691,H30104,H,297.6,309.0,37.589892258425,40.2,51.0,False,False,False,False,False,False
5744,M20603,M,302.2,310.1,37.134889255254286,42.9,13.0,False,False,False,False,False,False
1686,L48865,L,300.1,307.3,42.708313008125245,26.3,5.0,False,False,False,False,False,False
5748,L52927,L,302.1,311.5,39.153543900903784,39.4,26.0,False,False,False,False,False,False
6994,M21853,M,300.7,311.0,41.71330722922842,25.6,176.0,False,False,False,False,False,False
8354,L55533,L,300.1,309.6,37.97367509209505,55.6,194.0,False,False,False,False,False,False
1691,M16550,M,297.9,307.4,37.881393849751625,42.9,18.0,False,False,False,False,False,False
8071,M22930,M,300.5,312.0,43.2087954009366,23.0,108.0,False,False,False,False,False,False
9403,L56582,L,297.7,308.1,41.641325627314025,30.7,177.0,False,False,False,False,False,False
6513,M21372,M,301.1,310.0,37.8549864614954,48.1,14.0,False,False,False,False,False,False
7491,M22350,M,300.4,311.8,41.31585652022719,30.0,165.0,False,False,False,False,False,False
1718,L48897,L,298.2,307.6,37.0,54.5,82.0,False,False,False,False,False,False
8291,M23150,M,298.9,310.6,40.97560249709576,35.8,14.0,False,False,False,False,False,False
2394,L49573,L,299.2,308.5,39.293765408777,41.6,146.0,False,False,False,False,False,False
6545,M21404,M,301.4,310.7,38.34057902536163,46.5,101.0,False,False,False,False,False,False
594,L47773,L,297.5,310.1,36.22154055254967,50.7,0.0,False,False,False,False,False,False
369,L47548,L,297.5,308.4,38.58756276314948,39.5,96.0,False,False,False,False,False,False
6360,L53539,L,300.1,309.8,37.815340802378074,56.7,44.0,False,False,False,False,False,False
5791,M20650,M,301.7,311.2,39.534794801541594,34.5,139.0,False,False,False,False,False,False
3968,M18827,M,302.3,310.1,38.45776904605882,45.6,59.0,False,False,False,False,False,False
3189,M18048,M,300.1,309.2,37.92097045171708,51.0,211.0,False,False,False,False,False,False
4429,L51608,L,302.4,310.1,43.657759905886145,21.2,110.0,False,False,False,False,False,False
4438,L51617,L,302.4,310.2,39.72404813208241,31.2,139.0,False,False,False,False,False,False
2279,M17138,M,299.3,308.7,38.19685850956856,35.6,87.0,False,False,False,False,False,False
3431,H32844,H,301.6,310.6,42.67317658670374,26.2,171.0,False,False,False,False,False,False
4811,M19670,M,300.1,310.1,38.71692136521188,39.4,197.0,False,False,False,False,False,False
7561,M22420,M,300.3,311.3,37.107950630558946,53.8,125.0,False,False,False,False,False,False
677,H30090,H,297.9,309.2,39.71145930332956,34.7,5.0,False,False,False,False,False,False
8446,M23305,M,298.6,310.0,39.25557285278104,36.9,12.0,False,False,False,False,False,False
4320,M19179,M,300.1,310.2,37.5632799419859,45.1,54.0,False,False,False,False,False,False
4475,L51654,L,302.7,310.5,39.534794801541594,35.0,8.0,False,False,False,False,False,False
2155,M17014,M,299.3,310.1,42.035699113967404,24.8,196.0,False,False,False,False,False,False
1730,M16589,M,298.3,307.7,37.93415347678132,43.8,111.0,False,False,False,False,False,False
4743,L51922,L,303.3,310.1,39.89987468652001,33.7,14.0,False,False,False,False,False,False
5242,L52421,L,303.7,313.1,41.02438299353203,28.4,46.0,False,False,False,False,False,False
5273,M20132,M,303.6,313.0,37.36308338453881,38.2,117.0,False,False,False,False,False,False
3756,L50935,L,302.3,311.0,36.45545226711637,51.5,154.0,False,False,False,False,False,False
8105,L55284,L,300.3,311.9,41.13392760240627,31.5,187.0,False,False,False,False,False,False
344,L47523,L,297.5,308.3,37.255872020394314,48.6,27.0,False,False,False,False,False,False
7066,L54245,L,300.8,310.6,37.20215047547655,52.9,165.0,False,False,False,False,False,False
1908,L49087,L,297.9,307.6,38.781438859330635,42.4,180.0,False,False,False,False,False,False
4312,M19171,M,300.1,310.1,38.31448812133603,40.8,32.0,False,False,False,False,False,False
9899,L57078,L,298.7,309.2,37.36308338453881,44.8,178.0,False,False,False,False,False,False
6295,L53474,L,301.1,310.5,39.102429592034305,38.7,91.0,False,False,False,False,False,False
8645,M23504,M,297.6,308.5,37.986839826445156,38.2,85.0,False,False,False,False,False,False
8363,L55542,L,298.6,309.6,36.78314831549904,62.5,9.0,False,False,False,False,False,False
4861,M19720,M,303.6,310.1,38.781438859330635,49.5,109.0,False,False,False,False,False,False
7074,L54253,L,300.1,310.6,38.61346915261564,43.2,187.0,False,False,False,False,False,False
7718,L54897,L,300.5,311.6,36.945906403822335,53.0,85.0,False,False,False,False,False,False
3839,L51018,L,302.4,311.1,43.3589667773576,24.5,156.0,False,False,False,False,False,False
9163,M24022,M,297.6,310.1,38.84584919911006,39.7,166.0,False,False,False,False,False,False
6535,L53714,L,301.3,310.6,37.89459064299283,44.2,76.0,False,False,False,False,False,False
7854,L55033,L,300.1,311.7,36.29049462324811,56.5,7.0,False,False,False,False,False,False
8255,M23114,M,299.0,310.1,40.311288741492746,37.1,131.0,False,False,False,False,False,False
1195,M16054,M,297.0,308.1,38.82009788756334,43.1,51.0,False,False,False,False,False,False
6446,L53625,L,300.7,310.3,40.76763422127902,34.4,57.0,False,False,False,False,False,False
3292,M18151,M,301.2,310.1,38.45776904605882,45.5,44.0,False,False,False,False,False,False
3730,M18589,M,302.4,311.3,36.22154055254967,61.5,85.0,False,False,False,False,False,False
891,L48070,L,295.6,306.0,37.013511046643494,52.4,115.0,False,False,False,False,False,False
3153,M18012,M,300.5,309.8,38.379682124790975,42.3,121.0,False,False,False,False,False,False
5199,L52378,L,303.8,312.8,37.78888725538237,53.3,152.0,False,False,False,False,False,False
875,L48054,L,295.9,310.1,39.68626966596886,28.5,74.0,False,False,False,False,False,False
7602,L54781,L,300.4,311.2,36.75595189897821,62.0,18.0,False,False,False,False,False,False
5619,M20478,M,303.0,312.4,40.55859958134649,29.6,108.0,False,False,False,False,False,False
7107,L54286,L,300.8,310.5,38.49675310984031,39.0,47.0,False,False,False,False,False,False
3297,M18156,M,301.2,310.3,37.134889255254286,43.2,56.0,False,False,False,False,False,False
9768,L56947,L,298.6,309.6,39.534794801541594,35.0,21.0,False,False,False,False,False,False
4122,M18981,M,302.1,310.7,36.932370625238775,47.8,213.0,True,False,True,False,False,False
5063,L52242,L,304.0,312.9,36.235341863986875,53.9,202.0,False,False,False,False,False,False
954,L48133,L,295.5,310.1,40.620192023179804,32.8,67.0,False,False,False,False,False,False
6577,L53756,L,301.5,310.5,40.54626986542659,34.9,186.0,False,False,False,False,False,False
1495,M16354,M,298.0,310.1,37.107950630558946,48.5,181.0,False,False,False,False,False,False
6695,M21554,M,301.7,310.9,36.05551275463989,62.7,36.0,False,False,False,False,False,False
2167,M17026,M,299.6,309.2,43.2087954009366,23.4,225.0,True,True,False,False,False,False
7457,M22316,M,300.2,311.7,37.376463182061514,50.2,71.0,False,False,False,False,False,False
451,M15310,M,300.1,308.7,37.66961640367472,41.7,81.0,False,False,False,False,False,False
3313,L50492,L,301.4,310.1,40.48456495999432,28.9,94.0,False,False,False,False,False,False
9799,L56978,L,298.5,310.1,38.353617821530214,44.7,119.0,False,False,False,False,False,False
3667,M18526,M,302.3,311.6,40.099875311526844,39.9,136.0,False,False,False,False,False,False
1646,L48825,L,297.9,307.8,39.21734310225516,38.5,123.0,False,False,False,False,False,False
351,H29764,H,297.6,310.1,37.416573867739416,44.3,43.0,False,False,False,False,False,False
7206,L54385,L,299.8,309.7,38.50973902793941,39.6,108.0,False,False,False,False,False,False
4979,L52158,L,303.6,312.7,37.8021163428716,47.7,198.0,False,False,False,False,False,False
4145,L51324,L,301.8,310.1,41.689327171351664,28.0,58.0,False,False,False,False,False,False
3516,M18375,M,301.9,311.1,40.06245124802026,40.0,179.0,False,False,False,False,False,False
7650,H37063,H,300.4,311.5,40.76763422127902,29.0,137.0,False,False,False,False,False,False
8612,L55791,L,297.4,308.3,38.36665218650175,45.5,2.0,False,False,False,False,False,False
6399,L53578,L,300.1,309.7,36.75595189897821,58.2,155.0,False,False,False,False,False,False
5191,L52370,L,304.1,313.2,38.1051177665153,48.0,126.0,False,False,False,False,False,False
4547,M19406,M,302.5,310.1,37.8021163428716,43.2,191.0,False,False,False,False,False,False
2996,L50175,L,300.5,309.8,39.370039370059054,37.4,148.0,False,False,False,False,False,False
5529,L52708,L,300.1,311.8,37.20215047547655,50.9,99.0,False,False,False,False,False,False
4637,L51816,L,303.0,311.3,38.28837943815329,43.0,210.0,False,False,False,False,False,False
3744,L50923,L,302.5,311.4,41.94043395102154,24.6,124.0,False,False,False,False,False,False
8253,L55432,L,299.0,310.4,39.56008088970496,36.1,127.0,False,False,False,False,False,False
5915,L53094,L,300.7,310.3,39.89987468652001,36.0,14.0,False,False,False,False,False,False
7078,M21937,M,300.7,310.5,39.92492955535426,31.0,108.0,False,False,False,False,False,False
247,L47426,L,297.9,308.1,39.81205847478876,33.5,212.0,False,False,False,False,False,False
4898,H34311,H,303.8,312.5,39.05124837953327,38.0,209.0,False,False,False,False,False,False
10000,M24859,M,299.0,308.7,38.72983346207417,40.2,30.0,False,False,False,False,False,False
2758,L49937,L,299.8,309.2,37.93415347678132,36.1,203.0,False,False,False,False,False,False
3010,M17869,M,300.4,309.7,38.28837943815329,39.8,184.0,False,False,False,False,False,False
9972,H39385,H,298.5,308.2,39.534794801541594,44.6,163.0,False,False,False,False,False,False
2869,L50048,L,300.8,309.7,37.656340767525464,46.6,12.0,False,False,False,False,False,False
1557,H30970,H,298.4,308.5,37.389838191679836,47.1,122.0,False,False,False,False,False,False
9247,L56426,L,298.3,308.9,43.15089802078283,27.0,172.0,False,False,False,False,False,False
2853,M17712,M,300.5,309.4,36.701498607005135,50.1,213.0,False,False,False,False,False,False
6216,L53395,L,301.1,310.8,39.0,41.0,99.0,False,False,False,False,False,False
7409,L54588,L,300.1,310.9,35.94440151122286,51.1,173.0,False,False,False,False,False,False
893,L48072,L,295.7,306.1,36.64696440361739,54.4,119.0,False,False,False,False,False,False
7125,M21984,M,300.8,310.3,43.22036556994862,24.5,95.0,False,False,False,False,False,False
372,L47551,L,297.5,310.1,40.049968789001575,38.1,106.0,False,False,False,False,False,False
1742,M16601,M,298.5,308.0,36.91882988394946,49.2,149.0,False,False,False,False,False,False
9834,L57013,L,298.3,309.1,37.22902093797257,45.3,212.0,False,False,False,False,False,False
6636,L53815,L,301.5,310.5,39.16631205513228,39.3,119.0,False,False,False,False,False,False
2633,M17492,M,300.0,309.7,40.64480286580315,28.6,112.0,False,False,False,False,False,False
914,L48093,L,300.1,306.0,40.26164427839479,29.5,176.0,False,False,False,False,False,False
5144,M20003,M,304.3,313.5,39.05124837953327,42.0,2.0,False,False,False,False,False,False
5,L47184,L,298.2,308.7,37.52332607858744,40.0,9.0,False,False,False,False,False,False
5548,M20407,M,300.1,311.7,39.242833740697165,28.9,149.0,False,False,False,False,False,False
5747,M20606,M,300.1,310.1,40.43513323831146,31.6,23.0,False,False,False,False,False,False
3256,L50435,L,301.0,309.7,38.61346915261564,42.9,165.0,False,False,False,False,False,False
3499,L50678,L,301.9,311.0,35.90264614203248,54.9,128.0,False,False,False,False,False,False
2129,L49308,L,299.4,309.0,42.42640687119285,24.3,128.0,False,False,False,False,False,False
1450,H30863,H,299.0,310.4,40.95119045888654,30.8,73.0,False,False,False,False,False,False
8090,L55269,L,300.1,311.3,40.93897898091744,30.3,151.0,False,False,False,False,False,False
9420,L56599,L,298.0,308.4,43.71498598878879,22.0,13.0,False,False,False,False,False,False
5025,L52204,L,303.9,313.1,40.48456495999432,29.0,95.0,False,False,False,False,False,False
5346,L52525,L,303.5,312.8,39.03844259188627,39.4,108.0,False,False,False,False,False,False
7394,M22253,M,299.7,310.5,39.92492955535426,35.4,134.0,False,False,False,False,False,False
6538,M21397,M,301.3,310.5,38.48376280978771,39.7,85.0,False,False,False,False,False,False
1974,L49153,L,297.9,307.6,41.79712908801273,25.3,136.0,False,False,False,False,False,False
6634,M21493,M,301.5,310.5,41.677331968349414,29.3,114.0,False,False,False,False,False,False
7302,L54481,L,300.1,310.4,39.42080668885405,39.4,115.0,False,False,False,False,False,False
5667,L52846,L,302.2,311.4,37.815340802378074,43.1,29.0,False,False,False,False,False,False
4536,L51715,L,302.4,310.2,38.768543949960254,36.2,108.0,False,False,False,False,False,False
6841,L54020,L,301.1,311.1,42.41462012089699,21.7,206.0,False,False,False,False,False,False
9971,H39384,H,298.4,308.1,43.485629810317796,24.7,158.0,False,False,False,False,False,False
5409,L52588,L,302.6,312.4,40.34848200366403,33.0,15.0,False,False,False,False,False,False
9012,M23871,M,297.2,307.9,39.11521443121589,35.9,197.0,False,False,False,False,False,False
5513,L52692,L,302.8,312.2,41.012193308819754,30.9,58.0,False,False,False,False,False,False
9722,L56901,L,298.8,309.8,38.600518131237564,40.6,124.0,False,False,False,False,False,False
4803,M19662,M,303.5,312.4,36.30426972134269,54.2,177.0,False,False,False,False,False,False
578,L47757,L,297.7,309.7,39.88734135035826,37.7,196.0,False,False,False,False,False,False
5010,L52189,L,303.7,312.8,39.02563260217571,40.7,59.0,False,False,False,False,False,False
5501,L52680,L,302.7,312.1,40.01249804748511,35.2,31.0,False,False,False,False,False,False
7229,H36642,H,300.1,309.7,36.98648401781386,47.4,148.0,False,False,False,False,False,False
4351,M19210,M,301.9,309.7,39.59797974644666,37.5,135.0,False,False,False,False,False,False
5223,L52402,L,303.9,313.1,40.80441152620633,29.6,0.0,False,False,False,False,False,False
2040,M16899,M,299.0,308.9,38.06573262134856,39.6,105.0,False,False,False,False,False,False
3773,L50952,L,302.4,311.1,38.05259518088089,44.8,195.0,False,False,False,False,False,False
7531,M22390,M,300.1,311.4,40.2119385257662,39.3,47.0,False,False,False,False,False,False
3245,M18104,M,301.0,309.6,37.376463182061514,48.0,135.0,False,False,False,False,False,False
550,L47729,L,297.4,309.2,37.907782842049734,40.4,117.0,False,False,False,False,False,False
2789,L49968,L,300.3,309.6,36.41428291206625,52.4,57.0,False,False,False,False,False,False
3786,L50965,L,302.3,310.9,39.30648801406709,36.7,18.0,False,False,False,False,False,False
3383,L50562,L,301.3,310.6,38.8587184554509,38.5,108.0,False,False,False,False,False,False
2812,L49991,L,299.9,309.2,41.96427051671457,25.6,115.0,False,False,False,False,False,False
5251,L52430,L,303.5,312.9,36.49657518178932,52.9,66.0,False,False,False,False,False,False
1174,H30587,H,297.1,308.0,39.48417404479927,38.8,108.0,False,False,False,False,False,False
7625,L54804,L,300.6,311.7,38.82009788756334,45.5,74.0,False,False,False,False,False,False
3517,L50696,L,302.0,311.1,37.44329045369811,47.8,108.0,False,False,False,False,False,False
2265,M17124,M,299.2,308.4,37.61648574760805,43.5,53.0,False,False,False,False,False,False
8883,L56062,L,300.1,309.2,37.12142238654117,49.7,94.0,False,False,False,False,False,False
6429,M21288,M,300.2,309.8,41.7492514902962,24.1,18.0,False,False,False,False,False,False
14,M14873,M,298.6,309.2,41.737273509418415,30.0,37.0,False,False,False,False,False,False
9245,L56424,L,298.3,308.8,42.035699113967404,27.3,168.0,False,False,False,False,False,False
1333,L48512,L,299.0,310.3,43.22036556994862,24.0,221.0,False,False,False,False,False,False
6439,L53618,L,300.4,310.0,39.761790704142086,30.3,42.0,False,False,False,False,False,False
3843,L51022,L,302.5,310.1,39.30648801406709,40.1,165.0,False,False,False,False,False,False
424,L47603,L,297.3,308.3,38.52272056851645,43.9,13.0,False,False,False,False,False,False
4294,L51473,L,301.8,310.0,37.322915213043046,44.9,208.0,False,False,False,False,False,False
625,H30038,H,298.3,310.1,38.84584919911006,37.6,85.0,False,False,False,False,False,False
9914,L57093,L,298.5,308.8,39.8622628559895,30.6,11.0,False,False,False,False,False,False
9182,L56361,L,297.9,309.1,39.0,36.1,15.0,False,False,False,False,False,False
576,M15435,M,297.9,309.9,37.54996671103717,55.4,188.0,False,False,False,False,False,False
5453,M20312,M,303.0,312.7,39.408120990476064,35.8,122.0,False,False,False,False,False,False
1663,H31076,H,298.2,307.9,38.23610858861032,45.5,171.0,False,False,False,False,False,False
6171,H35584,H,300.8,310.5,39.48417404479927,40.1,220.0,False,False,False,False,False,False
4087,L51266,L,302.0,310.5,39.585350825778974,36.1,124.0,False,False,False,False,False,False
9075,M23934,M,297.2,308.1,39.42080668885405,41.3,147.0,False,False,False,False,False,False
5159,L52338,L,304.1,313.3,38.19685850956856,50.3,39.0,False,False,False,False,False,False
3108,M17967,M,299.8,309.1,38.157568056677825,39.4,209.0,False,False,False,False,False,False
453,M15312,M,297.4,308.6,40.53393639902249,31.0,89.0,False,False,False,False,False,False
7216,L54395,L,299.9,309.8,38.43175770115127,47.7,112.0,False,False,False,False,False,False
5515,L52694,L,302.7,312.0,42.7551166528639,24.0,63.0,False,False,False,False,False,False
8711,L55890,L,300.1,308.5,41.376321731154405,32.1,48.0,False,False,False,False,False,False
8426,L55605,L,299.2,310.6,39.585350825778974,38.4,172.0,False,False,False,False,False,False
903,L48082,L,295.6,306.1,37.1887079635741,48.7,147.0,False,False,False,False,False,False
2494,M17353,M,299.0,308.8,37.656340767525464,45.7,204.0,False,False,False,False,False,False
5932,L53111,L,300.3,310.4,36.55133376499413,54.4,52.0,False,False,False,False,False,False
3075,L50254,L,300.1,309.2,42.22558466143482,27.3,118.0,False,False,False,False,False,False
1454,L48633,L,299.1,310.4,38.07886552931954,40.9,85.0,False,False,False,False,False,False
645,H30058,H,297.7,309.4,40.099875311526844,30.2,135.0,False,False,False,False,False,False
1841,M16700,M,297.7,307.2,37.48332962798263,43.7,2.0,False,False,False,False,False,False
491,L47670,L,300.1,309.2,38.19685850956856,37.9,191.0,False,False,False,False,False,False
3402,M18261,M,301.4,310.7,40.2119385257662,34.3,101.0,False,False,False,False,False,False
5082,M19941,M,304.1,313.3,38.65229618017538,39.0,49.0,False,False,False,False,False,False
1821,L49000,L,298.1,307.5,38.63935817272331,43.7,153.0,False,False,False,False,False,False
4729,L51908,L,303.4,311.7,37.49666651850535,47.1,213.0,False,False,False,False,False,False
6782,M21641,M,300.1,310.8,38.65229618017538,35.3,54.0,False,False,False,False,False,False
1732,M16591,M,298.3,307.9,38.535697735995385,42.0,117.0,False,False,False,False,False,False
2720,L49899,L,299.5,309.2,41.10960958218893,29.2,108.0,False,False,False,False,False,False
9133,M23992,M,297.6,308.6,39.81205847478876,42.0,90.0,False,False,False,False,False,False
1969,L49148,L,298.0,307.6,35.79106033634656,50.8,122.0,False,False,False,False,False,False
7202,L54381,L,300.0,309.8,38.39270764090493,40.6,78.0,False,False,False,False,False,False
8591,L55770,L,297.4,307.9,39.45883931389772,35.5,174.0,False,False,False,False,False,False
684,L47863,L,297.7,309.0,43.289721643826724,24.4,28.0,False,False,False,False,False,False
5828,L53007,L,301.3,311.1,40.29888335921977,40.9,0.0,False,False,False,False,False,False
4243,L51422,L,302.4,310.1,38.23610858861032,48.5,81.0,False,False,False,False,False,False
1917,L49096,L,298.0,307.7,37.242448899072144,50.8,204.0,False,False,False,False,False,False
6000,M20859,M,300.4,310.2,40.87786687193939,30.5,234.0,True,True,False,False,False,False
5852,L53031,L,301.2,311.0,39.66106403010388,32.8,57.0,False,False,False,False,False,False
9110,L56289,L,297.5,308.6,38.897300677553446,39.7,32.0,False,False,False,False,False,False
2885,L50064,L,300.6,310.1,37.53664875824692,42.4,57.0,False,False,False,False,False,False
5931,L53110,L,300.3,310.3,38.50973902793941,51.6,50.0,False,False,False,False,False,False
4704,M19563,M,303.6,311.8,37.841775856849004,42.5,150.0,False,False,False,False,False,False
6075,M20934,M,301.0,310.8,39.153543900903784,39.3,194.0,False,False,False,False,False,False
4259,M19118,M,302.7,311.1,36.013886210738214,60.7,125.0,True,False,True,False,False,False
4143,L51322,L,301.7,310.1,37.73592452822641,50.2,54.0,False,False,False,False,False,False
5351,M20210,M,303.4,310.1,40.27406113120453,35.1,107.0,False,False,False,False,False,False
2064,L49243,L,299.7,310.1,36.345563690772494,53.4,166.0,False,False,False,False,False,False
6151,L53330,L,301.1,311.1,41.36423575989287,29.1,170.0,False,False,False,False,False,False
2829,M17688,M,300.4,310.1,43.30127018922193,23.9,155.0,False,False,False,False,False,False
8497,M23356,M,298.3,309.4,42.61455150532503,22.6,138.0,False,False,False,False,False,False
612,L47791,L,298.1,310.0,39.408120990476064,40.9,49.0,False,False,False,False,False,False
2934,M17793,M,300.8,309.7,41.84495190581536,27.9,183.0,False,False,False,False,False,False
8062,M22921,M,300.2,311.6,38.27531841800928,41.4,78.0,False,False,False,False,False,False
8353,L55532,L,298.6,309.6,38.61346915261564,36.9,192.0,False,False,False,False,False,False
8733,L55912,L,297.2,310.1,43.174066289845804,23.6,103.0,False,False,False,False,False,False
9762,L56941,L,300.1,309.7,41.2674205639267,26.1,5.0,False,False,False,False,False,False
2998,L50177,L,300.5,309.8,36.6742416417845,62.7,153.0,False,False,False,False,False,False
2443,M17302,M,299.1,310.1,36.49657518178932,51.7,71.0,False,False,False,False,False,False
5394,L52573,L,300.1,312.3,38.379682124790975,42.6,232.0,False,False,False,False,False,False
2130,H31543,H,299.4,310.1,40.08740450565489,33.7,130.0,False,False,False,False,False,False
7580,L54759,L,300.4,311.2,37.89459064299283,56.8,173.0,False,False,False,False,False,False
1613,M16472,M,297.9,307.9,39.242833740697165,39.8,38.0,False,False,False,False,False,False
114,M14973,M,298.8,308.6,38.54867053479276,41.9,92.0,False,False,False,False,False,False
9983,M24842,M,298.7,308.4,38.82009788756334,45.7,192.0,False,False,False,False,False,False
7835,L55014,L,300.0,311.4,38.50973902793941,45.6,187.0,False,False,False,False,False,False
3375,L50554,L,301.4,310.7,37.094473981982816,50.6,25.0,False,False,False,False,False,False
9650,H39063,H,299.1,310.0,40.70626487409524,33.1,187.0,False,False,False,False,False,False
8231,L55410,L,299.1,310.5,41.66533331199932,26.9,74.0,False,False,False,False,False,False
8408,L55587,L,298.4,309.5,36.837480912787726,50.1,125.0,False,False,False,False,False,False
2683,M17542,M,299.9,309.6,36.932370625238775,44.4,20.0,False,False,False,False,False,False
3658,L50837,L,302.1,311.5,38.43175770115127,45.4,111.0,False,False,False,False,False,False
1980,H31393,H,298.0,307.6,37.68288736283355,45.8,150.0,False,False,False,False,False,False
9388,H38801,H,297.4,307.9,37.282703764614496,52.0,131.0,False,False,False,False,False,False
5113,M19972,M,304.1,310.1,37.960505792204614,43.7,131.0,False,False,False,False,False,False
480,M15339,M,297.4,308.9,36.373066958946424,57.3,163.0,False,False,False,False,False,False
3193,M18052,M,300.1,309.2,37.656340767525464,39.8,221.0,False,False,False,False,False,False
254,L47433,L,298.0,308.2,36.837480912787726,48.2,7.0,False,False,False,False,False,False
7236,L54415,L,299.8,310.0,36.89173349139343,53.8,167.0,False,False,False,False,False,False
3879,L51058,L,302.6,311.7,42.1070065428546,27.1,30.0,False,False,False,False,False,False
5489,L52668,L,302.7,312.2,38.07886552931954,52.1,213.0,True,False,False,False,True,False
8444,M23303,M,298.6,309.9,40.84115571332428,32.3,6.0,False,False,False,False,False,False
8456,L55635,L,298.6,309.9,36.823905279043935,59.5,34.0,False,False,False,False,False,False
543,L47722,L,297.5,310.1,42.46174749112429,24.7,98.0,False,False,False,False,False,False
5101,M19960,M,304.2,313.5,37.907782842049734,47.2,102.0,False,False,False,False,False,False
8660,L55839,L,297.5,308.5,37.080992435478315,55.6,128.0,False,False,False,False,False,False
3371,L50550,L,301.4,310.7,39.7994974842648,32.2,17.0,False,False,False,False,False,False
526,L47705,L,297.4,309.4,38.28837943815329,45.5,53.0,False,False,False,False,False,False
9498,H38911,H,299.1,310.1,37.986839826445156,40.3,0.0,False,False,False,False,False,False
1625,M16484,M,297.8,307.8,36.193922141707716,57.9,70.0,False,False,False,False,False,False
2009,L49188,L,298.5,308.3,42.555845661906424,24.7,27.0,False,False,False,False,False,False
6015,H35428,H,300.8,310.8,40.22437072223753,32.8,40.0,False,False,False,False,False,False
2365,L49544,L,299.2,308.5,36.959437225152655,49.7,74.0,False,False,False,False,False,False
535,L47714,L,297.5,309.3,40.28647415696737,33.4,74.0,False,False,False,False,False,False
4383,L51562,L,301.8,309.5,39.05124837953327,39.6,227.0,False,False,False,False,False,False
9232,L56411,L,298.2,309.1,39.230090491866065,36.5,134.0,False,False,False,False,False,False
4831,L52010,L,303.5,312.0,41.90465367951393,29.7,28.0,False,False,False,False,False,False
2624,M17483,M,299.6,310.1,35.81898937714463,62.1,83.0,False,False,False,False,False,False
5673,H35086,H,302.1,311.6,41.24318125460256,26.2,46.0,False,False,False,False,False,False
7167,M22026,M,300.3,310.2,37.8021163428716,44.7,203.0,False,False,False,False,False,False
8657,M23516,M,297.3,308.3,41.19465984809196,27.4,121.0,False,False,False,False,False,False
7013,L54192,L,300.4,310.4,36.02776706930364,61.4,19.0,False,False,False,False,False,False
9771,H39184,H,300.1,309.5,39.7994974842648,31.8,27.0,False,False,False,False,False,False
6808,L53987,L,301.0,310.8,39.35733730830886,41.4,121.0,False,False,False,False,False,False
1564,L48743,L,298.2,310.1,37.44329045369811,51.0,141.0,False,False,False,False,False,False
130,L47309,L,298.9,308.5,39.48417404479927,34.3,108.0,False,False,False,False,False,False
7711,M22570,M,300.5,311.4,37.282703764614496,51.9,68.0,False,False,False,False,False,False
370,H29783,H,297.5,308.4,39.83716857408418,36.1,98.0,False,False,False,False,False,False
662,M15521,M,297.6,309.0,37.77565353504821,45.6,179.0,False,False,False,False,False,False
3042,L50221,L,300.4,310.1,39.28103868280471,38.9,37.0,False,False,False,False,False,False
6468,L53647,L,300.4,309.7,41.13392760240627,27.4,115.0,False,False,False,False,False,False
8679,L55858,L,297.3,308.5,38.91015291668744,44.5,177.0,False,False,False,False,False,False
4029,L51208,L,302.0,310.1,38.144462245521304,43.2,220.0,False,False,False,False,False,False
282,L47461,L,298.1,308.0,40.32369030731191,36.5,83.0,False,False,False,False,False,False
9209,L56388,L,298.0,308.9,37.49666651850535,40.9,77.0,False,False,False,False,False,False
5782,M20641,M,301.7,311.1,40.22437072223753,36.7,115.0,False,False,False,False,False,False
2651,L49830,L,299.9,309.6,35.77708763999664,59.3,163.0,False,False,False,False,False,False
9381,L56560,L,297.4,308.1,37.881393849751625,45.7,110.0,False,False,False,False,False,False
1472,L48651,L,298.5,309.6,37.69615364994153,53.6,122.0,False,False,False,False,False,False
5478,L52657,L,302.7,312.1,41.98809355043403,26.5,184.0,False,False,False,False,False,False
4152,M19011,M,301.9,310.1,37.05401462729781,48.0,108.0,True,False,True,False,False,False
8554,M23413,M,298.1,309.0,40.755367744629666,38.2,82.0,False,False,False,False,False,False
7496,L54675,L,300.3,311.9,40.11234224026316,34.0,177.0,False,False,False,False,False,False
7184,L54363,L,300.2,310.3,38.01315561749642,50.9,34.0,False,False,False,False,False,False
9849,H39262,H,298.5,309.2,39.59797974644666,40.6,39.0,False,False,False,False,False,False
9373,L56552,L,297.7,308.4,38.561638969317684,41.4,84.0,False,False,False,False,False,False
4682,M19541,M,303.6,311.8,40.7308237088326,34.7,94.0,False,False,False,False,False,False
7554,L54733,L,300.3,311.3,38.79432948254165,39.6,107.0,False,False,False,False,False,False
1539,L48718,L,298.4,309.1,42.40283009422838,29.6,81.0,False,False,False,False,False,False
997,M15856,M,296.3,310.1,35.86084215408221,51.1,177.0,False,False,False,False,False,False
9530,L56709,L,299.1,310.3,38.19685850956856,46.7,84.0,False,False,False,False,False,False
8238,L55417,L,299.1,310.6,42.37924020083418,26.0,108.0,False,False,False,False,False,False
9823,L57002,L,298.5,309.4,36.87817782917155,60.9,187.0,True,False,False,False,True,False
7474,M22333,M,300.3,311.6,36.11094017053558,62.8,118.0,False,False,False,False,False,False
2585,L49764,L,299.1,308.8,38.7556447501522,46.7,197.0,False,False,False,False,False,False
325,M15184,M,297.8,310.1,38.57460304397182,41.9,196.0,False,False,False,False,False,False
6428,L53607,L,300.2,309.8,37.656340767525464,49.3,108.0,False,False,False,False,False,False
4419,L51598,L,302.6,310.3,40.52159917870962,33.2,82.0,False,False,False,False,False,False
4984,L52163,L,303.8,313.1,43.23193264243457,25.8,211.0,False,False,False,False,False,False
2744,L49923,L,299.6,310.1,38.41874542459709,45.3,166.0,False,False,False,False,False,False
8240,L55419,L,299.0,310.4,36.59234892706397,49.6,94.0,False,False,False,False,False,False
5655,L52834,L,302.3,311.6,39.293765408777,34.3,0.0,False,False,False,False,False,False
2586,M17445,M,299.0,308.7,40.24922359499622,35.4,199.0,False,False,False,False,False,False
8841,M23700,M,297.3,308.7,39.26830783214372,37.0,184.0,False,False,False,False,False,False
2687,L49866,L,299.8,309.4,40.4103947023535,27.5,29.0,False,False,False,False,False,False
212,L47391,L,298.5,308.7,39.68626966596886,33.9,108.0,False,False,False,False,False,False
7360,M22219,M,299.4,310.0,38.88444419044716,43.2,47.0,False,False,False,False,False,False
867,L48046,L,295.9,310.1,40.963398296528084,26.7,53.0,False,False,False,False,False,False
8922,L56101,L,297.1,308.1,40.4103947023535,33.3,192.0,False,False,False,False,False,False
2384,L49563,L,299.1,308.2,39.59797974644666,33.3,123.0,False,False,False,False,False,False
4365,H33778,H,302.1,310.1,40.18706259482024,29.9,176.0,False,False,False,False,False,False
7172,M22031,M,300.2,310.2,37.92097045171708,51.5,7.0,False,False,False,False,False,False
2811,L49990,L,299.8,309.1,42.09513035969837,24.8,113.0,False,False,False,False,False,False
327,L47506,L,297.7,308.5,38.742741255621034,41.4,201.0,False,False,False,False,False,False
9010,L56189,L,297.3,307.9,39.736632972611055,34.4,193.0,False,False,False,False,False,False
7037,L54216,L,300.7,310.6,39.242833740697165,52.7,85.0,False,False,False,False,False,False
406,L47585,L,297.3,308.5,36.742346141747674,57.6,186.0,False,False,False,False,False,False
7506,L54685,L,300.5,310.1,39.319206502675,39.4,203.0,False,False,False,False,False,False
4661,L51840,L,303.2,311.2,37.93415347678132,43.9,30.0,False,False,False,False,False,False
1893,M16752,M,297.8,310.1,37.92097045171708,43.6,141.0,False,False,False,False,False,False
387,L47566,L,300.1,308.7,36.318039594669756,50.9,141.0,False,False,False,False,False,False
8251,M23110,M,299.0,310.4,37.33630940518894,45.2,122.0,False,False,False,False,False,False
9711,L56890,L,300.1,310.1,36.55133376499413,61.3,94.0,False,False,False,False,False,False
5014,M19873,M,303.8,312.9,39.92492955535426,35.2,69.0,False,False,False,False,False,False
460,L47639,L,297.4,308.6,38.41874542459709,42.3,107.0,False,False,False,False,False,False
8310,M23169,M,298.7,310.0,38.19685850956856,40.2,69.0,False,False,False,False,False,False
3279,L50458,L,301.3,310.0,38.80721582386451,40.8,11.0,False,False,False,False,False,False
9340,L56519,L,298.5,309.0,38.18376618407357,44.8,217.0,False,False,False,False,False,False
9668,L56847,L,299.2,310.3,36.76955262170047,48.9,238.0,True,False,False,False,True,False
7533,M22392,M,300.1,311.3,40.36087214122113,32.1,55.0,False,False,False,False,False,False
5058,L52237,L,303.8,312.9,36.9729630946723,49.9,192.0,False,False,False,False,False,False
183,M15042,M,298.1,308.2,36.6333181680284,48.1,54.0,False,False,False,False,False,False
4505,L51684,L,302.4,310.1,40.55859958134649,31.6,93.0,False,False,False,False,False,False
1118,L48297,L,296.5,307.4,39.02563260217571,40.7,85.0,False,False,False,False,False,False
8781,M23640,M,297.5,308.6,36.42801120017397,52.1,24.0,False,False,False,False,False,False
3147,M18006,M,300.5,309.9,42.190046219457976,26.5,101.0,False,False,False,False,False,False
41,L47220,L,298.8,309.1,36.90528417449187,45.4,113.0,False,False,False,False,False,False
6358,L53537,L,300.2,309.8,37.389838191679836,54.8,39.0,False,False,False,False,False,False
8557,L55736,L,298.2,309.0,38.58756276314948,40.6,89.0,False,False,False,False,False,False
3725,M18584,M,302.3,311.2,38.82009788756334,47.7,70.0,False,False,False,False,False,False
5610,M20469,M,303.1,312.4,37.12142238654117,50.1,104.0,False,False,False,False,False,False
2816,M17675,M,300.1,309.4,39.61060464067672,31.6,124.0,False,False,False,False,False,False
6424,M21283,M,300.3,310.0,39.20459156782532,37.5,6.0,False,False,False,False,False,False
5056,H34469,H,303.8,312.9,37.12142238654117,45.6,184.0,False,False,False,False,False,False
6235,L53414,L,301.2,310.8,38.45776904605882,41.2,155.0,False,False,False,False,False,False
3607,L50786,L,301.7,310.7,36.30426972134269,55.0,194.0,False,False,False,False,False,False
9428,L56607,L,298.2,308.8,39.242833740697165,34.8,32.0,False,False,False,False,False,False
3814,L50993,L,302.0,310.6,38.301436004411116,44.9,86.0,False,False,False,False,False,False
2343,M17202,M,299.2,308.2,40.91454509095757,28.2,14.0,False,False,False,False,False,False
9825,L57004,L,298.4,309.3,38.781438859330635,39.3,192.0,False,False,False,False,False,False
7844,M22703,M,300.1,311.7,37.416573867739416,48.5,205.0,False,False,False,False,False,False
5795,M20654,M,301.9,310.1,38.62641583165593,40.8,150.0,False,False,False,False,False,False
5900,H35313,H,300.9,310.6,41.060930335295616,27.7,176.0,False,False,False,False,False,False
5075,L52254,L,304.1,313.1,40.8166632639171,34.6,33.0,False,False,False,False,False,False
4514,L51693,L,302.4,310.3,43.58898943540674,24.4,113.0,False,False,False,False,False,False
5005,L52184,L,303.7,312.8,36.932370625238775,46.3,44.0,False,False,False,False,False,False
6357,M21216,M,300.1,310.1,37.68288736283355,48.4,36.0,False,False,False,False,False,False
1224,L48403,L,297.0,308.3,38.62641583165593,48.1,137.0,False,False,False,False,False,False
742,L47921,L,296.9,310.1,38.897300677553446,38.8,189.0,False,False,False,False,False,False
4503,L51682,L,302.4,310.2,40.52159917870962,28.3,88.0,False,False,False,False,False,False
2018,L49197,L,298.7,308.5,38.50973902793941,42.5,46.0,False,False,False,False,False,False
3215,H32628,H,300.4,309.3,37.36308338453881,51.2,54.0,False,False,False,False,False,False
7895,M22754,M,300.8,312.6,39.84971769034255,35.6,114.0,False,False,False,False,False,False
9690,L56869,L,299.0,310.1,36.90528417449187,59.5,46.0,False,False,False,False,False,False
7117,L54296,L,300.1,310.5,40.01249804748511,33.2,77.0,False,False,False,False,False,False
2538,H31951,H,298.9,308.7,36.78314831549904,48.1,79.0,False,False,False,False,False,False
1408,L48587,L,298.9,310.0,39.54743986657038,33.8,183.0,False,False,False,False,False,False
439,L47618,L,297.4,308.4,36.61966684720111,52.2,49.0,False,False,False,False,False,False
3727,M18586,M,300.1,311.2,38.79432948254165,36.7,78.0,False,False,False,False,False,False
3358,H32771,H,301.6,310.7,37.603191353926334,51.7,197.0,False,False,False,False,False,False
9726,M24585,M,298.7,309.7,40.36087214122113,27.9,136.0,False,False,False,False,False,False
4323,M19182,M,301.7,310.1,37.82856063875548,44.0,61.0,False,False,False,False,False,False
3129,M17988,M,300.1,309.5,38.23610858861032,42.8,50.0,False,False,False,False,False,False
9571,L56750,L,299.7,310.9,37.20215047547655,48.2,188.0,False,False,False,False,False,False
95,L47274,L,300.1,308.9,40.27406113120453,31.9,42.0,False,False,False,False,False,False
7770,L54949,L,300.3,311.5,39.395431207184416,38.9,23.0,False,False,False,False,False,False
5055,L52234,L,303.8,310.1,40.23679907746142,35.7,182.0,False,False,False,False,False,False
6447,M21306,M,300.7,310.3,38.353617821530214,40.2,108.0,False,False,False,False,False,False
3002,L50181,L,300.5,309.8,38.01315561749642,43.9,164.0,False,False,False,False,False,False
8991,L56170,L,297.2,307.9,38.63935817272331,38.4,146.0,False,False,False,False,False,False
5867,L53046,L,301.5,311.1,38.19685850956856,45.1,97.0,False,False,False,False,False,False
5382,L52561,L,302.8,312.4,40.63249930782009,27.0,200.0,False,False,False,False,False,False
6606,M21465,M,301.6,310.6,41.12177038990418,30.1,40.0,False,False,False,False,False,False
7451,L54630,L,300.3,311.8,38.09199390948182,41.0,55.0,False,False,False,False,False,False
1269,L48448,L,298.0,309.5,38.67815921162743,45.8,46.0,False,False,False,False,False,False
4353,L51532,L,301.9,309.7,37.73592452822641,42.8,140.0,False,False,False,False,False,False
4011,M18870,M,302.1,311.1,40.06245124802026,37.6,171.0,False,False,False,False,False,False
7411,L54590,L,299.9,311.0,41.79712908801273,27.6,177.0,False,False,False,False,False,False
6328,L53507,L,300.6,310.0,37.749172176353746,49.5,174.0,False,False,False,False,False,False
2708,M17567,M,299.6,309.0,39.230090491866065,36.1,76.0,False,False,False,False,False,False
1763,H31176,H,298.2,307.6,38.2099463490856,48.6,204.0,False,False,False,False,False,False
4139,L51318,L,301.7,310.2,36.207733980463345,57.4,108.0,True,False,True,False,False,False
6443,L53622,L,300.7,310.2,36.71511950137164,54.8,50.0,False,False,False,False,False,False
8180,L55359,L,299.8,311.3,39.496835316262995,35.4,178.0,False,False,False,False,False,False
4371,L51550,L,302.0,309.9,36.16628264005025,57.6,197.0,True,False,True,False,True,False
8549,L55728,L,298.5,309.4,39.72404813208241,36.3,71.0,False,False,False,False,False,False
3019,M17878,M,300.5,309.8,39.57271787481876,35.9,204.0,False,False,False,False,False,False
6788,H36201,H,301.1,310.6,37.255872020394314,58.5,68.0,False,False,False,False,False,False
5752,H35165,H,300.1,311.8,38.40572873934304,42.8,38.0,False,False,False,False,False,False
5215,L52394,L,303.7,312.7,39.64845520319802,37.2,192.0,False,False,False,False,False,False
2084,H31497,H,299.4,309.3,41.7492514902962,28.2,0.0,False,False,False,False,False,False
3359,L50538,L,300.1,310.6,39.01281840626232,36.6,202.0,False,False,False,False,False,False
8956,M23815,M,297.4,308.0,36.810324638611924,55.1,63.0,False,False,False,False,False,False
3823,M18682,M,302.4,311.0,38.262252939417984,44.2,106.0,False,False,False,False,False,False
7705,M22564,M,300.6,311.6,40.3732584763727,31.8,108.0,False,False,False,False,False,False
1814,L48993,L,298.1,307.7,38.45776904605882,45.0,136.0,False,False,False,False,False,False
3491,M18350,M,300.1,310.9,41.98809355043403,28.4,103.0,False,False,False,False,False,False
1158,L48337,L,297.0,307.8,39.786932528155525,37.2,189.0,False,False,False,False,False,False
6646,M21505,M,301.5,310.4,38.54867053479276,39.6,144.0,False,False,False,False,False,False
7437,L54616,L,300.0,311.4,38.561638969317684,41.2,22.0,False,False,False,False,False,False
5758,L52937,L,301.9,311.3,36.959437225152655,55.6,57.0,False,False,False,False,False,False
9535,L56714,L,299.3,310.6,37.986839826445156,45.7,97.0,False,False,False,False,False,False
6692,M21551,M,300.1,311.0,38.8587184554509,47.8,27.0,False,False,False,False,False,False
6989,L54168,L,300.7,311.1,38.44476557348217,46.8,165.0,False,False,False,False,False,False
8626,L55805,L,300.1,310.1,40.39801975344831,33.5,39.0,False,False,False,False,False,False
4641,L51820,L,303.1,311.2,37.881393849751625,40.1,219.0,False,False,False,False,False,False
1426,L48605,L,298.6,309.7,36.823905279043935,54.0,6.0,False,False,False,False,False,False
9229,M24088,M,298.1,309.1,39.64845520319802,37.5,126.0,False,False,False,False,False,False
4039,L51218,L,302.0,310.9,39.319206502675,34.4,7.0,False,False,False,False,False,False
8543,H37956,H,298.4,309.4,38.88444419044716,35.3,51.0,False,False,False,False,False,False
141,L47320,L,298.8,308.6,38.87158345115362,36.1,157.0,False,False,False,False,False,False
7140,L54319,L,300.6,310.1,38.66522985836241,42.3,132.0,False,False,False,False,False,False
262,L47441,L,298.1,308.2,40.66939881532551,32.1,25.0,False,False,False,False,False,False
4955,L52134,L,303.7,312.6,41.255302689472536,29.1,141.0,False,False,False,False,False,False
5434,L52613,L,302.9,312.5,39.370039370059054,45.5,72.0,False,False,False,False,False,False
512,L47691,L,300.1,309.3,38.45776904605882,39.4,22.0,False,False,False,False,False,False
6070,L53249,L,300.9,310.9,40.01249804748511,34.0,181.0,False,False,False,False,False,False
9626,M24485,M,299.0,310.1,38.561638969317684,47.5,123.0,False,False,False,False,False,False
1282,H30695,H,298.3,309.5,37.77565353504821,54.3,108.0,False,False,False,False,False,False
4570,L51749,L,302.8,310.9,40.44749683231337,35.0,38.0,False,False,False,False,False,False
1199,H30612,H,296.9,307.9,39.45883931389772,36.5,63.0,False,False,False,False,False,False
330,H29743,H,297.7,310.1,41.47288270665544,29.9,210.0,False,False,False,False,False,False
9241,M24100,M,298.1,308.7,36.90528417449187,49.6,158.0,False,False,False,False,False,False
6838,M21697,M,301.0,311.0,37.72267222772003,38.6,199.0,False,False,False,False,False,False
3969,M18828,M,300.1,311.4,37.656340767525464,41.3,62.0,False,False,False,False,False,False
9785,M24644,M,298.7,309.8,37.881393849751625,48.8,71.0,False,False,False,False,False,False
6133,L53312,L,301.1,311.1,37.8021163428716,42.5,123.0,False,False,False,False,False,False
4045,M18904,M,301.9,310.9,37.66961640367472,47.7,20.0,True,False,False,False,False,False
5602,L52781,L,302.9,312.2,40.06245124802026,33.9,86.0,False,False,False,False,False,False
5460,L52639,L,303.1,310.1,38.118237105091836,49.1,140.0,False,False,False,False,False,False
7246,L54425,L,300.0,310.1,38.43175770115127,34.6,195.0,False,False,False,False,False,False
4178,L51357,L,302.5,310.9,38.43175770115127,39.2,144.0,False,False,False,False,False,False
6394,L53573,L,300.2,310.1,40.963398296528084,30.5,142.0,False,False,False,False,False,False
4634,L51813,L,303.0,311.2,37.17526059088221,50.5,203.0,False,False,False,False,False,False
9124,L56303,L,297.4,310.1,38.23610858861032,42.8,68.0,False,False,False,False,False,False
5319,L52498,L,303.5,312.6,38.67815921162743,39.0,21.0,False,False,False,False,False,False
9541,M24400,M,299.4,310.8,40.34848200366403,40.2,111.0,False,False,False,False,False,False
2809,L49988,L,299.9,309.3,38.353617821530214,41.8,109.0,False,False,False,False,False,False
5280,L52459,L,303.6,313.0,39.01281840626232,35.8,133.0,False,False,False,False,False,False
1775,M16634,M,298.5,308.0,38.97435053981015,37.3,29.0,False,False,False,False,False,False
2000,L49179,L,300.1,308.0,39.242833740697165,37.8,7.0,False,False,False,False,False,False
9915,L57094,L,298.5,308.8,40.8656334834051,29.6,13.0,False,False,False,False,False,False
2918,L50097,L,300.6,309.5,38.93584466786357,39.0,142.0,False,False,False,False,False,False
9819,M24678,M,300.1,310.1,37.5099986670221,45.1,108.0,False,False,False,False,False,False
3705,M18564,M,302.0,311.2,37.416573867739416,49.5,20.0,False,False,False,False,False,False
5430,L52609,L,302.8,312.4,39.87480407475377,34.4,64.0,False,False,False,False,False,False
7526,H36939,H,300.1,311.5,37.1887079635741,49.1,33.0,False,False,False,False,False,False
2036,M16895,M,298.9,308.6,38.3275357934736,34.2,93.0,False,False,False,False,False,False
376,L47555,L,300.1,308.2,39.153543900903784,37.4,115.0,False,False,False,False,False,False
6372,L53551,L,300.1,309.6,39.319206502675,36.7,77.0,False,False,False,False,False,False
8508,L55687,L,298.4,309.7,38.961519477556315,39.8,165.0,False,False,False,False,False,False
8184,L55363,L,300.1,311.1,38.1051177665153,47.3,188.0,False,False,False,False,False,False
6241,M21100,M,300.1,310.7,37.33630940518894,42.8,168.0,False,False,False,False,False,False
690,H30103,H,297.6,309.0,36.796738985948195,55.6,108.0,False,False,False,False,False,False
8379,M23238,M,298.8,309.9,36.4828726939094,61.6,46.0,False,False,False,False,False,False
815,M15674,M,296.8,307.5,38.34057902536163,45.9,132.0,False,False,False,False,False,False
5622,M20481,M,302.9,310.1,35.94440151122286,54.4,136.0,False,False,False,False,False,False
5634,L52813,L,302.7,310.1,38.03945320322047,47.5,166.0,False,False,False,False,False,False
9532,L56711,L,299.2,310.5,38.18376618407357,44.1,91.0,False,False,False,False,False,False
6940,M21799,M,300.7,311.3,36.71511950137164,53.0,35.0,False,False,False,False,False,False
169,L47348,L,298.4,308.3,37.8549864614954,62.3,20.0,True,False,False,True,False,False
894,M15753,M,300.1,306.2,37.72267222772003,42.5,121.0,False,False,False,False,False,False
5041,H34454,H,304.1,310.1,39.824615503479755,34.6,139.0,False,False,False,False,False,False
949,M15808,M,295.6,306.3,37.76241517699841,45.5,53.0,False,False,False,False,False,False
3432,L50611,L,301.6,310.7,37.8021163428716,43.6,176.0,False,False,False,False,False,False
4363,L51542,L,302.1,310.1,38.03945320322047,46.6,169.0,False,False,False,False,False,False
506,L47685,L,297.6,309.3,40.124805295477756,35.0,108.0,False,False,False,False,False,False
6878,M21737,M,300.8,311.2,38.57460304397182,40.1,87.0,False,False,False,False,False,False
5437,M20296,M,302.9,312.5,40.97560249709576,30.9,79.0,False,False,False,False,False,False
1920,L49099,L,298.2,308.0,40.718546143004666,30.0,108.0,False,False,False,False,False,False
2391,L49570,L,299.2,308.5,38.561638969317684,41.2,140.0,False,False,False,False,False,False
2881,L50060,L,300.1,309.5,39.25557285278104,37.2,48.0,False,False,False,False,False,False
3064,L50243,L,300.0,309.1,37.82856063875548,45.4,90.0,False,False,False,False,False,False
6043,M20902,M,300.1,311.0,39.74921382870358,36.6,109.0,False,False,False,False,False,False
6157,L53336,L,301.1,311.1,38.8329756778952,41.5,184.0,False,False,False,False,False,False
4540,L51719,L,302.5,310.3,39.89987468652001,32.6,174.0,False,False,False,False,False,False
9585,L56764,L,299.3,310.5,39.102429592034305,41.3,17.0,False,False,False,False,False,False
8675,M23534,M,297.4,308.6,39.08964057138413,29.1,163.0,False,False,False,False,False,False
6134,L53313,L,301.1,310.1,38.34057902536163,40.9,125.0,False,False,False,False,False,False
3571,H32984,H,301.8,310.6,37.960505792204614,46.3,100.0,False,False,False,False,False,False
1008,M15867,M,296.2,307.2,40.4103947023535,31.1,0.0,False,False,False,False,False,False
2660,H32073,H,299.8,309.3,39.93745109543172,32.1,183.0,False,False,False,False,False,False
8300,L55479,L,298.7,310.0,40.45985664828782,31.8,42.0,False,False,False,False,False,False
8335,M23194,M,298.8,309.7,38.19685850956856,47.3,141.0,False,False,False,False,False,False
6962,M21821,M,300.7,311.0,37.12142238654117,41.2,93.0,False,False,False,False,False,False
4284,M19143,M,301.8,309.9,36.52396473549935,61.0,182.0,True,False,True,False,False,False
7485,M22344,M,300.3,310.1,36.22154055254967,53.4,151.0,False,False,False,False,False,False
2469,M17328,M,298.9,308.6,39.03844259188627,40.4,131.0,False,False,False,False,False,False
5221,L52400,L,303.8,313.0,40.4103947023535,32.9,207.0,False,False,False,False,False,False
2727,M17586,M,299.8,310.1,37.72267222772003,42.9,124.0,False,False,False,False,False,False
6781,L53960,L,301.3,310.8,39.496835316262995,38.5,52.0,False,False,False,False,False,False
5886,L53065,L,301.3,311.1,40.58324777540605,28.2,140.0,False,False,False,False,False,False
8678,M23537,M,297.3,308.5,40.792156108742276,28.9,174.0,False,False,False,False,False,False
6855,L54034,L,301.0,311.2,38.87158345115362,42.9,26.0,False,False,False,False,False,False
752,M15611,M,296.8,308.1,42.930175867331364,24.2,212.0,False,False,False,False,False,False
936,M15795,M,295.5,306.0,40.50925820105819,36.6,21.0,False,False,False,False,False,False
568,M15427,M,297.7,309.7,40.98780306383839,30.2,168.0,False,False,False,False,False,False
2359,M17218,M,299.2,308.4,37.16180835212409,42.5,54.0,False,False,False,False,False,False
9472,M24331,M,298.6,309.4,42.118879377305376,27.5,154.0,False,False,False,False,False,False
9611,L56790,L,299.0,310.1,38.79432948254165,41.3,85.0,False,False,False,False,False,False
8029,L55208,L,300.6,311.8,38.742741255621034,44.8,226.0,False,False,False,False,False,False
3101,L50280,L,299.8,309.1,39.72404813208241,42.1,191.0,False,False,False,False,False,False
8219,L55398,L,299.1,310.5,38.535697735995385,37.8,46.0,False,False,False,False,False,False
3161,M18020,M,300.4,309.7,36.9729630946723,51.2,108.0,False,False,False,False,False,False
4489,M19348,M,300.1,310.4,38.84584919911006,37.6,45.0,False,False,False,False,False,False
6430,M21289,M,300.2,309.8,37.33630940518894,47.4,21.0,False,False,False,False,False,False
1518,M16377,M,298.2,310.1,37.52332607858744,38.8,20.0,False,False,False,False,False,False
2189,L49368,L,299.7,309.3,37.68288736283355,44.1,60.0,False,False,False,False,False,False
318,L47497,L,297.8,308.4,41.048751503547585,28.4,179.0,False,False,False,False,False,False
6821,L54000,L,300.8,310.6,39.382737335030434,34.5,153.0,False,False,False,False,False,False
1907,L49086,L,297.9,307.6,37.815340802378074,52.4,178.0,False,False,False,False,False,False
9324,L56503,L,298.6,309.4,38.03945320322047,40.2,173.0,False,False,False,False,False,False
5493,M20352,M,302.9,312.4,36.52396473549935,50.9,5.0,False,False,False,False,False,False
2495,L49674,L,299.1,308.8,36.45545226711637,53.6,207.0,True,False,False,False,True,False
9056,H38469,H,297.3,308.4,43.174066289845804,23.1,90.0,False,False,False,False,False,False
5475,M20334,M,302.7,312.1,37.12142238654117,46.9,176.0,False,False,False,False,False,False
8846,M23705,M,300.1,308.9,36.71511950137164,59.1,201.0,False,False,False,False,False,False
5152,L52331,L,304.3,313.6,37.53664875824692,56.0,19.0,False,False,False,False,False,False
4386,L51565,L,301.8,309.7,37.97367509209505,45.3,233.0,True,True,False,False,False,False
9543,L56722,L,299.6,310.9,41.42463035441596,28.5,117.0,False,False,False,False,False,False
8683,M23542,M,297.2,308.5,36.78314831549904,46.5,185.0,False,False,False,False,False,False
4275,L51454,L,302.4,310.6,38.01315561749642,40.3,162.0,False,False,False,False,False,False
7586,L54765,L,300.4,311.1,37.376463182061514,50.8,189.0,False,False,False,False,False,False
1632,L48811,L,298.0,308.0,37.8549864614954,39.2,87.0,False,False,False,False,False,False
3099,M17958,M,299.9,310.1,37.26929030716845,51.2,185.0,False,False,False,False,False,False
8214,M23073,M,299.2,310.5,39.344631145812,33.5,35.0,False,False,False,False,False,False
8322,L55501,L,298.8,310.1,37.97367509209505,50.0,104.0,False,False,False,False,False,False
9922,M24781,M,298.5,308.7,36.701498607005135,48.5,33.0,False,False,False,False,False,False
6831,M21690,M,301.0,310.9,36.864617182333525,53.4,180.0,False,False,False,False,False,False
5008,L52187,L,303.8,312.9,37.97367509209505,48.3,52.0,False,False,False,False,False,False
9384,H38797,H,297.5,308.1,39.344631145812,38.2,117.0,False,False,False,False,False,False
8311,L55490,L,298.7,309.9,38.27531841800928,39.7,72.0,False,False,False,False,False,False
8816,H38229,H,297.3,308.5,37.881393849751625,55.0,104.0,False,False,False,False,False,False
816,M15675,M,296.8,307.5,38.93584466786357,36.7,135.0,False,False,False,False,False,False
8628,L55807,L,297.4,308.3,36.701498607005135,45.8,43.0,False,False,False,False,False,False
3525,M18384,M,301.8,310.8,36.945906403822335,48.2,199.0,False,False,False,False,False,False
1492,M16351,M,298.1,308.9,36.78314831549904,46.2,173.0,False,False,False,False,False,False
7914,L55093,L,300.7,312.1,37.3496987939662,41.9,157.0,False,False,False,False,False,False
6120,L53299,L,300.9,311.1,38.353617821530214,39.3,91.0,False,False,False,False,False,False
2819,L49998,L,300.2,309.5,41.58124577258358,28.4,131.0,False,False,False,False,False,False
5727,M20586,M,302.4,311.9,37.389838191679836,50.1,188.0,False,False,False,False,False,False
1063,L48242,L,296.8,307.9,37.04051835490427,49.0,140.0,False,False,False,False,False,False
3738,L50917,L,302.2,311.1,36.75595189897821,48.6,110.0,False,False,False,False,False,False
3930,M18789,M,302.7,311.6,38.742741255621034,38.8,171.0,False,False,False,False,False,False
6081,L53260,L,300.9,310.7,38.31448812133603,36.2,208.0,False,False,False,False,False,False
7332,L54511,L,299.8,310.1,39.03844259188627,34.2,196.0,False,False,False,False,False,False
1772,L48951,L,298.4,307.9,38.02630668366309,45.3,23.0,False,False,False,False,False,False
9603,L56782,L,298.9,310.2,41.291645644125154,32.5,63.0,False,False,False,False,False,False
6981,L54160,L,300.8,311.3,38.79432948254165,45.5,141.0,False,False,False,False,False,False
5838,M20697,M,301.3,311.1,42.82522621072771,25.4,22.0,False,False,False,False,False,False
7813,L54992,L,300.0,311.5,40.8166632639171,32.0,128.0,False,False,False,False,False,False
596,M15455,M,297.6,309.6,36.46916505762094,53.1,7.0,False,False,False,False,False,False
1951,M16810,M,298.0,307.9,38.45776904605882,47.6,76.0,False,False,False,False,False,False
3120,L50299,L,300.1,309.4,43.104524124504614,23.6,26.0,False,False,False,False,False,False
6199,M21058,M,301.0,310.9,39.42080668885405,32.7,59.0,False,False,False,False,False,False
390,M15249,M,297.6,308.7,37.52332607858744,54.8,147.0,False,False,False,False,False,False
2518,L49697,L,298.8,308.5,37.3496987939662,44.4,33.0,False,False,False,False,False,False
9871,H39284,H,299.0,309.9,43.40506882842141,25.6,100.0,False,False,False,False,False,False
6622,M21481,M,301.7,310.7,43.139309220245984,21.8,84.0,False,False,False,False,False,False
1857,M16716,M,297.8,307.4,41.8568990729127,26.1,52.0,False,False,False,False,False,False
6082,L53261,L,300.9,310.7,38.948684188300895,41.7,210.0,False,False,False,False,False,False
142,L47321,L,300.1,308.5,39.293765408777,35.2,159.0,False,False,False,False,False,False
4908,M19767,M,303.6,312.5,40.08740450565489,33.7,14.0,False,False,False,False,False,False
2134,H31547,H,299.3,309.0,41.617304093369626,29.7,141.0,False,False,False,False,False,False
2457,L49636,L,299.1,308.6,39.433488306260706,36.6,104.0,False,False,False,False,False,False
126,L47305,L,298.9,308.6,39.496835316262995,32.2,118.0,False,False,False,False,False,False
7257,H36670,H,300.2,310.1,37.52332607858744,42.5,0.0,False,False,False,False,False,False
3900,M18759,M,302.1,311.0,41.36423575989287,28.7,83.0,False,False,False,False,False,False
4812,M19671,M,303.4,312.0,41.80908992073375,28.4,200.0,False,False,False,False,False,False
7717,M22576,M,300.5,311.5,37.12142238654117,48.2,82.0,False,False,False,False,False,False
7596,H37009,H,300.5,311.2,37.376463182061514,45.2,2.0,False,False,False,False,False,False
4517,L51696,L,300.1,310.3,39.230090491866065,39.0,119.0,False,False,False,False,False,False
6974,L54153,L,300.7,311.0,38.23610858861032,41.9,126.0,False,False,False,False,False,False
8672,L55851,L,297.5,308.8,39.11521443121589,37.8,157.0,False,False,False,False,False,False
6690,L53869,L,301.7,311.0,39.319206502675,43.0,108.0,False,False,False,False,False,False
162,L47341,L,298.3,308.1,37.57658845611187,52.3,218.0,True,False,False,False,True,False
4179,L51358,L,300.1,310.9,40.29888335921977,34.4,146.0,False,False,False,False,False,False
8868,L56047,L,297.9,308.9,39.57271787481876,41.9,50.0,False,False,False,False,False,False
8823,L56002,L,297.4,308.8,38.23610858861032,49.7,132.0,False,False,False,False,False,False
7408,H36821,H,299.8,310.9,37.77565353504821,47.2,168.0,False,False,False,False,False,False
3074,L50253,L,300.1,309.1,38.44476557348217,46.9,116.0,False,False,False,False,False,False
859,M15718,M,296.2,307.0,38.93584466786357,37.6,25.0,False,False,False,False,False,False
3337,L50516,L,301.6,310.8,39.179076048319466,35.4,148.0,False,False,False,False,False,False
1415,M16274,M,298.7,309.8,39.6232255123179,42.1,200.0,False,False,False,False,False,False
1948,L49127,L,298.2,308.1,38.23610858861032,49.9,69.0,False,False,False,False,False,False
6298,M21157,M,300.1,310.5,36.180105030251084,60.7,100.0,False,False,False,False,False,False
595,H30008,H,300.1,309.6,35.749125863438955,50.4,2.0,False,False,False,False,False,False
1621,L48800,L,297.9,307.7,38.62641583165593,43.7,59.0,False,False,False,False,False,False
2930,M17789,M,300.8,309.7,38.49675310984031,39.0,171.0,False,False,False,False,False,False
1633,L48812,L,297.9,307.9,37.76241517699841,43.6,89.0,False,False,False,False,False,False
2119,H31532,H,299.3,308.9,37.8021163428716,43.0,96.0,False,False,False,False,False,False
7755,M22614,M,300.4,311.7,38.44476557348217,39.9,185.0,False,False,False,False,False,False
647,M15506,M,297.7,309.4,38.22302970723278,43.7,142.0,False,False,False,False,False,False
4698,M19557,M,303.5,311.6,39.66106403010388,34.0,134.0,False,False,False,False,False,False
1170,L48349,L,297.0,308.1,36.810324638611924,43.7,217.0,False,False,False,False,False,False
8911,L56090,L,297.1,308.4,39.370039370059054,37.0,167.0,False,False,False,False,False,False
6415,M21274,M,300.4,310.1,38.17066936798463,35.1,193.0,False,False,False,False,False,False
8417,M23276,M,298.8,310.1,39.81205847478876,31.3,147.0,False,False,False,False,False,False
4933,L52112,L,303.3,312.1,37.656340767525464,44.7,83.0,False,False,False,False,False,False
9196,L56375,L,297.9,309.0,39.14077158156185,37.6,47.0,False,False,False,False,False,False
3035,H32448,H,300.6,309.7,38.34057902536163,43.8,18.0,False,False,False,False,False,False
8619,L55798,L,297.7,308.7,42.76680956068619,24.9,17.0,False,False,False,False,False,False
3997,M18856,M,302.3,311.3,40.311288741492746,33.1,137.0,False,False,False,False,False,False
1568,L48747,L,298.1,308.2,39.0,39.3,151.0,False,False,False,False,False,False
3955,M18814,M,302.3,311.4,43.69210454990696,23.2,25.0,False,False,False,False,False,False
3910,H33323,H,302.3,311.3,41.7612260356422,30.3,116.0,False,False,False,False,False,False
6832,L54011,L,301.1,311.0,39.56008088970496,52.3,183.0,False,False,False,False,False,False
3124,H32537,H,300.0,309.4,38.704004960727254,38.5,37.0,False,False,False,False,False,False
4009,M18868,M,302.2,311.2,38.353617821530214,41.9,166.0,False,False,False,False,False,False
6175,L53354,L,300.9,310.7,39.66106403010388,31.2,2.0,False,False,False,False,False,False
7824,L55003,L,300.0,311.3,38.52272056851645,53.2,158.0,False,False,False,False,False,False
9717,H39130,H,299.0,310.0,37.242448899072144,45.2,110.0,False,False,False,False,False,False
3679,L50858,L,302.2,311.5,39.585350825778974,33.1,168.0,False,False,False,False,False,False
2695,M17554,M,300.1,309.6,40.311288741492746,38.0,108.0,False,False,False,False,False,False
4974,L52153,L,303.8,312.7,38.22302970723278,38.2,188.0,False,False,False,False,False,False
7904,L55083,L,300.8,310.1,37.881393849751625,44.8,134.0,False,False,False,False,False,False
5444,M20303,M,303.0,312.7,37.76241517699841,46.8,99.0,False,False,False,False,False,False
3275,L50454,L,301.3,310.1,40.80441152620633,31.4,0.0,False,False,False,False,False,False
2128,H31541,H,299.3,309.0,37.749172176353746,40.6,108.0,False,False,False,False,False,False
3613,L50792,L,301.7,310.8,40.27406113120453,37.8,0.0,False,False,False,False,False,False
6290,L53469,L,300.1,310.5,35.32704346531139,61.4,77.0,False,False,False,False,False,False
341,L47520,L,297.4,308.1,38.39270764090493,39.4,20.0,False,False,False,False,False,False
8661,L55840,L,297.4,308.5,35.98610843089316,52.1,130.0,False,False,False,False,False,False
54,L47233,L,298.7,309.0,39.56008088970496,35.1,152.0,False,False,False,False,False,False
5872,L53051,L,301.5,311.1,38.3275357934736,49.5,107.0,False,False,False,False,False,False
8713,L55892,L,297.2,308.6,40.64480286580315,32.1,52.0,False,False,False,False,False,False
2931,H32344,H,300.7,309.6,37.456641600656084,51.3,174.0,False,False,False,False,False,False
1657,L48836,L,300.1,308.1,39.14077158156185,42.5,154.0,False,False,False,False,False,False
4715,H34128,H,303.4,311.8,41.14608122288197,28.3,175.0,False,False,False,False,False,False
1922,L49101,L,298.1,307.9,40.80441152620633,32.0,7.0,False,False,False,False,False,False
2071,L49250,L,299.7,309.5,36.76955262170047,49.7,184.0,False,False,False,False,False,False
6257,L53436,L,301.0,310.6,38.63935817272331,37.8,206.0,True,True,False,False,False,False
1537,M16396,M,298.2,308.9,36.41428291206625,54.4,75.0,False,False,False,False,False,False
9480,H38893,H,298.9,309.6,40.0,33.5,175.0,False,False,False,False,False,False
9560,L56739,L,299.5,310.9,38.67815921162743,38.5,108.0,False,False,False,False,False,False
7208,M22067,M,299.7,309.6,39.242833740697165,34.4,91.0,False,False,False,False,False,False
322,L47501,L,297.8,308.4,38.961519477556315,32.5,190.0,False,False,False,False,False,False
3357,L50536,L,301.6,310.8,36.810324638611924,57.8,195.0,True,False,False,False,True,False
7765,M22624,M,300.4,311.7,39.433488306260706,38.7,5.0,False,False,False,False,False,False
6455,L53634,L,300.1,310.1,39.97499218261337,32.8,79.0,False,False,False,False,False,False
2610,L49789,L,299.4,309.2,40.26164427839479,34.5,48.0,False,False,False,False,False,False
3139,L50318,L,300.1,309.9,37.094473981982816,43.5,108.0,False,False,False,False,False,False
3503,M18362,M,301.8,310.9,36.68787265568828,44.6,142.0,False,False,False,False,False,False
9073,H38486,H,300.1,308.1,42.07136793592526,27.2,140.0,False,False,False,False,False,False
8509,M23368,M,298.4,309.7,40.97560249709576,33.3,167.0,False,False,False,False,False,False
6892,L54071,L,300.9,311.5,38.79432948254165,41.1,129.0,False,False,False,False,False,False
1832,M16691,M,297.8,307.3,36.26292872893749,54.0,180.0,False,False,False,False,False,False
1640,M16499,M,297.9,307.8,38.07886552931954,43.5,106.0,False,False,False,False,False,False
6402,M21261,M,300.0,309.6,39.66106403010388,39.7,162.0,False,False,False,False,False,False
7767,L54946,L,300.3,311.4,36.30426972134269,52.7,13.0,False,False,False,False,False,False
7480,M22339,M,300.1,311.3,39.02563260217571,34.1,135.0,False,False,False,False,False,False
1253,L48432,L,297.5,308.8,39.153543900903784,41.5,223.0,False,False,False,False,False,False
9190,L56369,L,297.9,309.1,39.93745109543172,32.0,32.0,False,False,False,False,False,False
9338,H38751,H,298.5,308.9,38.72983346207417,40.3,207.0,False,False,False,False,False,False
1641,L48820,L,298.0,307.8,39.585350825778974,36.4,109.0,False,False,False,False,False,False
9663,M24522,M,299.1,310.1,39.6232255123179,30.9,226.0,False,False,False,False,False,False
4405,M19264,M,302.4,310.2,38.535697735995385,45.9,50.0,False,False,False,False,False,False
4873,L52052,L,303.7,312.4,36.27671429443411,59.3,137.0,False,False,False,False,False,False
9278,L56457,L,298.2,308.7,38.03945320322047,48.4,51.0,False,False,False,False,False,False
9160,M24019,M,297.5,310.1,38.8587184554509,35.5,155.0,False,False,False,False,False,False
9598,L56777,L,298.9,310.1,38.8587184554509,38.0,52.0,False,False,False,False,False,False
1027,L48206,L,296.4,307.4,38.88444419044716,36.8,46.0,False,False,False,False,False,False
2917,L50096,L,300.6,309.6,37.5632799419859,41.6,140.0,False,False,False,False,False,False
5943,L53122,L,300.1,310.7,38.07886552931954,43.4,108.0,False,False,False,False,False,False
605,L47784,L,297.9,309.9,39.26830783214372,33.8,33.0,False,False,False,False,False,False
9449,L56628,L,298.2,309.0,42.190046219457976,29.3,91.0,False,False,False,False,False,False
3664,M18523,M,302.3,311.7,37.97367509209505,41.7,108.0,False,False,False,False,False,False
7045,M21904,M,300.7,310.6,38.79432948254165,35.6,105.0,False,False,False,False,False,False
3656,L50835,L,302.1,311.4,41.060930335295616,30.9,108.0,False,False,False,False,False,False
9093,L56272,L,297.3,308.1,39.59797974644666,34.4,194.0,False,False,False,False,False,False
3158,M18017,M,300.4,309.7,38.57460304397182,42.2,133.0,False,False,False,False,False,False
4450,M19309,M,302.4,310.3,37.12142238654117,54.3,165.0,True,False,True,False,False,False
8013,M22872,M,300.9,312.0,37.080992435478315,56.1,182.0,False,False,False,False,False,False
3833,M18692,M,302.2,310.9,38.27531841800928,43.5,140.0,False,False,False,False,False,False
9787,M24646,M,298.7,309.6,41.689327171351664,27.3,108.0,False,False,False,False,False,False
9470,L56649,L,298.6,309.4,41.20679555607303,33.2,147.0,False,False,False,False,False,False
1797,H31210,H,298.1,307.6,39.26830783214372,37.1,84.0,False,False,False,False,False,False
3662,M18521,M,302.3,310.1,40.48456495999432,36.6,121.0,False,False,False,False,False,False
7944,L55123,L,300.8,311.7,41.86884283091664,29.0,8.0,False,False,False,False,False,False
9688,M24547,M,299.1,310.1,40.607881008493905,31.6,41.0,False,False,False,False,False,False
5306,H34719,H,303.9,313.2,40.98780306383839,29.1,201.0,False,False,False,False,False,False
4815,L51994,L,303.4,310.1,37.429934544425805,53.0,208.0,True,False,False,False,True,False
4784,L51963,L,303.7,310.1,40.50925820105819,36.0,125.0,False,False,False,False,False,False
9808,L56987,L,298.2,309.0,37.589892258425,55.0,145.0,False,False,False,False,False,False
4958,M19817,M,303.8,312.6,42.04759208325728,23.9,149.0,False,False,False,False,False,False
1628,L48807,L,297.9,307.8,38.71692136521188,37.5,78.0,False,False,False,False,False,False
2061,L49240,L,299.6,309.5,42.46174749112429,27.7,159.0,False,False,False,False,False,False
8358,L55537,L,298.5,309.5,37.21558813185679,46.3,203.0,True,True,False,False,False,False
4097,L51276,L,301.9,310.4,37.013511046643494,51.7,153.0,True,False,True,False,False,False
4342,L51521,L,301.7,309.8,37.389838191679836,46.0,109.0,False,False,False,False,False,False
219,L47398,L,298.3,308.6,38.03945320322047,38.1,146.0,False,False,False,False,False,False
2214,L49393,L,299.7,310.1,38.379682124790975,39.4,125.0,False,False,False,False,False,False
1048,M15907,M,296.6,307.7,38.39270764090493,52.6,101.0,False,False,False,False,False,False
5999,M20858,M,300.4,310.2,40.162171256046406,36.9,231.0,False,False,False,False,False,False
6438,L53617,L,300.4,310.0,35.805027579936315,66.1,40.0,False,False,False,False,False,False
6873,L54052,L,301.0,311.3,38.36665218650175,35.3,73.0,False,False,False,False,False,False
4048,L51227,L,301.9,311.0,38.144462245521304,46.0,29.0,False,False,False,False,False,False
5040,H34453,H,300.1,313.3,41.09744517606904,32.5,134.0,False,False,False,False,False,False
4532,L51711,L,302.5,310.5,38.98717737923585,41.2,154.0,False,False,False,False,False,False
3428,L50607,L,301.6,310.6,39.52214569073901,34.4,162.0,False,False,False,False,False,False
4057,L51236,L,301.9,310.9,39.96248240537617,36.9,50.0,False,False,False,False,False,False
8789,L55968,L,297.4,308.5,37.0,53.2,43.0,False,False,False,False,False,False
846,L48025,L,296.3,307.3,37.93415347678132,41.5,208.0,False,False,False,False,False,False
8455,L55634,L,298.6,310.0,39.01281840626232,40.3,32.0,False,False,False,False,False,False
5076,L52255,L,304.1,313.2,36.959437225152655,46.6,35.0,False,False,False,False,False,False
6452,L53631,L,300.7,310.2,41.182520563948,27.5,73.0,False,False,False,False,False,False
6492,L53671,L,300.8,310.0,38.31448812133603,52.7,178.0,False,False,False,False,False,False
7890,M22749,M,300.7,312.4,37.027017163147235,61.7,102.0,False,False,False,False,False,False
6762,L53941,L,301.5,310.1,37.416573867739416,50.8,2.0,False,False,False,False,False,False
6127,L53306,L,300.9,310.9,37.013511046643494,52.5,107.0,False,False,False,False,False,False
7732,L54911,L,300.6,312.0,39.57271787481876,30.1,128.0,False,False,False,False,False,False
3070,L50249,L,300.0,310.1,42.320207938997655,28.2,108.0,False,False,False,False,False,False
5778,L52957,L,301.6,310.1,37.52332607858744,44.4,106.0,False,False,False,False,False,False
6976,M21835,M,300.7,311.0,37.12142238654117,51.6,130.0,False,False,False,False,False,False
9155,L56334,L,297.5,308.6,39.949968710876355,36.0,141.0,False,False,False,False,False,False
4740,L51919,L,300.1,310.1,36.75595189897821,53.8,8.0,True,False,True,False,False,False
2435,M17294,M,299.0,310.1,36.851051545376556,42.7,50.0,False,False,False,False,False,False
257,L47436,L,298.1,308.3,36.4828726939094,63.0,13.0,False,False,False,False,False,False
8440,L55619,L,298.6,309.8,40.45985664828782,34.6,207.0,False,False,False,False,False,False
8594,M23453,M,297.4,308.0,40.01249804748511,34.6,181.0,False,False,False,False,False,False
170,L47349,L,298.4,310.1,36.30426972134269,59.1,22.0,False,False,False,False,False,False
4148,L51327,L,301.9,310.3,37.389838191679836,44.0,65.0,False,False,False,False,False,False
4691,M19550,M,303.4,311.5,38.50973902793941,43.0,117.0,False,False,False,False,False,False
3596,L50775,L,301.6,310.4,38.948684188300895,41.1,167.0,False,False,False,False,False,False
9463,L56642,L,298.5,309.3,39.6232255123179,40.1,131.0,False,False,False,False,False,False
2622,M17481,M,299.5,310.1,38.80721582386451,41.5,77.0,False,False,False,False,False,False
8208,L55387,L,299.2,310.7,39.179076048319466,42.6,17.0,False,False,False,False,False,False
4799,L51978,L,303.5,312.5,38.17066936798463,46.4,168.0,False,False,False,False,False,False
6507,H35920,H,301.0,310.1,38.13135192987524,44.1,217.0,False,False,False,False,False,False
9629,H39042,H,299.0,310.0,39.61060464067672,34.3,132.0,False,False,False,False,False,False
3702,L50881,L,302.1,311.2,37.64306044943742,48.0,13.0,False,False,False,False,False,False
9170,L56349,L,297.7,308.8,43.54308211415448,24.5,186.0,False,False,False,False,False,False
2326,L49505,L,299.3,308.8,40.0374824383352,33.9,203.0,False,False,False,False,False,False
8529,L55708,L,298.4,309.3,38.88444419044716,35.8,18.0,False,False,False,False,False,False
5916,M20775,M,300.6,310.2,39.14077158156185,38.7,16.0,False,False,False,False,False,False
9837,M24696,M,298.4,309.3,37.282703764614496,53.6,5.0,False,False,False,False,False,False
153,M15012,M,298.4,308.2,39.7994974842648,41.0,191.0,False,False,False,False,False,False
7024,M21883,M,300.7,310.1,39.64845520319802,38.5,50.0,False,False,False,False,False,False
8207,L55386,L,299.3,310.8,38.50973902793941,43.5,15.0,False,False,False,False,False,False
1572,L48751,L,298.3,308.4,39.08964057138413,37.3,160.0,False,False,False,False,False,False
8366,M23225,M,298.8,310.1,39.382737335030434,36.6,15.0,False,False,False,False,False,False
4866,M19725,M,303.5,312.3,40.29888335921977,34.8,121.0,False,False,False,False,False,False
9167,M24026,M,297.6,310.1,37.282703764614496,53.4,175.0,False,False,False,False,False,False
7993,M22852,M,301.1,310.1,43.034869582700026,25.9,131.0,False,False,False,False,False,False
1318,L48497,L,299.0,310.3,37.78888725538237,46.3,175.0,False,False,False,False,False,False
8693,L55872,L,297.1,308.4,39.786932528155525,31.9,2.0,False,False,False,False,False,False
3554,M18413,M,301.8,310.8,40.22437072223753,37.8,59.0,False,False,False,False,False,False
174,M15033,M,298.2,308.0,39.88734135035826,33.7,32.0,False,False,False,False,False,False
1681,M16540,M,297.9,307.4,40.124805295477756,34.6,219.0,False,False,False,False,False,False
1246,M16105,M,297.1,308.4,39.84971769034255,33.4,204.0,False,False,False,False,False,False
3864,L51043,L,302.5,311.4,40.91454509095757,27.0,223.0,False,False,False,False,False,False
7326,L54505,L,300.1,310.4,37.66961640367472,45.7,178.0,False,False,False,False,False,False
3156,L50335,L,300.5,309.8,36.9729630946723,54.0,129.0,False,False,False,False,False,False
3259,L50438,L,301.2,309.9,40.53393639902249,32.9,171.0,False,False,False,False,False,False
6217,L53396,L,301.1,310.8,41.52107898405339,27.5,101.0,False,False,False,False,False,False
3343,L50522,L,301.5,310.8,37.17526059088221,52.4,165.0,False,False,False,False,False,False
6248,L53427,L,300.8,310.1,38.62641583165593,46.3,187.0,False,False,False,False,False,False
4986,M19845,M,303.8,313.0,42.2965719651132,23.5,215.0,False,False,False,False,False,False
3752,L50931,L,302.4,311.1,38.98717737923585,42.2,143.0,False,False,False,False,False,False
9041,L56220,L,297.3,308.3,39.370039370059054,37.0,54.0,False,False,False,False,False,False
5641,L52820,L,302.6,312.1,37.68288736283355,51.6,182.0,False,False,False,False,False,False
6722,L53901,L,301.4,310.1,35.77708763999664,61.0,106.0,False,False,False,False,False,False
2210,L49389,L,299.8,309.3,37.22902093797257,49.4,116.0,False,False,False,False,False,False
8386,H37799,H,298.8,309.8,39.534794801541594,38.8,65.0,False,False,False,False,False,False
4549,L51728,L,302.6,310.5,38.87158345115362,37.2,197.0,False,False,False,False,False,False
3332,L50511,L,301.7,310.8,39.48417404479927,44.5,135.0,False,False,False,False,False,False
164,M15023,M,298.4,308.2,38.31448812133603,43.8,2.0,False,False,False,False,False,False
8271,M23130,M,299.1,310.8,38.948684188300895,38.4,185.0,False,False,False,False,False,False
5197,H34610,H,303.9,313.0,38.948684188300895,36.0,142.0,False,False,False,False,False,False
1746,L48925,L,298.5,308.0,40.29888335921977,29.8,160.0,False,False,False,False,False,False
5684,M20543,M,302.2,311.6,39.89987468652001,37.7,79.0,False,False,False,False,False,False
2160,M17019,M,300.1,309.0,40.024992192379,31.3,210.0,False,False,False,False,False,False
2062,L49241,L,299.7,309.6,36.864617182333525,50.7,161.0,False,False,False,False,False,False
4982,M19841,M,303.7,312.8,39.4715087119811,37.7,206.0,False,False,False,False,False,False
4606,H34019,H,302.9,310.1,38.3275357934736,48.7,130.0,False,False,False,False,False,False
395,L47574,L,297.5,308.4,39.08964057138413,39.9,160.0,False,False,False,False,False,False
5345,L52524,L,303.4,312.8,36.87817782917155,50.8,94.0,False,False,False,False,False,False
6815,H36228,H,300.8,310.6,38.27531841800928,44.1,136.0,False,False,False,False,False,False
8094,L55273,L,300.2,311.6,38.87158345115362,35.7,160.0,False,False,False,False,False,False
7821,M22680,M,299.8,311.2,41.30375285612676,29.2,148.0,False,False,False,False,False,False
5567,L52746,L,302.4,312.0,38.17066936798463,45.5,206.0,False,False,False,False,False,False
9179,L56358,L,300.1,309.0,36.60601043544625,56.9,6.0,False,False,False,False,False,False
7273,L54452,L,300.2,310.3,34.66987164671943,59.5,40.0,False,False,False,False,False,False
6844,L54023,L,301.3,311.3,38.84584919911006,42.5,213.0,False,False,False,False,False,False
69,L47248,L,298.8,308.9,39.07684736515984,32.4,189.0,False,False,False,False,False,False
3419,H32832,H,301.6,310.6,39.433488306260706,40.4,139.0,False,False,False,False,False,False
8787,L55966,L,297.5,308.5,36.138621999185304,50.7,38.0,False,False,False,False,False,False
9916,M24775,M,298.5,308.7,40.76763422127902,28.3,108.0,False,False,False,False,False,False
1690,L48869,L,297.9,307.5,39.50949253027682,37.7,16.0,False,False,False,False,False,False
4337,H33750,H,300.1,310.1,37.72267222772003,53.6,95.0,False,False,False,False,False,False
8196,L55375,L,299.4,310.8,37.094473981982816,53.9,215.0,True,False,False,False,True,False
2455,L49634,L,299.0,308.6,40.65710270051225,31.7,100.0,False,False,False,False,False,False
7301,L54480,L,300.2,310.6,37.82856063875548,42.3,113.0,False,False,False,False,False,False
1794,L48973,L,298.1,307.8,41.96427051671457,28.2,76.0,False,False,False,False,False,False
389,L47568,L,297.6,308.7,38.144462245521304,48.2,145.0,False,False,False,False,False,False
2737,M17596,M,299.7,309.1,39.698866482558415,36.4,149.0,False,False,False,False,False,False
9961,L57140,L,298.2,307.8,39.68626966596886,35.0,108.0,False,False,False,False,False,False
6097,M20956,M,300.8,310.7,38.50973902793941,40.8,108.0,False,False,False,False,False,False
328,L47507,L,297.7,308.5,37.05401462729781,56.7,203.0,True,False,False,False,True,False
7194,L54373,L,300.1,310.1,36.138621999185304,64.7,57.0,False,False,False,False,False,False
3682,M18541,M,302.1,311.3,38.118237105091836,45.1,174.0,False,False,False,False,False,False
6398,M21257,M,300.0,309.6,39.83716857408418,32.6,152.0,False,False,False,False,False,False
6761,L53940,L,301.5,310.9,38.09199390948182,40.6,0.0,False,False,False,False,False,False
5635,M20494,M,302.6,312.2,36.78314831549904,56.5,168.0,False,False,False,False,False,False
4913,L52092,L,303.5,312.2,38.87158345115362,37.1,27.0,False,False,False,False,False,False
8870,L56049,L,300.1,309.0,39.08964057138413,37.5,54.0,False,False,False,False,False,False
2963,L50142,L,300.7,309.5,38.8329756778952,39.9,59.0,False,False,False,False,False,False
8955,L56134,L,300.1,308.0,38.03945320322047,49.0,61.0,False,False,False,False,False,False
7091,M21950,M,300.1,310.2,38.44476557348217,40.1,5.0,False,False,False,False,False,False
7926,M22785,M,300.7,311.9,41.19465984809196,28.2,191.0,False,False,False,False,False,False
3364,L50543,L,301.4,310.6,39.433488306260706,43.3,212.0,False,False,False,False,False,False
5449,L52628,L,303.0,312.7,39.382737335030434,41.8,111.0,False,False,False,False,False,False
1466,L48645,L,298.7,309.8,39.319206502675,40.9,109.0,False,False,False,False,False,False
744,L47923,L,296.8,308.2,36.89173349139343,53.8,193.0,False,False,False,False,False,False
8563,L55742,L,298.1,308.9,36.75595189897821,52.4,102.0,False,False,False,False,False,False
418,L47597,L,297.4,308.4,37.33630940518894,50.1,213.0,False,False,False,False,False,False
3169,M18028,M,300.1,309.6,40.17461885320133,30.3,161.0,False,False,False,False,False,False
4645,L51824,L,303.2,311.4,38.91015291668744,41.2,230.0,False,False,False,False,False,False
50,M14909,M,300.1,309.2,37.57658845611187,44.1,140.0,False,False,False,False,False,False
7665,H37078,H,300.5,311.7,38.13135192987524,50.3,175.0,False,False,False,False,False,False
2523,M17382,M,298.8,308.7,39.28103868280471,38.2,44.0,False,False,False,False,False,False
9830,M24689,M,298.4,309.4,37.8021163428716,41.8,203.0,False,False,False,False,False,False
5541,L52720,L,302.4,311.8,38.63935817272331,38.4,132.0,False,False,False,False,False,False
2114,L49293,L,299.5,309.1,43.162483709814474,22.5,79.0,False,False,False,False,False,False
3854,L51033,L,302.4,311.0,38.54867053479276,40.4,192.0,False,False,False,False,False,False
9960,L57139,L,298.1,307.8,37.134889255254286,49.1,135.0,False,False,False,False,False,False
9634,H39047,H,299.1,310.1,37.69615364994153,41.2,149.0,False,False,False,False,False,False
9109,M23968,M,297.5,308.6,37.94733192202055,38.8,29.0,False,False,False,False,False,False
5588,L52767,L,302.5,310.1,38.48376280978771,42.9,52.0,False,False,False,False,False,False
5249,M20108,M,303.5,313.0,43.61192497471305,21.6,60.0,False,False,False,False,False,False
4972,L52151,L,303.8,312.7,42.871902220452036,27.8,181.0,False,False,False,False,False,False
688,M15547,M,297.7,310.1,39.1279950930277,42.4,38.0,False,False,False,False,False,False
2485,H31898,H,298.8,308.6,39.03844259188627,37.7,170.0,False,False,False,False,False,False
2860,L50039,L,300.6,309.4,39.35733730830886,43.4,233.0,False,False,False,False,False,False
9154,L56333,L,297.5,308.6,39.319206502675,33.8,139.0,False,False,False,False,False,False
8622,M23481,M,297.6,308.5,37.82856063875548,52.6,26.0,False,False,False,False,False,False
3240,L50419,L,301.0,309.5,37.815340802378074,48.5,122.0,False,False,False,False,False,False
185,L47364,L,298.2,308.2,40.82891132518721,30.6,59.0,False,False,False,False,False,False
5188,L52367,L,304.0,313.1,40.59556626036888,35.7,119.0,False,False,False,False,False,False
4426,L51605,L,300.1,310.2,39.331920878594275,36.9,103.0,False,False,False,False,False,False
338,L47517,L,297.6,308.3,41.737273509418415,27.7,13.0,False,False,False,False,False,False
1146,L48325,L,297.0,307.8,39.408120990476064,33.3,155.0,False,False,False,False,False,False
7816,M22675,M,299.9,311.3,41.2674205639267,28.4,134.0,False,False,False,False,False,False
1011,M15870,M,296.2,307.2,39.395431207184416,34.8,8.0,False,False,False,False,False,False
1329,M16188,M,298.8,310.1,41.46082488325576,28.8,206.0,False,False,False,False,False,False
7549,L54728,L,300.2,311.4,38.66522985836241,43.6,95.0,False,False,False,False,False,False
3959,L51138,L,300.1,311.3,37.12142238654117,55.5,35.0,False,False,False,False,False,False
8743,L55922,L,297.4,308.8,38.301436004411116,39.0,128.0,False,False,False,False,False,False
8396,M23255,M,298.5,309.5,38.50973902793941,44.8,92.0,False,False,False,False,False,False
6373,M21232,M,300.0,309.5,43.347433603386484,22.4,79.0,False,False,False,False,False,False
791,L47970,L,296.8,310.1,37.68288736283355,45.4,70.0,False,False,False,False,False,False
5545,L52724,L,302.2,311.7,38.353617821530214,45.6,140.0,False,False,False,False,False,False
78,L47257,L,300.1,308.9,38.144462245521304,41.3,208.0,True,True,False,False,False,False
5326,L52505,L,303.5,312.7,41.15823125451335,27.3,40.0,False,False,False,False,False,False
216,L47395,L,298.3,308.6,39.344631145812,40.3,140.0,False,False,False,False,False,False
8829,L56008,L,297.3,308.7,39.83716857408418,35.8,148.0,False,False,False,False,False,False
8924,M23783,M,297.0,308.1,36.91882988394946,45.3,196.0,False,False,False,False,False,False
7239,L54418,L,299.8,310.0,41.19465984809196,36.0,175.0,False,False,False,False,False,False
664,L47843,L,297.5,308.9,38.3275357934736,44.0,185.0,False,False,False,False,False,False
4785,L51964,L,303.9,310.1,40.52159917870962,32.3,127.0,False,False,False,False,False,False
2263,L49442,L,299.1,308.3,39.153543900903784,42.4,48.0,False,False,False,False,False,False
3956,L51135,L,302.3,311.5,38.05259518088089,49.6,28.0,False,False,False,False,False,False
5894,M20753,M,301.3,311.0,37.54996671103717,52.7,161.0,False,False,False,False,False,False
5653,L52832,L,302.4,311.8,41.557189510360296,26.5,213.0,False,False,False,False,False,False
6597,M21456,M,301.5,310.7,38.13135192987524,39.4,17.0,False,False,False,False,False,False
4016,L51195,L,302.1,310.9,38.43175770115127,41.4,184.0,False,False,False,False,False,False
6091,L53270,L,300.9,310.8,41.32795663954365,29.1,14.0,False,False,False,False,False,False
971,L48150,L,295.8,306.5,39.59797974644666,35.1,111.0,False,False,False,False,False,False
3388,M18247,M,301.6,310.8,35.91656999213594,65.3,63.0,False,False,False,False,False,False
8205,L55384,L,299.4,310.9,41.84495190581536,27.8,10.0,False,False,False,False,False,False
2183,M17042,M,299.5,309.2,36.24913792078372,61.8,108.0,False,False,False,False,False,False
6608,L53787,L,301.5,310.5,39.44616584663204,39.1,48.0,False,False,False,False,False,False
8150,M23009,M,299.6,310.8,37.77565353504821,50.4,98.0,False,False,False,False,False,False
7858,L55037,L,300.5,311.9,37.841775856849004,43.1,108.0,False,False,False,False,False,False
1600,L48779,L,297.9,308.0,38.600518131237564,46.2,6.0,False,False,False,False,False,False
8522,L55701,L,298.4,309.5,37.094473981982816,50.4,202.0,False,False,False,False,False,False
509,L47688,L,297.7,309.3,43.508619835614184,24.6,15.0,False,False,False,False,False,False
9836,L57015,L,298.4,309.3,39.30648801406709,36.9,3.0,False,False,False,False,False,False
317,L47496,L,297.8,308.4,41.400483088968905,33.2,177.0,False,False,False,False,False,False
8649,M23508,M,297.4,308.4,38.44476557348217,46.2,95.0,False,False,False,False,False,False
4132,L51311,L,301.9,310.3,38.535697735995385,46.3,24.0,False,False,False,False,False,False
9030,L56209,L,297.4,308.3,38.50973902793941,38.8,23.0,False,False,False,False,False,False
1176,M16035,M,297.2,308.3,39.72404813208241,37.8,3.0,False,False,False,False,False,False
3984,L51163,L,302.2,311.3,37.26929030716845,46.9,106.0,False,False,False,False,False,False
4842,M19701,M,303.3,311.8,37.960505792204614,44.9,61.0,False,False,False,False,False,False
6891,M21750,M,300.1,311.4,39.14077158156185,41.5,126.0,False,False,False,False,False,False
3487,L50666,L,301.9,310.1,40.620192023179804,29.8,94.0,False,False,False,False,False,False
1829,L49008,L,297.8,310.1,36.75595189897821,56.3,174.0,False,False,False,False,False,False
7504,M22363,M,300.3,311.7,40.570925550201586,28.9,198.0,False,False,False,False,False,False
8842,L56021,L,297.3,308.7,38.80721582386451,39.3,187.0,False,False,False,False,False,False
1988,M16847,M,298.2,307.8,39.98749804626441,31.2,173.0,False,False,False,False,False,False
4172,M19031,M,302.2,310.5,42.80186911806539,23.7,129.0,False,False,False,False,False,False
6923,L54102,L,301.2,311.7,38.24918299781056,48.3,204.0,False,False,False,False,False,False
6937,L54116,L,300.6,311.1,38.353617821530214,40.7,26.0,False,False,False,False,False,False
6475,M21334,M,300.5,309.7,36.701498607005135,54.3,136.0,False,False,False,False,False,False
207,L47386,L,298.5,308.7,40.11234224026316,35.3,117.0,False,False,False,False,False,False
1885,M16744,M,298.0,307.6,42.33202097703345,26.0,119.0,False,False,False,False,False,False
2151,H31564,H,299.3,308.8,40.44749683231337,35.5,180.0,False,False,False,False,False,False
3907,L51086,L,302.3,311.2,36.013886210738214,62.5,109.0,False,False,False,False,False,False
802,L47981,L,296.9,307.8,35.84689665786984,52.1,100.0,False,False,False,False,False,False
1978,M16837,M,298.1,307.7,40.4103947023535,30.7,145.0,False,False,False,False,False,False
3478,L50657,L,301.8,310.7,39.331920878594275,41.7,72.0,False,False,False,False,False,False
6349,L53528,L,300.2,310.1,39.45883931389772,33.8,19.0,False,False,False,False,False,False
884,L48063,L,295.7,310.1,38.600518131237564,34.3,108.0,False,False,False,False,False,False
3083,M17942,M,300.0,309.3,37.5099986670221,43.9,138.0,False,False,False,False,False,False
4605,L51784,L,302.9,311.0,42.661458015403085,24.6,128.0,False,False,False,False,False,False
6425,M21284,M,300.3,310.0,37.53664875824692,43.2,9.0,False,False,False,False,False,False
6565,L53744,L,301.4,310.6,39.45883931389772,38.2,157.0,False,False,False,False,False,False
600,H30013,H,297.7,309.7,40.19950248448356,31.1,20.0,False,False,False,False,False,False
9572,L56751,L,299.7,310.8,39.8622628559895,36.0,190.0,False,False,False,False,False,False
3824,M18683,M,302.3,310.9,39.761790704142086,36.1,109.0,False,False,False,False,False,False
950,L48129,L,295.6,306.3,40.44749683231337,32.7,56.0,False,False,False,False,False,False
5834,L53013,L,300.1,311.2,38.17066936798463,44.5,14.0,False,False,False,False,False,False
7219,H36632,H,299.9,309.8,37.416573867739416,48.7,119.0,False,False,False,False,False,False
6631,M21490,M,300.1,310.5,37.603191353926334,49.3,106.0,False,False,False,False,False,False
4875,L52054,L,300.1,312.5,40.23679907746142,30.9,142.0,False,False,False,False,False,False
9140,L56319,L,297.5,308.5,39.191835884530846,36.9,108.0,False,False,False,False,False,False
3617,M18476,M,300.1,311.1,37.589892258425,42.2,9.0,False,False,False,False,False,False
8763,H38176,H,300.1,308.8,42.708313008125245,24.0,179.0,False,False,False,False,False,False
277,M15136,M,298.0,310.1,41.83300132670378,26.6,67.0,False,False,False,False,False,False
9152,L56331,L,297.6,308.6,39.408120990476064,40.5,135.0,False,False,False,False,False,False
4147,L51326,L,301.8,310.3,38.49675310984031,41.4,63.0,False,False,False,False,False,False
8833,L56012,L,297.4,308.8,40.63249930782009,34.1,163.0,False,False,False,False,False,False
7177,L54356,L,300.1,310.1,40.620192023179804,31.6,19.0,False,False,False,False,False,False
6100,H35513,H,300.9,310.7,40.11234224026316,28.7,39.0,False,False,False,False,False,False
2808,M17667,M,299.9,309.3,38.1051177665153,41.9,108.0,False,False,False,False,False,False
2466,L49645,L,298.9,308.6,38.48376280978771,40.7,124.0,False,False,False,False,False,False
4306,L51485,L,301.6,310.1,41.0731055558257,26.6,16.0,False,False,False,False,False,False
8987,M23846,M,297.1,307.8,37.986839826445156,43.9,137.0,False,False,False,False,False,False
1672,L48851,L,298.1,307.9,40.17461885320133,35.8,196.0,False,False,False,False,False,False
3902,H33315,H,300.1,311.1,39.408120990476064,34.1,89.0,False,False,False,False,False,False
7951,L55130,L,300.1,311.6,39.59797974644666,36.0,23.0,False,False,False,False,False,False
198,M15057,M,298.4,308.6,39.07684736515984,40.9,96.0,False,False,False,False,False,False
4537,L51716,L,302.4,310.2,36.75595189897821,45.1,168.0,True,False,True,False,False,False
4406,L51585,L,300.1,310.2,36.4828726939094,45.5,53.0,True,False,True,False,False,False
7268,L54447,L,300.5,310.5,41.1703777004778,26.7,28.0,False,False,False,False,False,False
2185,L49364,L,299.8,309.4,38.40572873934304,43.4,51.0,False,False,False,False,False,False
3576,L50755,L,301.7,310.5,39.585350825778974,39.1,114.0,False,False,False,False,False,False
1512,L48691,L,298.1,308.7,40.52159917870962,30.3,3.0,False,False,False,False,False,False
9653,M24512,M,299.0,310.0,38.57460304397182,46.3,198.0,False,False,False,False,False,False
8411,L55590,L,298.5,309.5,39.344631145812,44.5,132.0,False,False,False,False,False,False
9281,H38694,H,298.2,308.8,38.34057902536163,43.3,61.0,False,False,False,False,False,False
879,M15738,M,295.7,306.3,41.048751503547585,34.9,84.0,False,False,False,False,False,False
3719,L50898,L,302.4,311.4,38.07886552931954,44.1,56.0,False,False,False,False,False,False
2916,L50095,L,300.5,309.5,35.4259791678367,62.1,138.0,False,False,False,False,False,False
6792,L53971,L,301.2,310.7,39.382737335030434,41.2,82.0,False,False,False,False,False,False
9632,L56811,L,299.0,310.0,40.890096600521744,33.2,108.0,False,False,False,False,False,False
5885,M20744,M,301.3,310.1,37.92097045171708,43.0,137.0,False,False,False,False,False,False
2352,L49531,L,299.2,308.4,37.322915213043046,48.4,35.0,False,False,False,False,False,False
2099,L49278,L,299.4,309.3,37.429934544425805,59.0,108.0,False,False,False,False,False,False
1997,M16856,M,298.4,308.0,37.62977544445356,38.2,198.0,True,True,False,False,False,False
4158,L51337,L,302.0,310.5,35.53871128783372,60.6,90.0,True,False,True,False,False,False
8863,M23722,M,298.0,309.2,39.4715087119811,41.7,35.0,False,False,False,False,False,False
4469,L51648,L,302.7,310.5,41.53311931459037,29.0,209.0,False,False,False,False,False,False
6834,L54013,L,301.1,311.1,37.242448899072144,53.1,188.0,False,False,False,False,False,False
6093,L53272,L,300.9,310.7,40.718546143004666,28.5,18.0,False,False,False,False,False,False
6820,L53999,L,300.9,310.7,36.864617182333525,46.0,151.0,False,False,False,False,False,False
1409,L48588,L,300.1,310.0,38.1051177665153,48.9,185.0,False,False,False,False,False,False
3762,M18621,M,302.4,311.0,38.600518131237564,37.1,168.0,False,False,False,False,False,False
171,M15030,M,298.4,308.2,40.124805295477756,35.0,24.0,False,False,False,False,False,False
2615,L49794,L,299.3,309.1,40.422765862815474,36.8,62.0,False,False,False,False,False,False
6558,M21417,M,301.5,310.6,40.47221268969612,31.9,137.0,False,False,False,False,False,False
3347,L50526,L,301.3,310.7,41.96427051671457,24.3,174.0,False,False,False,False,False,False
3287,L50466,L,301.2,310.0,40.22437072223753,37.6,32.0,False,False,False,False,False,False
3871,L51050,L,302.7,311.8,38.22302970723278,46.1,10.0,False,False,False,False,False,False
7911,M22770,M,300.1,312.2,40.792156108742276,25.7,150.0,False,False,False,False,False,False
5109,L52288,L,303.9,313.3,37.33630940518894,51.6,121.0,False,False,False,False,False,False
2253,H31666,H,299.1,308.3,38.09199390948182,42.8,21.0,False,False,False,False,False,False
6743,H36156,H,301.7,310.1,40.48456495999432,30.0,161.0,False,False,False,False,False,False
5495,L52674,L,300.1,312.4,36.98648401781386,49.5,10.0,False,False,False,False,False,False
6771,M21630,M,301.3,310.8,38.84584919911006,40.1,25.0,False,False,False,False,False,False
4649,L51828,L,303.3,311.4,40.3732584763727,32.5,2.0,False,False,False,False,False,False
8784,M23643,M,297.6,310.1,35.41186241925155,45.8,31.0,False,False,False,False,False,False
1470,L48649,L,298.6,309.8,38.691084244306204,41.6,118.0,False,False,False,False,False,False
36,M14895,M,298.8,309.2,38.1051177665153,48.6,98.0,False,False,False,False,False,False
9566,M24425,M,299.8,311.1,38.704004960727254,38.1,108.0,False,False,False,False,False,False
3550,M18409,M,301.8,310.9,36.0416425818802,60.4,48.0,False,False,False,False,False,False
2863,L50042,L,300.6,309.5,43.2087954009366,23.0,242.0,False,False,False,False,False,False
9004,L56183,L,300.1,307.9,36.6333181680284,49.1,108.0,False,False,False,False,False,False
6610,L53789,L,301.5,310.1,38.39270764090493,39.9,53.0,False,False,False,False,False,False
2202,L49381,L,300.1,309.0,39.585350825778974,36.1,95.0,False,False,False,False,False,False
8907,L56086,L,297.3,308.7,39.89987468652001,34.4,158.0,False,False,False,False,False,False
6112,M20971,M,300.7,310.8,38.54867053479276,41.2,71.0,False,False,False,False,False,False
87,H29500,H,299.0,309.0,37.89459064299283,43.9,20.0,False,False,False,False,False,False
9195,L56374,L,297.9,308.9,37.322915213043046,40.6,45.0,False,False,False,False,False,False
5451,H34864,H,303.1,312.8,37.881393849751625,41.9,115.0,False,False,False,False,False,False
4033,L51212,L,302.0,310.8,37.1887079635741,50.3,231.0,True,False,False,False,True,False
493,L47672,L,297.5,310.1,37.469987990390386,43.5,195.0,False,False,False,False,False,False
8275,L55454,L,298.9,310.5,40.496913462633174,29.2,195.0,False,False,False,False,False,False
7316,L54495,L,299.9,310.4,38.34057902536163,50.0,148.0,False,False,False,False,False,False
2280,L49459,L,299.4,308.7,39.05124837953327,39.0,90.0,False,False,False,False,False,False
5030,M19889,M,303.9,313.2,40.29888335921977,39.8,107.0,False,False,False,False,False,False
5303,L52482,L,300.1,313.1,38.61346915261564,37.2,195.0,False,False,False,False,False,False
3852,H33265,H,302.2,310.9,37.61648574760805,48.4,185.0,False,False,False,False,False,False
3430,H32843,H,301.5,310.5,39.382737335030434,34.3,166.0,False,False,False,False,False,False
1014,M15873,M,296.1,307.2,40.23679907746142,29.7,17.0,False,False,False,False,False,False
6694,M21553,M,301.8,311.0,41.90465367951393,26.7,33.0,False,False,False,False,False,False
4286,L51465,L,300.1,309.9,36.29049462324811,49.0,187.0,True,False,True,False,False,False
3558,M18417,M,301.8,310.7,36.180105030251084,43.3,68.0,False,False,False,False,False,False
6603,L53782,L,301.5,310.6,37.067505985701274,46.7,32.0,False,False,False,False,False,False
6460,M21319,M,300.6,310.0,37.376463182061514,55.2,90.0,False,False,False,False,False,False
8489,L55668,L,298.4,309.4,37.21558813185679,43.2,119.0,False,False,False,False,False,False
877,L48056,L,295.7,306.3,43.76071297408213,22.4,79.0,False,False,False,False,False,False
5480,M20339,M,302.7,312.1,39.54743986657038,32.1,188.0,False,False,False,False,False,False
9205,L56384,L,297.8,308.8,40.26164427839479,36.1,68.0,False,False,False,False,False,False
4370,H33783,H,302.0,309.9,41.65333119931706,27.2,192.0,False,False,False,False,False,False
4108,L51287,L,300.1,310.5,42.532340636273474,27.1,175.0,False,False,False,False,False,False
9447,H38860,H,298.1,308.9,37.255872020394314,53.5,83.0,False,False,False,False,False,False
2470,L49649,L,300.1,308.7,38.82009788756334,37.5,134.0,False,False,False,False,False,False
4981,M19840,M,300.1,312.8,41.048751503547585,31.8,203.0,False,False,False,False,False,False
6144,M21003,M,300.1,310.9,39.68626966596886,34.6,150.0,False,False,False,False,False,False
8234,M23093,M,299.1,310.6,38.06573262134856,43.2,80.0,False,False,False,False,False,False
7782,L54961,L,300.4,311.7,38.897300677553446,40.0,51.0,False,False,False,False,False,False
5126,M19985,M,304.3,310.1,37.62977544445356,48.1,167.0,False,False,False,False,False,False
7648,L54827,L,300.4,310.1,41.569219381653056,31.7,133.0,False,False,False,False,False,False
3450,L50629,L,301.7,310.7,40.06245124802026,33.3,220.0,False,False,False,False,False,False
1256,H30669,H,297.5,308.9,37.66961640367472,50.7,108.0,False,False,False,False,False,False
8332,M23191,M,298.8,309.7,37.30951621235526,48.7,133.0,False,False,False,False,False,False
6920,L54099,L,301.0,311.5,38.0,39.8,197.0,False,False,False,False,False,False
5798,L52977,L,301.6,311.0,37.82856063875548,42.6,158.0,False,False,False,False,False,False
4442,L51621,L,302.5,310.2,36.45545226711637,50.6,148.0,True,False,True,False,False,False
6946,M21805,M,300.8,311.4,43.034869582700026,22.2,53.0,False,False,False,False,False,False
8141,L55320,L,299.6,310.9,40.718546143004666,28.0,76.0,False,False,False,False,False,False
5904,L53083,L,300.9,310.5,43.520110293977886,21.9,188.0,False,False,False,False,False,False
8587,H38000,H,297.3,307.9,38.22302970723278,37.5,161.0,False,False,False,False,False,False
5471,M20330,M,302.7,312.2,39.81205847478876,35.5,167.0,False,False,False,False,False,False
8516,L55695,L,298.2,309.4,37.986839826445156,45.4,187.0,False,False,False,False,False,False
243,L47422,L,300.1,310.1,36.71511950137164,58.8,202.0,True,False,False,False,True,False
9189,L56368,L,297.9,309.0,38.7556447501522,40.2,30.0,False,False,False,False,False,False
5196,L52375,L,303.9,313.0,39.382737335030434,36.8,140.0,False,False,False,False,False,False
5764,H35177,H,301.8,311.2,38.09199390948182,39.4,70.0,False,False,False,False,False,False
6020,L53199,L,300.7,310.8,38.97435053981015,43.9,55.0,False,False,False,False,False,False
6798,M21657,M,301.2,310.7,40.18706259482024,34.9,95.0,False,False,False,False,False,False
755,M15614,M,300.1,308.1,38.50973902793941,44.3,219.0,False,False,False,False,False,False
465,L47644,L,297.3,308.6,38.87158345115362,35.7,120.0,False,False,False,False,False,False
1867,M16726,M,300.1,307.9,40.76763422127902,28.9,108.0,False,False,False,False,False,False
8017,M22876,M,300.9,312.0,38.03945320322047,41.4,193.0,False,False,False,False,False,False
7937,L55116,L,300.8,311.7,38.600518131237564,46.4,217.0,False,False,False,False,False,False
5447,L52626,L,303.1,312.9,38.87158345115362,40.1,107.0,False,False,False,False,False,False
5074,M19933,M,304.0,313.0,38.13135192987524,46.8,30.0,False,False,False,False,False,False
1080,L48259,L,297.0,307.7,41.60528812542944,28.5,186.0,False,False,False,False,False,False
7843,L55022,L,300.1,311.5,40.7308237088326,31.1,203.0,False,False,False,False,False,False
3441,L50620,L,301.3,310.3,38.2099463490856,41.5,197.0,False,False,False,False,False,False
9466,M24325,M,298.6,309.4,38.2099463490856,43.8,138.0,False,False,False,False,False,False
9003,L56182,L,297.1,307.8,38.43175770115127,36.6,177.0,False,False,False,False,False,False
7201,L54380,L,300.0,309.9,40.099875311526844,33.4,76.0,False,False,False,False,False,False
222,H29635,H,298.4,308.5,42.74342054632502,24.3,153.0,False,False,False,False,False,False
834,L48013,L,296.6,307.4,40.19950248448356,28.0,175.0,False,False,False,False,False,False
4301,M19160,M,301.7,310.1,40.54626986542659,34.6,108.0,False,False,False,False,False,False
4078,L51257,L,302.0,310.5,40.43513323831146,39.8,99.0,False,False,False,False,False,False
9974,L57153,L,298.5,308.2,38.0,40.5,170.0,False,False,False,False,False,False
4588,M19447,M,302.8,311.0,38.82009788756334,33.4,82.0,False,False,False,False,False,False
3290,M18149,M,301.2,310.1,35.98610843089316,56.6,39.0,False,False,False,False,False,False
4051,L51230,L,301.8,310.8,38.157568056677825,46.6,35.0,False,False,False,False,False,False
8437,L55616,L,298.7,309.9,37.027017163147235,51.3,201.0,False,False,False,False,False,False
8507,L55686,L,298.4,309.6,41.352146256270665,27.3,163.0,True,False,False,False,False,False
6677,L53856,L,301.5,310.7,37.72267222772003,44.0,222.0,False,False,False,False,False,False
3509,L50688,L,301.7,310.9,40.099875311526844,33.0,160.0,False,False,False,False,False,False
7999,L55178,L,300.9,312.1,36.864617182333525,51.7,146.0,False,False,False,False,False,False
434,M15293,M,297.6,308.5,42.988370520409354,23.7,37.0,False,False,False,False,False,False
2013,L49192,L,298.6,308.4,37.376463182061514,46.4,36.0,False,False,False,False,False,False
8904,M23763,M,297.4,308.7,37.17526059088221,49.9,151.0,False,False,False,False,False,False
5353,M20212,M,303.4,312.8,39.87480407475377,36.3,113.0,False,False,False,False,False,False
5656,L52835,L,302.3,311.5,37.242448899072144,47.3,2.0,False,False,False,False,False,False
4403,H33816,H,302.3,310.2,38.80721582386451,33.8,108.0,False,False,False,False,False,False
2702,L49881,L,299.9,309.2,36.51027252705737,50.8,61.0,False,False,False,False,False,False
5730,M20589,M,300.1,311.8,38.24918299781056,35.7,197.0,False,False,False,False,False,False
6850,L54029,L,301.1,311.3,38.704004960727254,37.6,108.0,False,False,False,False,False,False
7814,L54993,L,300.0,311.5,38.144462245521304,41.7,130.0,False,False,False,False,False,False
9169,H38582,H,297.6,308.8,37.21558813185679,44.4,181.0,False,False,False,False,False,False
1348,L48527,L,298.7,310.2,41.43669871020132,27.3,26.0,False,False,False,False,False,False
8148,L55327,L,299.5,310.8,38.03945320322047,41.0,93.0,False,False,False,False,False,False
4896,M19755,M,303.8,312.4,39.96248240537617,33.4,203.0,False,False,False,False,False,False
8806,M23665,M,297.4,308.6,38.3275357934736,42.6,80.0,False,False,False,False,False,False
3688,M18547,M,302.0,311.2,40.311288741492746,30.7,189.0,False,False,False,False,False,False
3792,L50971,L,302.3,310.1,39.08964057138413,43.1,30.0,False,False,False,False,False,False
4466,L51645,L,302.8,310.6,37.469987990390386,43.2,108.0,False,False,False,False,False,False
3374,L50553,L,301.4,310.1,39.59797974644666,35.2,23.0,False,False,False,False,False,False
4554,L51733,L,302.6,310.5,38.22302970723278,45.4,0.0,False,False,False,False,False,False
1521,L48700,L,298.3,309.1,38.36665218650175,40.1,31.0,False,False,False,False,False,False
5127,L52306,L,304.3,313.5,42.44997055358225,25.4,170.0,False,False,False,False,False,False
5396,L52575,L,302.8,312.4,39.102429592034305,36.8,237.0,False,False,False,False,False,False
7111,M21970,M,300.8,310.4,38.961519477556315,36.0,59.0,False,False,False,False,False,False
9512,L56691,L,300.1,310.3,38.06573262134856,40.7,40.0,False,False,False,False,False,False
2429,M17288,M,299.0,308.3,37.107950630558946,47.2,35.0,False,False,False,False,False,False
1062,L48241,L,296.7,307.9,37.68288736283355,50.1,138.0,False,False,False,False,False,False
1661,L48840,L,300.1,308.0,38.71692136521188,44.1,166.0,False,False,False,False,False,False
5816,L52995,L,301.2,311.0,40.8656334834051,33.0,200.0,False,False,False,False,False,False
5862,L53041,L,300.1,311.0,39.42080668885405,47.7,84.0,False,False,False,False,False,False
6146,M21005,M,301.1,311.1,37.89459064299283,41.8,156.0,False,False,False,False,False,False
7584,L54763,L,300.3,310.1,38.47076812334269,46.6,108.0,False,False,False,False,False,False
3926,L51105,L,302.6,311.6,40.47221268969612,29.6,160.0,False,False,False,False,False,False
6206,M21065,M,300.9,310.7,41.182520563948,27.3,76.0,False,False,False,False,False,False
118,L47297,L,298.8,308.6,39.98749804626441,33.0,101.0,False,False,False,False,False,False
1161,H30574,H,297.0,307.7,42.82522621072771,23.8,195.0,False,False,False,False,False,False
5692,L52871,L,302.4,311.8,36.3318042491699,56.4,100.0,False,False,False,False,False,False
3429,L50608,L,301.6,310.6,37.296112397943034,49.4,164.0,False,False,False,False,False,False
3443,M18302,M,301.4,310.5,38.66522985836241,52.5,201.0,False,False,False,False,False,False
5505,L52684,L,302.8,312.2,38.18376618407357,51.0,42.0,False,False,False,False,False,False
8879,L56058,L,298.1,309.2,42.44997055358225,26.9,83.0,False,False,False,False,False,False
8558,L55737,L,298.3,309.0,38.353617821530214,48.3,91.0,False,False,False,False,False,False
9349,L56528,L,298.2,308.7,37.89459064299283,49.1,26.0,False,False,False,False,False,False
7891,L55070,L,300.8,312.4,42.035699113967404,25.6,105.0,False,False,False,False,False,False
2166,L49345,L,299.5,309.1,38.41874542459709,47.8,223.0,False,False,False,False,False,False
8913,L56092,L,297.2,308.5,38.02630668366309,43.7,171.0,False,False,False,False,False,False
7781,L54960,L,300.4,311.6,42.60281680828159,23.5,49.0,False,False,False,False,False,False
6283,M21142,M,301.3,310.8,37.656340767525464,45.4,59.0,False,False,False,False,False,False
5930,L53109,L,300.3,310.1,38.353617821530214,45.2,48.0,False,False,False,False,False,False
8720,L55899,L,297.2,308.8,38.09199390948182,43.1,68.0,False,False,False,False,False,False
2371,L49550,L,299.2,308.4,40.24922359499622,34.1,89.0,False,False,False,False,False,False
6312,L53491,L,300.9,310.3,38.02630668366309,44.5,135.0,False,False,False,False,False,False
8344,H37757,H,298.8,309.8,37.907782842049734,48.2,164.0,False,False,False,False,False,False
5139,M19998,M,304.3,310.1,38.58756276314948,40.3,196.0,False,False,False,False,False,False
1457,L48636,L,299.0,310.1,38.742741255621034,43.0,91.0,False,False,False,False,False,False
7370,M22229,M,299.6,310.1,40.570925550201586,29.6,73.0,False,False,False,False,False,False
6689,L53868,L,300.1,311.0,39.344631145812,40.3,21.0,False,False,False,False,False,False
6309,M21168,M,300.8,310.1,41.060930335295616,26.9,108.0,False,False,False,False,False,False
4421,H33834,H,302.6,310.2,43.278170016764804,21.3,87.0,False,False,False,False,False,False
9645,L56824,L,299.3,310.4,40.36087214122113,32.6,177.0,False,False,False,False,False,False
6102,L53281,L,300.7,310.6,40.19950248448356,29.6,47.0,False,False,False,False,False,False
9058,M23917,M,297.3,308.4,41.060930335295616,34.5,97.0,False,False,False,False,False,False
2576,L49755,L,299.5,309.3,37.70941526992961,49.2,179.0,False,False,False,False,False,False
2421,H31834,H,298.8,308.2,38.07886552931954,44.7,14.0,False,False,False,False,False,False
9524,L56703,L,299.0,310.2,38.65229618017538,40.6,67.0,False,False,False,False,False,False
8599,L55778,L,297.6,308.3,38.44476557348217,42.3,193.0,False,False,False,False,False,False
393,M15252,M,297.6,308.5,38.600518131237564,43.4,154.0,False,False,False,False,False,False
7026,H36439,H,300.6,310.6,38.05259518088089,44.7,55.0,False,False,False,False,False,False
1212,H30625,H,296.9,308.0,37.62977544445356,46.9,105.0,False,False,False,False,False,False
7978,L55157,L,301.2,312.4,37.12142238654117,59.0,95.0,False,False,False,False,False,False
6887,M21746,M,300.8,310.1,38.27531841800928,43.2,113.0,False,False,False,False,False,False
3753,H33166,H,302.3,311.1,38.144462245521304,40.3,145.0,False,False,False,False,False,False
9035,H38448,H,297.4,308.2,39.81205847478876,46.2,37.0,False,False,False,False,False,False
4886,H34299,H,303.8,310.1,41.80908992073375,25.1,175.0,False,False,False,False,False,False
7939,L55118,L,300.1,311.7,41.0,31.3,221.0,False,False,False,False,False,False
981,L48160,L,296.1,306.7,37.53664875824692,42.8,134.0,False,False,False,False,False,False
2334,L49513,L,299.2,308.5,38.01315561749642,45.2,222.0,False,False,False,False,False,False
6164,L53343,L,300.8,310.7,36.851051545376556,48.1,198.0,False,False,False,False,False,False
4307,L51486,L,301.6,310.0,43.23193264243457,22.9,18.0,False,False,False,False,False,False
8050,H37463,H,300.1,311.9,40.049968789001575,30.5,45.0,False,False,False,False,False,False
470,M15329,M,297.3,308.8,39.824615503479755,32.7,131.0,False,False,False,False,False,False
8339,L55518,L,298.8,309.7,41.71330722922842,28.5,152.0,False,False,False,False,False,False
4344,L51523,L,301.7,309.8,38.61346915261564,39.3,114.0,False,False,False,False,False,False
537,L47716,L,297.4,309.3,41.94043395102154,24.8,108.0,False,False,False,False,False,False
143,M15002,M,298.6,308.4,42.16633728461603,28.2,161.0,False,False,False,False,False,False
1120,L48299,L,300.1,307.5,36.60601043544625,59.1,89.0,False,False,False,False,False,False
2962,L50141,L,300.6,309.4,40.66939881532551,32.8,57.0,False,False,False,False,False,False
6790,M21649,M,301.1,310.5,40.570925550201586,30.7,76.0,False,False,False,False,False,False
2638,L49817,L,299.9,309.6,35.9722114972099,49.7,126.0,False,False,False,False,False,False
4130,M18989,M,301.8,310.3,40.8166632639171,32.7,19.0,False,False,False,False,False,False
6720,M21579,M,301.4,310.6,37.82856063875548,40.6,101.0,False,False,False,False,False,False
6763,L53942,L,301.4,310.8,36.90528417449187,53.2,4.0,False,False,False,False,False,False
811,L47990,L,296.9,307.7,39.370039370059054,39.7,124.0,False,False,False,False,False,False
7147,L54326,L,300.4,309.9,38.67815921162743,31.8,154.0,False,False,False,False,False,False
2761,L49940,L,300.1,309.2,37.416573867739416,42.6,210.0,False,False,False,False,False,False
3058,L50237,L,300.1,310.1,37.416573867739416,46.7,77.0,False,False,False,False,False,False
2505,L49684,L,299.2,309.1,38.31448812133603,45.6,2.0,False,False,False,False,False,False
3186,L50365,L,300.1,309.3,41.048751503547585,27.1,203.0,False,False,False,False,False,False
4947,M19806,M,300.1,312.7,40.85339643163099,31.7,120.0,False,False,False,False,False,False
3813,L50992,L,302.0,310.6,37.30951621235526,50.0,84.0,False,False,False,False,False,False
8910,L56089,L,297.1,308.4,39.102429592034305,40.4,165.0,False,False,False,False,False,False
7075,M21934,M,300.7,310.6,38.57460304397182,39.2,189.0,False,False,False,False,False,False
7635,M22494,M,300.3,311.3,38.80721582386451,40.7,108.0,False,False,False,False,False,False
2182,H31595,H,299.5,309.1,39.344631145812,44.3,108.0,False,False,False,False,False,False
4877,M19736,M,300.1,312.4,39.242833740697165,37.4,146.0,False,False,False,False,False,False
8058,L55237,L,300.2,311.5,39.35733730830886,37.2,67.0,False,False,False,False,False,False
4394,M19253,M,302.2,310.1,39.64845520319802,34.6,17.0,False,False,False,False,False,False
9325,L56504,L,300.1,309.3,39.20459156782532,37.6,175.0,False,False,False,False,False,False
2888,M17747,M,300.5,309.5,41.12177038990418,27.6,67.0,False,False,False,False,False,False
3188,M18047,M,300.2,309.4,41.8568990729127,27.8,208.0,False,False,False,False,False,False
7856,M22715,M,300.3,311.8,39.89987468652001,32.1,11.0,False,False,False,False,False,False
6536,H35949,H,301.2,310.5,38.79432948254165,43.6,78.0,False,False,False,False,False,False
7794,L54973,L,300.1,311.5,37.86819245752297,40.8,80.0,False,False,False,False,False,False
288,L47467,L,298.2,308.3,42.485291572496,31.6,96.0,False,False,False,False,False,False
65,L47244,L,299.0,309.1,39.02563260217571,38.6,177.0,False,False,False,False,False,False
4248,L51427,L,302.6,311.0,37.0,60.0,93.0,True,False,True,False,False,False
8849,M23708,M,297.5,310.1,37.89459064299283,44.8,2.0,False,False,False,False,False,False
4382,L51561,L,301.9,309.6,38.02630668366309,43.2,225.0,False,False,False,False,False,False
7001,M21860,M,300.6,310.6,38.24918299781056,45.5,196.0,False,False,False,False,False,False
260,M15119,M,300.1,308.2,37.68288736283355,63.9,19.0,True,False,False,True,False,False
5579,L52758,L,302.5,312.2,39.67366884975475,38.7,30.0,False,False,False,False,False,False
7481,M22340,M,300.2,311.4,39.6232255123179,35.3,108.0,False,False,False,False,False,False
501,M15360,M,297.5,309.2,42.473521163190604,27.4,215.0,False,False,False,False,False,False
906,L48085,L,295.6,306.1,38.39270764090493,41.2,156.0,False,False,False,False,False,False
8451,L55630,L,298.4,310.0,39.48417404479927,44.2,23.0,False,False,False,False,False,False
3722,M18581,M,302.2,311.2,39.293765408777,43.6,63.0,False,False,False,False,False,False
7801,M22660,M,300.1,311.4,39.03844259188627,40.6,98.0,False,False,False,False,False,False
7196,M22055,M,300.1,310.1,37.986839826445156,49.3,61.0,False,False,False,False,False,False
5724,M20583,M,302.3,311.8,38.40572873934304,48.0,180.0,False,False,False,False,False,False
3584,L50763,L,300.1,310.7,41.84495190581536,29.3,133.0,False,False,False,False,False,False
4528,M19387,M,302.4,310.5,37.04051835490427,45.7,144.0,True,False,True,False,False,False
3307,L50486,L,301.4,310.5,37.841775856849004,54.3,81.0,False,False,False,False,False,False
3861,L51040,L,302.6,311.5,37.77565353504821,38.9,213.0,False,False,False,False,False,False
5164,M20023,M,304.2,313.4,41.38840417314975,23.5,50.0,False,False,False,False,False,False
4659,L51838,L,303.1,311.2,40.97560249709576,34.8,25.0,False,False,False,False,False,False
5362,L52541,L,303.3,312.7,40.53393639902249,30.7,142.0,False,False,False,False,False,False
9212,M24071,M,298.0,309.0,37.53664875824692,49.1,85.0,False,False,False,False,False,False
6345,H35758,H,300.2,309.8,37.067505985701274,47.7,108.0,False,False,False,False,False,False
5866,M20725,M,301.5,311.1,37.44329045369811,40.0,94.0,False,False,False,False,False,False
5767,M20626,M,301.7,311.2,37.589892258425,42.6,79.0,False,False,False,False,False,False
4534,M19393,M,300.1,310.3,37.080992435478315,52.5,161.0,True,False,True,False,False,False
6181,L53360,L,301.0,310.9,38.62641583165593,44.6,15.0,False,False,False,False,False,False
4319,L51498,L,301.5,310.1,39.25557285278104,42.2,52.0,False,False,False,False,False,False
4789,H34202,H,303.7,312.6,38.91015291668744,35.5,138.0,False,False,False,False,False,False
1022,M15881,M,296.3,307.2,38.13135192987524,42.5,35.0,False,False,False,False,False,False
5540,H34953,H,302.3,311.7,38.49675310984031,39.0,127.0,False,False,False,False,False,False
1221,L48400,L,300.1,308.2,39.71145930332956,29.4,130.0,False,False,False,False,False,False
2902,L50081,L,300.6,309.4,37.749172176353746,40.3,103.0,False,False,False,False,False,False
3268,L50447,L,301.3,310.0,39.370039370059054,41.5,197.0,False,False,False,False,False,False
3925,M18784,M,302.5,311.4,40.44749683231337,35.0,108.0,False,False,False,False,False,False
570,M15429,M,300.1,310.1,39.949968710876355,35.2,108.0,False,False,False,False,False,False
5912,M20771,M,300.8,310.4,35.888716889852724,64.0,3.0,False,False,False,False,False,False
3133,L50312,L,300.1,309.5,39.45883931389772,40.6,59.0,False,False,False,False,False,False
1406,L48585,L,298.9,310.1,37.33630940518894,42.7,179.0,False,False,False,False,False,False
2220,M17079,M,299.6,309.1,37.881393849751625,48.4,143.0,False,False,False,False,False,False
9100,H38513,H,297.3,308.1,38.43175770115127,52.3,2.0,False,False,False,False,False,False
6016,M20875,M,300.8,310.8,38.98717737923585,38.0,45.0,False,False,False,False,False,False
2841,H32254,H,300.4,310.1,38.561638969317684,38.9,108.0,False,False,False,False,False,False
4909,M19768,M,303.6,312.5,38.19685850956856,48.2,17.0,False,False,False,False,False,False
9513,L56692,L,299.0,310.2,39.68626966596886,37.8,42.0,False,False,False,False,False,False
8535,M23394,M,298.6,309.5,37.469987990390386,43.3,33.0,False,False,False,False,False,False
7365,L54544,L,299.5,309.9,37.44329045369811,51.7,58.0,False,False,False,False,False,False
1896,L49075,L,297.9,307.6,36.66060555964672,54.3,151.0,False,False,False,False,False,False
1915,L49094,L,298.0,307.7,40.53393639902249,32.3,200.0,False,False,False,False,False,False
2800,L49979,L,300.3,309.6,37.469987990390386,44.6,87.0,False,False,False,False,False,False
9151,M24010,M,297.5,308.6,36.701498607005135,57.0,132.0,False,False,False,False,False,False
9326,M24185,M,298.6,309.3,38.8587184554509,40.8,177.0,False,False,False,False,False,False
8044,L55223,L,300.7,311.9,38.54867053479276,35.8,32.0,False,False,False,False,False,False
6161,L53340,L,301.0,310.9,39.6232255123179,34.0,192.0,False,False,False,False,False,False
2856,L50035,L,300.5,309.3,39.08964057138413,37.0,221.0,False,False,False,False,False,False
5986,L53165,L,300.7,310.7,36.24913792078372,42.4,198.0,False,False,False,False,False,False
1050,L48229,L,296.5,307.6,37.61648574760805,44.2,106.0,False,False,False,False,False,False
8579,L55758,L,300.1,308.2,38.58756276314948,40.7,141.0,False,False,False,False,False,False
1626,L48805,L,297.9,307.8,36.945906403822335,46.9,73.0,False,False,False,False,False,False
4638,M19497,M,303.1,311.3,42.9767378938886,24.7,212.0,False,False,False,False,False,False
9077,L56256,L,297.2,308.1,38.39270764090493,44.3,152.0,False,False,False,False,False,False
6344,L53523,L,300.2,309.8,42.74342054632502,23.0,6.0,False,False,False,False,False,False
672,L47851,L,297.5,310.1,39.42080668885405,34.8,204.0,False,False,False,False,False,False
9845,H39258,H,298.3,309.1,38.52272056851645,37.0,28.0,False,False,False,False,False,False
6612,H36025,H,301.5,310.5,39.83716857408418,33.8,57.0,False,False,False,False,False,False
7324,L54503,L,299.9,310.2,38.45776904605882,46.3,173.0,False,False,False,False,False,False
6985,M21844,M,300.7,311.0,41.30375285612676,25.0,153.0,False,False,False,False,False,False
8978,M23837,M,296.9,307.5,39.44616584663204,31.2,116.0,False,False,False,False,False,False
3143,L50322,L,300.1,310.0,40.718546143004666,34.7,88.0,False,False,False,False,False,False
1533,M16392,M,298.1,308.9,37.64306044943742,39.2,65.0,False,False,False,False,False,False
7187,M22046,M,300.4,310.5,40.54626986542659,31.4,41.0,False,False,False,False,False,False
6817,L53996,L,300.9,310.7,38.43175770115127,43.2,143.0,False,False,False,False,False,False
7567,L54746,L,300.3,311.0,40.162171256046406,34.7,142.0,False,False,False,False,False,False
8047,L55226,L,300.6,311.8,38.353617821530214,41.4,39.0,False,False,False,False,False,False
8095,H37508,H,300.2,310.1,40.76763422127902,28.8,162.0,False,False,False,False,False,False
280,L47459,L,298.0,308.1,42.649736224272246,23.4,78.0,False,False,False,False,False,False
8128,M22987,M,300.1,311.3,40.620192023179804,33.8,108.0,False,False,False,False,False,False
8445,M23304,M,298.6,309.9,42.638011210655684,24.9,9.0,False,False,False,False,False,False
9319,L56498,L,300.1,309.4,36.932370625238775,44.5,162.0,False,False,False,False,False,False
179,L47358,L,298.2,308.2,37.89459064299283,50.2,43.0,False,False,False,False,False,False
7338,L54517,L,299.9,310.5,39.230090491866065,32.8,213.0,False,False,False,False,False,False
1877,L49056,L,298.3,310.1,35.24202037341219,62.0,98.0,False,False,False,False,False,False
165,M15024,M,298.5,308.3,37.94733192202055,43.6,5.0,False,False,False,False,False,False
3223,M18082,M,300.7,309.7,37.881393849751625,44.7,76.0,False,False,False,False,False,False
2145,L49324,L,299.4,308.9,38.09199390948182,40.5,168.0,False,False,False,False,False,False
8442,L55621,L,298.6,309.9,40.3732584763727,30.6,2.0,False,False,False,False,False,False
830,L48009,L,296.5,307.3,39.736632972611055,34.5,166.0,False,False,False,False,False,False
4527,L51706,L,302.4,310.4,39.0,38.5,142.0,False,False,False,False,False,False
3776,H33189,H,302.5,311.1,43.01162633521314,23.3,203.0,False,False,False,False,False,False
5721,L52900,L,302.3,311.9,37.86819245752297,51.9,173.0,False,False,False,False,False,False
5603,L52782,L,302.9,312.1,36.52396473549935,54.7,88.0,False,False,False,False,False,False
6315,M21174,M,301.0,310.1,42.34383071948026,25.0,142.0,False,False,False,False,False,False
9389,M24248,M,297.5,307.9,39.293765408777,37.9,136.0,False,False,False,False,False,False
5121,M19980,M,304.2,313.6,37.73592452822641,43.7,151.0,False,False,False,False,False,False
5155,L52334,L,304.2,313.4,39.59797974644666,37.6,108.0,False,False,False,False,False,False
2196,L49375,L,299.6,308.9,40.162171256046406,30.8,80.0,False,False,False,False,False,False
2855,L50034,L,300.1,309.3,38.34057902536163,40.8,108.0,False,False,False,False,False,False
8204,M23063,M,299.4,310.9,38.379682124790975,40.1,7.0,False,False,False,False,False,False
7212,L54391,L,299.8,309.7,37.82856063875548,40.3,101.0,False,False,False,False,False,False
6530,L53709,L,301.3,310.6,38.48376280978771,40.9,57.0,False,False,False,False,False,False
8470,M23329,M,298.6,309.7,35.77708763999664,64.1,71.0,False,False,False,False,False,False
8716,L55895,L,300.1,308.6,37.97367509209505,37.1,59.0,False,False,False,False,False,False
1499,L48678,L,300.1,308.8,42.30839160261236,27.2,193.0,False,False,False,False,False,False
7462,L54641,L,300.0,310.1,41.82104733265297,28.3,83.0,False,False,False,False,False,False
5933,L53112,L,300.5,310.5,38.92300091205713,36.6,54.0,False,False,False,False,False,False
6907,M21766,M,301.0,311.5,39.11521443121589,43.9,165.0,False,False,False,False,False,False
4219,M19078,M,302.0,310.6,38.45776904605882,40.5,108.0,False,False,False,False,False,False
3088,M17947,M,300.0,309.1,38.39270764090493,45.2,152.0,False,False,False,False,False,False
82,L47261,L,298.9,308.9,38.07886552931954,47.5,9.0,False,False,False,False,False,False
7277,M22136,M,300.1,310.3,36.742346141747674,48.8,50.0,False,False,False,False,False,False
3512,L50691,L,301.8,311.0,36.359317925395686,53.0,166.0,False,False,False,False,False,False
1866,L49045,L,297.9,307.7,39.585350825778974,34.7,74.0,False,False,False,False,False,False
7942,M22801,M,300.7,311.7,38.71692136521188,38.9,3.0,False,False,False,False,False,False
5535,M20394,M,302.3,311.7,38.65229618017538,37.1,114.0,False,False,False,False,False,False
3989,L51168,L,302.2,311.3,39.42080668885405,40.2,118.0,False,False,False,False,False,False
6129,L53308,L,300.9,311.0,38.71692136521188,38.0,111.0,False,False,False,False,False,False
7825,L55004,L,299.9,311.3,39.179076048319466,38.1,160.0,False,False,False,False,False,False
8463,M23322,M,300.1,309.8,38.742741255621034,44.7,48.0,False,False,False,False,False,False
3508,M18367,M,301.7,310.8,38.7556447501522,34.4,157.0,False,False,False,False,False,False
9391,M24250,M,297.5,308.0,39.496835316262995,39.0,141.0,False,False,False,False,False,False
2922,L50101,L,300.1,309.8,40.70626487409524,31.1,108.0,False,False,False,False,False,False
5664,M20523,M,302.3,311.5,39.11521443121589,42.3,21.0,False,False,False,False,False,False
2307,L49486,L,299.1,308.6,35.4964786985977,57.8,152.0,False,False,False,False,False,False
8945,L56124,L,300.1,308.3,38.353617821530214,38.2,37.0,False,False,False,False,False,False
3360,L50539,L,301.5,310.6,39.05124837953327,41.9,204.0,False,False,False,False,False,False
2003,L49182,L,298.5,308.2,40.66939881532551,27.1,13.0,False,False,False,False,False,False
490,M15349,M,297.5,309.2,36.701498607005135,55.8,188.0,False,False,False,False,False,False
1403,M16262,M,298.9,310.1,36.235341863986875,56.8,171.0,False,False,False,False,False,False
9608,L56787,L,298.9,310.1,39.63584236521283,36.8,78.0,False,False,False,False,False,False
8729,M23588,M,297.2,308.7,37.389838191679836,38.1,88.0,False,False,False,False,False,False
4780,L51959,L,303.7,312.3,38.87158345115362,38.9,117.0,False,False,False,False,False,False
1509,M16368,M,298.0,308.6,38.82009788756334,37.3,217.0,False,False,False,False,False,False
1339,L48518,L,298.6,310.1,41.48493702538308,27.2,5.0,False,False,False,False,False,False
4724,L51903,L,303.4,311.8,36.959437225152655,50.9,200.0,True,False,True,False,False,False
9306,H38719,H,298.3,309.1,40.570925550201586,30.2,125.0,False,False,False,False,False,False
1774,L48953,L,300.1,308.0,37.20215047547655,59.5,27.0,False,False,False,False,False,False
8133,M22992,M,299.9,311.3,37.26929030716845,50.0,55.0,False,False,False,False,False,False
4797,L51976,L,303.5,312.4,37.282703764614496,47.3,164.0,False,False,False,False,False,False
9341,H38754,H,298.4,308.9,39.71145930332956,37.1,108.0,False,False,False,False,False,False
2857,H32270,H,300.5,309.3,38.353617821530214,45.2,223.0,False,False,False,False,False,False
3867,L51046,L,302.6,311.6,36.207733980463345,53.2,0.0,False,False,False,False,False,False
8197,L55376,L,299.4,310.8,40.27406113120453,33.6,217.0,False,False,False,False,False,False
7442,M22301,M,299.9,311.4,36.565010597564445,54.8,32.0,False,False,False,False,False,False
4496,L51675,L,300.1,310.4,36.864617182333525,57.2,67.0,True,False,True,False,False,False
67,M14926,M,300.1,308.9,40.97560249709576,28.7,181.0,False,False,False,False,False,False
1340,M16199,M,298.6,310.2,40.84115571332428,31.5,7.0,False,False,False,False,False,False
9459,L56638,L,300.1,309.1,37.64306044943742,40.6,121.0,False,False,False,False,False,False
5265,L52444,L,303.4,312.8,37.094473981982816,53.4,98.0,False,False,False,False,False,False
9353,L56532,L,298.2,308.7,42.190046219457976,27.9,35.0,False,False,False,False,False,False
3731,M18590,M,302.3,311.2,37.48332962798263,47.7,88.0,False,False,False,False,False,False
8154,L55333,L,300.1,310.8,38.82009788756334,42.4,108.0,False,False,False,False,False,False
6008,M20867,M,300.7,310.6,36.72873534441391,54.5,19.0,False,False,False,False,False,False
2635,L49814,L,300.0,309.7,39.42080668885405,32.0,117.0,False,False,False,False,False,False
7881,H37294,H,300.7,312.4,38.17066936798463,47.2,74.0,False,False,False,False,False,False
669,L47848,L,297.5,308.9,41.689327171351664,24.0,195.0,False,False,False,False,False,False
3981,M18840,M,302.2,311.3,37.080992435478315,47.0,98.0,False,False,False,False,False,False
3655,L50834,L,302.1,311.4,40.0374824383352,35.9,104.0,False,False,False,False,False,False
4983,L52162,L,303.7,313.0,42.555845661906424,24.3,209.0,False,False,False,False,False,False
5509,L52688,L,302.9,312.2,36.9729630946723,55.1,50.0,False,False,False,False,False,False
7018,M21877,M,300.7,310.6,38.39270764090493,37.0,33.0,False,False,False,False,False,False
4209,M19068,M,302.3,310.1,40.33608806019741,32.3,0.0,False,False,False,False,False,False
4591,L51770,L,302.8,311.1,38.157568056677825,36.1,89.0,False,False,False,False,False,False
8001,M22860,M,300.8,312.0,37.986839826445156,53.3,151.0,False,False,False,False,False,False
8453,M23312,M,298.6,310.0,38.88444419044716,37.5,108.0,False,False,False,False,False,False
6701,H36114,H,301.6,310.9,37.66961640367472,50.2,51.0,False,False,False,False,False,False
2477,H31890,H,298.9,308.4,38.06573262134856,42.4,108.0,False,False,False,False,False,False
3284,L50463,L,301.2,309.9,38.06573262134856,45.5,108.0,False,False,False,False,False,False
2889,M17748,M,300.6,309.6,36.945906403822335,50.0,70.0,False,False,False,False,False,False
8222,M23081,M,299.1,310.5,37.78888725538237,43.0,53.0,False,False,False,False,False,False
1863,L49042,L,297.9,307.7,38.948684188300895,44.4,67.0,False,False,False,False,False,False
659,L47838,L,297.7,309.1,39.52214569073901,36.8,172.0,False,False,False,False,False,False
2760,L49939,L,299.7,309.1,38.50973902793941,41.1,208.0,False,False,False,False,False,False
3043,M17902,M,300.2,310.1,38.19685850956856,43.9,39.0,False,False,False,False,False,False
9307,M24166,M,300.1,309.2,42.22558466143482,28.3,130.0,False,False,False,False,False,False
5836,L53015,L,301.3,311.2,40.84115571332428,30.1,108.0,False,False,False,False,False,False
4566,H33979,H,302.7,310.8,35.70714214271425,55.0,25.0,True,False,True,False,False,False
1028,M15887,M,296.3,307.4,36.53765181289022,50.5,48.0,False,False,False,False,False,False
2623,M17482,M,299.6,309.4,40.52159917870962,30.3,80.0,False,False,False,False,False,False
56,L47235,L,298.8,309.1,38.88444419044716,40.7,108.0,False,False,False,False,False,False
7804,M22663,M,299.8,311.3,38.948684188300895,41.2,105.0,False,False,False,False,False,False
5065,L52244,L,304.0,313.0,37.5099986670221,42.1,5.0,False,False,False,False,False,False
674,L47853,L,297.6,308.9,38.06573262134856,47.7,209.0,False,False,False,False,False,False
4281,L51460,L,302.1,310.1,41.86884283091664,28.9,176.0,False,False,False,False,False,False
17,M14876,M,298.6,309.2,36.207733980463345,46.6,44.0,False,False,False,False,False,False
2227,M17086,M,299.6,308.9,41.048751503547585,27.8,161.0,False,False,False,False,False,False
5965,H35378,H,300.5,310.8,40.38564101261734,30.5,132.0,False,False,False,False,False,False
753,L47932,L,296.9,308.1,37.70941526992961,48.7,215.0,False,False,False,False,False,False
6041,M20900,M,300.7,310.1,37.92097045171708,46.6,103.0,False,False,False,False,False,False
4973,H34386,H,303.8,312.6,42.555845661906424,24.9,183.0,False,False,False,False,False,False
2915,H32328,H,300.6,309.6,43.45112196480086,20.5,133.0,False,False,False,False,False,False
1783,L48962,L,298.4,308.0,39.63584236521283,37.4,50.0,False,False,False,False,False,False
1642,M16501,M,298.0,308.0,39.433488306260706,37.0,111.0,False,False,False,False,False,False
7841,L55020,L,300.2,311.6,40.07492981902776,31.0,199.0,False,False,False,False,False,False
6324,L53503,L,300.7,310.1,36.75595189897821,46.9,108.0,False,False,False,False,False,False
4310,M19169,M,301.3,309.9,38.742741255621034,39.5,27.0,False,False,False,False,False,False
4238,L51417,L,302.2,311.0,42.80186911806539,23.2,70.0,False,False,False,False,False,False
7566,M22425,M,300.3,311.2,42.22558466143482,25.6,139.0,False,False,False,False,False,False
4117,M18976,M,302.0,310.5,37.16180835212409,58.4,201.0,False,False,False,False,False,False
9842,M24701,M,298.3,309.2,36.864617182333525,51.4,21.0,False,False,False,False,False,False
5922,L53101,L,300.5,310.3,36.55133376499413,57.1,29.0,False,False,False,False,False,False
1437,H30850,H,298.8,309.8,38.8587184554509,44.2,35.0,False,False,False,False,False,False
7592,M22451,M,300.5,311.1,36.0,61.3,202.0,True,False,False,False,True,False
9812,L56991,L,298.2,309.0,40.124805295477756,31.7,155.0,False,False,False,False,False,False
5848,L53027,L,301.4,311.3,37.376463182061514,42.3,48.0,False,False,False,False,False,False
4991,L52170,L,303.9,313.2,37.322915213043046,46.5,9.0,False,False,False,False,False,False
1227,L48406,L,297.1,310.1,38.57460304397182,42.5,146.0,False,False,False,False,False,False
6427,L53606,L,300.2,309.7,38.05259518088089,36.8,108.0,False,False,False,False,False,False
9117,H38530,H,297.6,308.7,40.7308237088326,32.1,49.0,False,False,False,False,False,False
1262,H30675,H,300.1,309.0,43.41658669218482,25.2,24.0,False,False,False,False,False,False
7684,L54863,L,300.7,311.7,39.03844259188627,43.5,222.0,False,False,False,False,False,False
6451,L53630,L,300.6,310.2,37.12142238654117,47.3,71.0,False,False,False,False,False,False
7508,L54687,L,300.5,311.9,41.83300132670378,28.3,207.0,False,False,False,False,False,False
8217,L55396,L,299.2,310.6,37.013511046643494,61.9,42.0,False,False,False,False,False,False
4657,L51836,L,303.1,311.2,40.32369030731191,32.3,21.0,False,False,False,False,False,False
5009,H34422,H,303.7,312.8,38.57460304397182,42.8,54.0,False,False,False,False,False,False
1126,M15985,M,296.7,307.8,37.080992435478315,51.4,108.0,False,False,False,False,False,False
1004,L48183,L,296.2,307.1,38.0,46.7,194.0,False,False,False,False,False,False
4349,L51528,L,301.9,309.8,38.82009788756334,44.7,131.0,False,False,False,False,False,False
4575,M19434,M,302.9,311.0,37.44329045369811,40.7,52.0,False,False,False,False,False,False
9398,M24257,M,297.7,308.2,37.013511046643494,53.4,162.0,False,False,False,False,False,False
6049,M20908,M,300.9,311.0,39.44616584663204,38.8,127.0,False,False,False,False,False,False
2614,M17473,M,299.3,309.1,39.63584236521283,38.3,59.0,False,False,False,False,False,False
7222,H36635,H,299.7,309.6,37.8549864614954,49.6,129.0,False,False,False,False,False,False
5643,L52822,L,302.5,312.0,38.66522985836241,38.8,186.0,False,False,False,False,False,False
6169,M21028,M,300.7,310.6,42.16633728461603,27.1,215.0,False,False,False,False,False,False
2964,M17823,M,300.7,309.6,37.93415347678132,43.0,61.0,False,False,False,False,False,False
6426,L53605,L,300.3,309.9,37.322915213043046,56.1,12.0,False,False,False,False,False,False
7260,M22119,M,300.4,310.5,38.72983346207417,43.0,9.0,False,False,False,False,False,False
8552,M23411,M,298.2,309.1,38.17066936798463,49.0,77.0,False,False,False,False,False,False
2807,L49986,L,300.0,309.3,36.932370625238775,41.2,104.0,False,False,False,False,False,False
9380,L56559,L,297.5,308.2,37.66961640367472,48.5,108.0,False,False,False,False,False,False
9441,M24300,M,298.1,310.1,37.12142238654117,53.5,65.0,False,False,False,False,False,False
1601,M16460,M,297.8,310.1,39.28103868280471,43.7,8.0,False,False,False,False,False,False
3785,L50964,L,300.1,310.1,41.7612260356422,29.7,16.0,False,False,False,False,False,False
5903,L53082,L,300.9,310.6,39.97499218261337,35.4,186.0,False,False,False,False,False,False
3527,H32940,H,300.1,310.8,38.34057902536163,37.6,204.0,False,False,False,False,False,False
2738,M17597,M,299.7,309.1,38.8329756778952,41.2,152.0,False,False,False,False,False,False
1059,L48238,L,296.7,307.8,40.06245124802026,31.3,128.0,False,False,False,False,False,False
4749,L51928,L,303.2,311.2,36.91882988394946,46.7,29.0,True,False,True,False,False,False
606,M15465,M,297.9,309.8,41.14608122288197,29.9,35.0,False,False,False,False,False,False
5488,M20347,M,300.1,312.1,40.13726448077895,39.9,210.0,False,False,False,False,False,False
7523,L54702,L,300.1,311.5,36.52396473549935,54.0,26.0,False,False,False,False,False,False
473,M15332,M,297.4,309.0,38.691084244306204,41.8,144.0,False,False,False,False,False,False
810,L47989,L,296.9,307.6,38.1051177665153,45.7,122.0,False,False,False,False,False,False
9519,L56698,L,300.1,310.1,39.74921382870358,41.9,108.0,False,False,False,False,False,False
5897,L53076,L,301.1,310.8,35.6931365951495,55.7,169.0,False,False,False,False,False,False
1865,L49044,L,297.9,307.7,39.319206502675,37.6,72.0,False,False,False,False,False,False
7577,M22436,M,300.3,311.1,38.43175770115127,44.2,166.0,False,False,False,False,False,False
3303,L50482,L,301.3,310.5,38.768543949960254,48.6,72.0,False,False,False,False,False,False
7543,M22402,M,300.4,311.6,37.429934544425805,49.9,79.0,False,False,False,False,False,False
3077,L50256,L,300.0,309.2,38.0,43.6,123.0,False,False,False,False,False,False
726,L47905,L,297.4,310.1,40.496913462633174,34.2,142.0,False,False,False,False,False,False
9174,H38587,H,297.8,308.9,40.620192023179804,32.2,195.0,False,False,False,False,False,False
5050,H34463,H,304.0,313.1,38.36665218650175,45.5,166.0,False,False,False,False,False,False
1447,M16306,M,299.0,310.2,40.34848200366403,35.8,64.0,False,False,False,False,False,False
5780,L52959,L,301.6,311.1,40.98780306383839,29.2,108.0,False,False,False,False,False,False
9504,M24363,M,299.2,310.3,39.382737335030434,44.8,18.0,False,False,False,False,False,False
3796,M18655,M,300.1,310.8,37.53664875824692,41.3,39.0,False,False,False,False,False,False
1012,M15871,M,296.2,307.3,38.09199390948182,42.8,11.0,False,False,False,False,False,False
2977,M17836,M,300.5,309.3,43.37049688440288,25.5,98.0,False,False,False,False,False,False
4879,L52058,L,303.7,312.4,36.71511950137164,51.0,152.0,False,False,False,False,False,False
6532,H35945,H,301.2,310.7,40.69397989875161,26.2,64.0,False,False,False,False,False,False
608,M15467,M,298.0,309.9,39.56008088970496,33.9,40.0,False,False,False,False,False,False
8844,H38257,H,300.1,308.8,39.54743986657038,38.0,191.0,False,False,False,False,False,False
84,L47263,L,299.0,309.0,38.3275357934736,40.1,13.0,False,False,False,False,False,False
1990,L49169,L,298.2,307.9,42.24926034855522,23.4,181.0,False,False,False,False,False,False
9955,M24814,M,298.1,310.1,38.02630668366309,42.8,121.0,False,False,False,False,False,False
7557,L54736,L,300.3,310.1,38.353617821530214,37.0,114.0,False,False,False,False,False,False
5808,M20667,M,301.4,310.9,38.58756276314948,38.9,179.0,False,False,False,False,False,False
533,L47712,L,297.5,310.1,37.986839826445156,45.4,70.0,False,False,False,False,False,False
9714,L56893,L,299.1,310.2,38.67815921162743,45.0,104.0,False,False,False,False,False,False
6284,L53463,L,301.3,310.8,41.46082488325576,29.5,62.0,False,False,False,False,False,False
5131,L52310,L,300.1,310.1,40.84115571332428,35.7,180.0,False,False,False,False,False,False
9243,M24102,M,298.2,308.7,35.62302626111375,60.9,163.0,False,False,False,False,False,False
9021,L56200,L,297.3,308.2,39.408120990476064,33.5,2.0,False,False,False,False,False,False
3442,L50621,L,301.4,310.4,39.48417404479927,39.4,199.0,False,False,False,False,False,False
1787,L48966,L,298.4,308.2,40.22437072223753,33.0,108.0,False,False,False,False,False,False
2463,L49642,L,298.9,308.5,41.737273509418415,34.5,117.0,False,False,False,False,False,False
6280,L53459,L,301.3,310.8,37.841775856849004,54.4,51.0,False,False,False,False,False,False
5953,L53132,L,300.7,310.8,39.534794801541594,33.8,108.0,False,False,False,False,False,False
8211,H37624,H,299.2,310.7,40.44749683231337,29.4,23.0,False,False,False,False,False,False
1459,L48638,L,298.9,310.3,36.932370625238775,54.0,95.0,False,False,False,False,False,False
958,M15817,M,295.7,306.4,37.242448899072144,40.1,81.0,False,False,False,False,False,False
5467,M20326,M,302.9,312.3,37.76241517699841,44.7,157.0,False,False,False,False,False,False
6766,L53945,L,301.5,310.9,39.74921382870358,32.3,11.0,False,False,False,False,False,False
8241,L55420,L,299.0,310.4,38.50973902793941,41.5,96.0,False,False,False,False,False,False
6696,M21555,M,301.7,311.0,36.207733980463345,55.8,108.0,False,False,False,False,False,False
4231,L51410,L,302.2,310.8,40.90232267243512,32.9,52.0,False,False,False,False,False,False
6559,M21418,M,301.5,310.6,38.03945320322047,41.9,140.0,False,False,False,False,False,False
1100,M15959,M,296.8,307.4,38.36665218650175,43.9,30.0,False,False,False,False,False,False
9707,M24566,M,299.0,310.1,41.291645644125154,30.1,84.0,False,False,False,False,False,False
374,L47553,L,297.4,308.3,37.57658845611187,42.0,111.0,False,False,False,False,False,False
2777,L49956,L,300.1,309.4,38.118237105091836,47.6,28.0,False,False,False,False,False,False
8357,M23216,M,298.6,309.6,36.66060555964672,59.4,200.0,False,False,False,False,False,False
6604,M21463,M,301.5,310.6,37.456641600656084,47.4,108.0,False,False,False,False,False,False
5115,M19974,M,304.2,313.8,38.48376280978771,44.9,136.0,False,False,False,False,False,False
5988,L53167,L,300.7,310.8,40.099875311526844,39.5,202.0,False,False,False,False,False,False
7403,M22262,M,299.8,310.8,38.24918299781056,43.5,156.0,False,False,False,False,False,False
3336,L50515,L,301.7,310.9,41.291645644125154,31.2,146.0,False,False,False,False,False,False
8627,L55806,L,297.4,308.2,37.44329045369811,49.7,41.0,False,False,False,False,False,False
7095,L54274,L,300.6,310.2,38.03945320322047,45.9,17.0,False,False,False,False,False,False
8774,L55953,L,297.5,308.6,39.81205847478876,37.6,2.0,False,False,False,False,False,False
3046,L50225,L,300.2,309.4,39.06404996924922,35.3,46.0,False,False,False,False,False,False
6928,L54107,L,301.1,311.6,38.57460304397182,43.4,5.0,False,False,False,False,False,False
6938,H36351,H,300.6,311.1,38.1051177665153,40.2,28.0,False,False,False,False,False,False
5336,M20195,M,303.3,312.4,38.79432948254165,38.9,68.0,False,False,False,False,False,False
8871,M23730,M,297.9,309.1,36.578682316343766,49.6,56.0,False,False,False,False,False,False
2693,L49872,L,300.1,309.7,40.50925820105819,30.4,41.0,False,False,False,False,False,False
6431,L53610,L,300.3,309.8,39.02563260217571,39.2,24.0,False,False,False,False,False,False
7681,L54860,L,300.7,311.7,37.3496987939662,43.7,215.0,False,False,False,False,False,False
5070,M19929,M,304.2,313.2,37.14835124201342,48.7,17.0,False,False,False,False,False,False
292,L47471,L,298.0,308.3,38.379682124790975,42.6,107.0,False,False,False,False,False,False
9921,H39334,H,298.5,310.1,38.07886552931954,43.9,28.0,False,False,False,False,False,False
3790,L50969,L,302.3,310.8,40.620192023179804,32.4,26.0,False,False,False,False,False,False
2098,M16957,M,299.4,309.4,36.41428291206625,47.5,35.0,False,False,False,False,False,False
2042,L49221,L,299.1,308.9,40.98780306383839,27.2,110.0,False,False,False,False,False,False
9358,M24217,M,298.3,308.9,40.570925550201586,25.4,46.0,False,False,False,False,False,False
2626,L49805,L,299.7,309.4,37.403208418530085,39.9,91.0,False,False,False,False,False,False
5881,L53060,L,301.5,311.1,37.86819245752297,49.6,129.0,False,False,False,False,False,False
5539,M20398,M,302.3,311.8,43.347433603386484,23.0,124.0,False,False,False,False,False,False
2439,M17298,M,299.1,308.4,36.46916505762094,53.6,62.0,False,False,False,False,False,False
4912,L52091,L,303.5,312.3,41.0,29.8,108.0,False,False,False,False,False,False
8601,L55780,L,297.5,310.1,37.881393849751625,40.3,197.0,False,False,False,False,False,False
4627,L51806,L,303.0,310.1,40.792156108742276,29.8,186.0,False,False,False,False,False,False
4104,L51283,L,302.0,310.4,38.05259518088089,43.4,167.0,False,False,False,False,False,False
6830,H36243,H,300.9,310.9,38.39270764090493,35.7,175.0,False,False,False,False,False,False
2825,M17684,M,300.3,309.5,38.05259518088089,42.4,145.0,False,False,False,False,False,False
269,H29682,H,297.9,308.0,42.42640687119285,24.8,44.0,False,False,False,False,False,False
7185,M22044,M,300.1,310.3,39.91240408695021,36.1,36.0,False,False,False,False,False,False
782,L47961,L,296.8,308.0,40.92676385936225,29.7,46.0,False,False,False,False,False,False
4440,M19299,M,302.4,310.2,37.30951621235526,55.8,143.0,False,False,False,False,False,False
6756,M21615,M,301.8,311.1,40.779897008207364,31.6,199.0,False,False,False,False,False,False
4161,M19020,M,302.0,310.4,40.099875311526844,33.1,97.0,False,False,False,False,False,False
3729,L50908,L,302.3,311.3,38.17066936798463,44.5,83.0,False,False,False,False,False,False
1941,L49120,L,298.1,307.9,39.72404813208241,35.6,55.0,False,False,False,False,False,False
7599,L54778,L,300.5,311.1,38.61346915261564,42.6,11.0,False,False,False,False,False,False
8149,M23008,M,299.5,310.7,38.57460304397182,39.5,95.0,False,False,False,False,False,False
8758,L55937,L,297.5,310.1,39.83716857408418,34.9,166.0,False,False,False,False,False,False
1669,L48848,L,298.2,307.9,39.382737335030434,34.1,190.0,False,False,False,False,False,False
3326,L50505,L,301.5,310.6,39.83716857408418,33.7,122.0,False,False,False,False,False,False
8795,M23654,M,297.4,308.5,38.691084244306204,36.4,56.0,False,False,False,False,False,False
7267,L54446,L,300.1,310.5,39.72404813208241,32.8,26.0,False,False,False,False,False,False
1503,L48682,L,298.0,308.7,38.23610858861032,48.2,204.0,False,False,False,False,False,False
4190,L51369,L,302.4,310.9,39.496835316262995,31.8,172.0,False,False,False,False,False,False
8457,L55636,L,298.6,309.9,39.44616584663204,38.6,36.0,False,False,False,False,False,False
7422,M22281,M,300.1,311.4,36.6333181680284,48.5,203.0,False,False,False,False,False,False
5591,M20450,M,302.5,311.9,36.60601043544625,59.4,60.0,False,False,False,False,False,False
9203,L56382,L,297.8,308.8,39.344631145812,36.9,64.0,False,False,False,False,False,False
2640,M17499,M,299.8,309.4,37.57658845611187,47.8,130.0,False,False,False,False,False,False
5315,L52494,L,303.6,312.8,41.24318125460256,30.8,12.0,False,False,False,False,False,False
9860,M24719,M,298.6,309.5,39.74921382870358,33.9,70.0,False,False,False,False,False,False
3916,L51095,L,302.5,311.5,41.23105625617661,29.5,133.0,False,False,False,False,False,False
9269,L56448,L,298.2,308.8,40.8166632639171,31.5,30.0,False,False,False,False,False,False
1431,L48610,L,298.9,310.0,37.12142238654117,49.3,18.0,False,False,False,False,False,False
9539,L56718,L,299.3,310.6,38.47076812334269,45.1,107.0,False,False,False,False,False,False
8990,L56169,L,297.2,307.9,38.3275357934736,48.2,144.0,False,False,False,False,False,False
4079,H33492,H,300.1,310.7,35.9722114972099,62.4,101.0,True,False,True,False,False,False
2676,L49855,L,299.7,309.3,39.67366884975475,35.8,6.0,False,False,False,False,False,False
5675,M20534,M,302.2,311.7,37.322915213043046,42.5,53.0,False,False,False,False,False,False
3400,L50579,L,301.4,310.7,40.06245124802026,34.2,108.0,False,False,False,False,False,False
7146,L54325,L,300.5,310.0,37.589892258425,44.5,152.0,False,False,False,False,False,False
2004,M16863,M,298.5,308.2,39.54743986657038,37.5,15.0,False,False,False,False,False,False
4047,M18906,M,301.9,310.9,37.69615364994153,46.2,26.0,False,False,False,False,False,False
9986,H39399,H,298.7,308.5,39.64845520319802,35.6,202.0,False,False,False,False,False,False
4961,L52140,L,303.9,312.7,36.59234892706397,62.3,156.0,False,False,False,False,False,False
6571,L53750,L,301.4,310.6,40.422765862815474,31.1,171.0,False,False,False,False,False,False
6036,M20895,M,300.6,310.9,41.255302689472536,30.3,91.0,False,False,False,False,False,False
9568,L56747,L,299.8,311.1,37.57658845611187,42.5,181.0,False,False,False,False,False,False
3295,L50474,L,301.1,310.2,40.70626487409524,34.1,52.0,False,False,False,False,False,False
5676,M20535,M,302.3,311.7,38.118237105091836,42.5,56.0,False,False,False,False,False,False
2618,L49797,L,299.4,309.1,40.8656334834051,35.9,68.0,False,False,False,False,False,False
808,L47987,L,297.0,307.7,43.2087954009366,22.8,118.0,False,False,False,False,False,False
4200,M19059,M,302.5,311.1,40.47221268969612,32.0,198.0,False,False,False,False,False,False
5274,L52453,L,303.6,313.1,37.3496987939662,44.1,120.0,False,False,False,False,False,False
732,M15591,M,297.3,308.6,37.82856063875548,53.0,160.0,False,False,False,False,False,False
4835,M19694,M,303.4,311.9,38.8587184554509,42.2,36.0,False,False,False,False,False,False
7188,L54367,L,300.4,310.5,37.44329045369811,54.3,44.0,False,False,False,False,False,False
9172,M24031,M,297.7,308.8,37.255872020394314,45.6,190.0,False,False,False,False,False,False
1511,M16370,M,300.1,308.7,39.331920878594275,38.9,0.0,False,False,False,False,False,False
5264,L52443,L,303.5,312.8,43.32435804486894,22.3,96.0,False,False,False,False,False,False
6554,L53733,L,300.1,310.8,37.26929030716845,52.7,125.0,False,False,False,False,False,False
9720,L56899,L,300.1,309.9,36.180105030251084,56.2,119.0,False,False,False,False,False,False
3807,M18666,M,302.3,310.9,36.87817782917155,44.0,67.0,True,False,True,False,False,False
2748,L49927,L,299.7,309.2,40.19950248448356,31.6,175.0,False,False,False,False,False,False
2556,L49735,L,299.3,309.2,38.87158345115362,37.2,129.0,False,False,False,False,False,False
771,L47950,L,296.8,308.0,37.296112397943034,54.4,17.0,False,False,False,False,False,False
961,L48140,L,295.8,306.5,39.16631205513228,37.9,88.0,False,False,False,False,False,False
8586,M23445,M,297.4,307.9,36.578682316343766,48.5,158.0,False,False,False,False,False,False
9627,M24486,M,299.0,310.0,36.61966684720111,58.9,126.0,False,False,False,False,False,False
1071,M15930,M,296.9,307.8,38.43175770115127,37.2,160.0,False,False,False,False,False,False
1553,L48732,L,298.5,308.9,42.20189569201838,27.8,113.0,False,False,False,False,False,False
2892,L50071,L,300.6,309.6,41.012193308819754,30.7,78.0,False,False,False,False,False,False
6156,L53335,L,301.0,311.0,40.422765862815474,31.2,182.0,False,False,False,False,False,False
1900,L49079,L,297.8,307.5,37.255872020394314,40.0,159.0,False,False,False,False,False,False
6208,L53387,L,300.7,310.6,38.03945320322047,40.7,82.0,False,False,False,False,False,False
711,M15570,M,297.5,308.7,41.19465984809196,28.1,107.0,False,False,False,False,False,False
1803,H31216,H,298.1,307.6,38.67815921162743,44.1,104.0,False,False,False,False,False,False
6591,L53770,L,301.7,310.7,41.98809355043403,25.9,3.0,False,False,False,False,False,False
2940,L50119,L,300.9,309.7,37.82856063875548,41.4,199.0,False,False,False,False,False,False
4959,L52138,L,303.8,312.5,39.02563260217571,47.0,152.0,False,False,False,False,False,False
9475,M24334,M,298.7,309.6,38.144462245521304,46.8,162.0,False,False,False,False,False,False
3654,L50833,L,302.1,311.4,38.961519477556315,37.4,108.0,False,False,False,False,False,False
9327,L56506,L,298.6,309.3,40.95119045888654,31.2,180.0,False,False,False,False,False,False
2987,L50166,L,300.6,309.8,38.144462245521304,48.0,125.0,False,False,False,False,False,False
110,L47289,L,298.9,308.7,39.64845520319802,34.1,80.0,False,False,False,False,False,False
5271,L52450,L,303.5,312.9,35.70714214271425,64.4,113.0,False,False,False,False,False,False
2454,L49633,L,300.1,308.6,40.59556626036888,30.8,98.0,False,False,False,False,False,False
5438,M20297,M,302.9,312.6,37.33630940518894,46.4,82.0,False,False,False,False,False,False
326,L47505,L,297.8,308.5,41.2189276910499,27.8,199.0,False,False,False,False,False,False
1840,L49019,L,297.7,307.1,41.41255848169731,30.2,108.0,False,False,False,False,False,False
5000,M19859,M,303.7,312.9,39.14077158156185,41.3,32.0,False,False,False,False,False,False
4840,H34253,H,303.4,311.9,37.44329045369811,50.0,54.0,False,False,False,False,False,False
5180,M20039,M,304.0,313.1,38.07886552931954,42.8,108.0,False,False,False,False,False,False
9453,M24312,M,300.1,308.7,37.30951621235526,53.4,104.0,False,False,False,False,False,False
5749,M20608,M,302.2,311.7,39.698866482558415,34.0,28.0,False,False,False,False,False,False
5722,M20581,M,302.3,310.1,37.986839826445156,43.4,175.0,False,False,False,False,False,False
3220,M18079,M,300.1,309.6,38.768543949960254,38.4,68.0,False,False,False,False,False,False
4141,L51320,L,301.7,310.2,36.4828726939094,61.2,47.0,True,False,True,False,False,False
1304,L48483,L,298.7,310.1,39.91240408695021,42.5,146.0,False,False,False,False,False,False
3841,L51020,L,302.4,311.0,40.124805295477756,33.1,161.0,False,False,False,False,False,False
2327,M17186,M,299.4,308.7,38.561638969317684,52.6,205.0,False,False,False,False,False,False
5258,L52437,L,303.5,313.0,38.49675310984031,38.5,82.0,False,False,False,False,False,False
8769,M23628,M,297.5,308.7,36.91882988394946,53.6,194.0,False,False,False,False,False,False
7957,H37370,H,300.9,311.9,38.897300677553446,38.0,38.0,False,False,False,False,False,False
9491,M24350,M,299.0,309.7,37.656340767525464,44.7,209.0,False,False,False,False,False,False
298,L47477,L,298.0,308.5,41.38840417314975,25.3,124.0,False,False,False,False,False,False
6802,L53981,L,301.1,310.7,36.52396473549935,48.2,106.0,False,False,False,False,False,False
2637,L49816,L,300.1,309.6,35.41186241925155,61.3,124.0,False,False,False,False,False,False
9700,L56879,L,298.8,309.8,38.8329756778952,36.3,69.0,False,False,False,False,False,False
7034,M21893,M,300.7,310.8,38.3275357934736,46.4,75.0,False,False,False,False,False,False
6068,L53247,L,301.0,311.0,39.774363602702685,37.5,176.0,False,False,False,False,False,False
5985,H35398,H,300.7,310.8,36.68787265568828,52.0,193.0,False,False,False,False,False,False
4435,L51614,L,302.4,310.1,39.44616584663204,32.9,132.0,False,False,False,False,False,False
8230,L55409,L,299.1,310.5,41.701318923986086,27.4,72.0,False,False,False,False,False,False
3945,L51124,L,302.2,311.2,37.16180835212409,49.4,207.0,False,False,False,False,False,False
1743,L48922,L,298.5,308.0,37.134889255254286,49.6,152.0,False,False,False,False,False,False
8364,L55543,L,298.8,310.1,39.774363602702685,45.0,11.0,False,False,False,False,False,False
6656,L53835,L,301.4,310.3,40.48456495999432,32.7,108.0,False,False,False,False,False,False
4036,L51215,L,302.0,310.8,38.13135192987524,36.6,108.0,False,False,False,False,False,False
5733,L52912,L,300.1,311.7,37.57658845611187,44.5,204.0,False,False,False,False,False,False
1279,L48458,L,298.2,309.4,37.389838191679836,52.9,79.0,False,False,False,False,False,False
2584,L49763,L,299.2,308.9,36.6333181680284,50.8,195.0,False,False,False,False,False,False
5654,L52833,L,300.1,311.7,38.66522985836241,36.8,215.0,False,False,False,False,False,False
2959,M17818,M,300.8,309.5,38.48376280978771,44.5,49.0,False,False,False,False,False,False
7258,L54437,L,300.2,310.4,38.961519477556315,41.8,5.0,False,False,False,False,False,False
3721,M18580,M,302.4,311.4,38.8329756778952,41.2,60.0,False,False,False,False,False,False
1879,M16738,M,298.1,307.7,37.73592452822641,47.7,103.0,False,False,False,False,False,False
11,H29424,H,298.4,308.9,42.21374183841087,23.9,24.0,False,False,False,False,False,False
2106,L49285,L,299.3,309.1,38.66522985836241,44.0,55.0,False,False,False,False,False,False
2286,L49465,L,299.4,308.7,37.16180835212409,56.7,102.0,False,False,False,False,False,False
6189,L53368,L,301.0,310.9,38.07886552931954,45.9,35.0,False,False,False,False,False,False
4626,L51805,L,300.1,311.2,38.87158345115362,45.7,184.0,False,False,False,False,False,False
13,M14872,M,298.6,309.1,36.59234892706397,51.1,34.0,False,False,False,False,False,False
1655,L48834,L,298.2,308.1,37.134889255254286,62.3,149.0,False,False,False,False,False,False
22,L47201,L,298.8,309.3,38.07886552931954,44.8,63.0,False,False,False,False,False,False
6848,L54027,L,301.2,311.4,41.916583830269374,28.0,6.0,False,False,False,False,False,False
4964,L52143,L,303.9,312.7,42.2965719651132,24.4,163.0,False,False,False,False,False,False
3175,L50354,L,300.3,309.6,40.0,34.6,177.0,False,False,False,False,False,False
3994,L51173,L,302.3,311.3,36.38681079732051,47.8,131.0,False,False,False,False,False,False
8986,L56165,L,297.1,307.8,39.7994974842648,42.3,135.0,False,False,False,False,False,False
5896,M20755,M,301.2,310.9,38.2099463490856,46.7,166.0,False,False,False,False,False,False
5961,L53140,L,300.5,310.7,40.07492981902776,33.5,121.0,False,False,False,False,False,False
8299,H37712,H,298.7,310.1,37.881393849751625,45.6,37.0,False,False,False,False,False,False
1301,L48480,L,298.7,309.8,36.359317925395686,57.0,140.0,False,False,False,False,False,False
6001,H35414,H,300.4,310.2,37.82856063875548,43.2,0.0,False,False,False,False,False,False
2954,L50133,L,300.7,309.5,39.72404813208241,35.4,34.0,False,False,False,False,False,False
3805,L50984,L,302.3,310.1,39.102429592034305,33.4,62.0,False,False,False,False,False,False
2873,L50052,L,300.8,309.6,40.98780306383839,28.7,22.0,False,False,False,False,False,False
698,M15557,M,297.6,308.8,38.118237105091836,39.7,69.0,False,False,False,False,False,False
2570,H31983,H,299.5,309.2,43.266615305567875,22.6,108.0,False,False,False,False,False,False
3701,L50880,L,302.1,311.2,38.03945320322047,50.3,11.0,False,False,False,False,False,False
3794,L50973,L,302.3,310.9,37.134889255254286,49.3,34.0,True,False,True,False,False,False
8333,L55512,L,298.8,309.7,39.102429592034305,44.0,136.0,False,False,False,False,False,False
3490,L50669,L,301.9,310.1,39.26830783214372,36.7,101.0,False,False,False,False,False,False
9237,L56416,L,298.1,308.7,39.44616584663204,31.6,145.0,False,False,False,False,False,False
4614,L51793,L,303.1,311.3,37.456641600656084,55.6,150.0,False,False,False,False,False,False
2672,M17531,M,299.7,309.3,37.403208418530085,41.9,221.0,True,True,False,False,False,False
6253,L53432,L,300.8,310.3,39.21734310225516,36.1,198.0,False,False,False,False,False,False
72,L47251,L,300.1,309.1,38.1051177665153,45.5,196.0,False,False,False,False,False,False
2296,L49475,L,299.4,308.7,38.88444419044716,37.2,126.0,False,False,False,False,False,False
2924,M17783,M,300.7,309.7,37.376463182061514,51.3,155.0,False,False,False,False,False,False
597,M15456,M,297.6,309.6,39.11521443121589,37.3,10.0,False,False,False,False,False,False
3724,L50903,L,302.3,311.2,41.92851058647326,24.4,68.0,False,False,False,False,False,False
6932,M21791,M,300.8,311.4,39.0,39.9,15.0,False,False,False,False,False,False
5659,M20518,M,302.2,311.4,37.04051835490427,55.1,9.0,False,False,False,False,False,False
5302,L52481,L,300.1,313.1,36.180105030251084,55.8,193.0,False,False,False,False,False,False
4055,M18914,M,301.9,310.9,38.157568056677825,43.6,45.0,False,False,False,False,False,False
4151,L51330,L,301.9,310.4,40.124805295477756,34.8,71.0,False,False,False,False,False,False
1670,L48849,L,298.2,307.9,39.293765408777,31.4,192.0,False,False,False,False,False,False
8355,L55534,L,298.6,309.6,37.282703764614496,50.3,196.0,False,False,False,False,False,False
6125,M20984,M,300.9,310.9,41.557189510360296,30.1,102.0,False,False,False,False,False,False
4361,L51540,L,302.1,310.1,39.28103868280471,35.8,164.0,False,False,False,False,False,False
427,L47606,L,300.1,308.5,38.742741255621034,44.9,20.0,False,False,False,False,False,False
476,L47655,L,297.4,309.1,37.14835124201342,41.1,152.0,False,False,False,False,False,False
3486,L50665,L,301.9,310.8,37.77565353504821,47.7,92.0,False,False,False,False,False,False
6898,L54077,L,301.0,311.6,36.76955262170047,63.5,143.0,False,False,False,False,False,False
3232,L50411,L,300.7,309.3,37.749172176353746,45.3,100.0,False,False,False,False,False,False
991,L48170,L,296.2,307.0,37.603191353926334,48.3,162.0,False,False,False,False,False,False
3116,L50295,L,299.9,309.2,40.718546143004666,34.8,16.0,False,False,False,False,False,False
8343,L55522,L,298.7,309.7,38.8587184554509,40.6,162.0,False,False,False,False,False,False
1705,M16564,M,298.1,307.8,38.768543949960254,44.7,108.0,False,False,False,False,False,False
5592,L52771,L,302.5,310.1,39.67366884975475,33.8,63.0,False,False,False,False,False,False
1026,L48205,L,296.2,307.3,38.40572873934304,37.0,44.0,False,False,False,False,False,False
1532,H30945,H,298.1,309.0,37.92097045171708,41.4,60.0,False,False,False,False,False,False
697,M15556,M,297.6,309.0,42.60281680828159,25.3,66.0,False,False,False,False,False,False
5175,M20034,M,304.2,313.5,37.282703764614496,47.8,83.0,False,False,False,False,False,False
4112,M18971,M,302.0,310.6,39.534794801541594,41.0,184.0,False,False,False,False,False,False
8368,L55547,L,298.9,309.8,37.282703764614496,49.9,21.0,False,False,False,False,False,False
49,H29462,H,298.8,310.1,37.749172176353746,53.9,135.0,False,False,False,False,False,False
758,L47937,L,296.9,310.1,39.433488306260706,33.7,229.0,False,False,False,False,False,False
4737,L51916,L,300.1,310.1,38.897300677553446,37.9,0.0,False,False,False,False,False,False
2801,M17660,M,300.2,309.5,38.72983346207417,45.7,89.0,False,False,False,False,False,False
1804,L48983,L,298.1,310.1,37.255872020394314,40.3,109.0,False,False,False,False,False,False
6417,H35830,H,300.4,310.1,38.52272056851645,38.0,198.0,False,False,False,False,False,False
2043,M16902,M,299.1,308.9,37.376463182061514,52.4,112.0,False,False,False,False,False,False
7419,M22278,M,300.2,311.4,37.77565353504821,39.7,196.0,False,False,False,False,False,False
5887,L53066,L,300.1,311.1,38.65229618017538,41.9,108.0,False,False,False,False,False,False
9107,L56286,L,297.4,308.3,43.05810028322197,21.8,24.0,False,False,False,False,False,False
6329,L53508,L,300.7,310.0,40.890096600521744,29.7,176.0,False,False,False,False,False,False
16,L47195,L,298.6,309.2,39.26830783214372,48.4,42.0,False,False,False,False,False,False
6647,L53826,L,301.5,310.5,38.45776904605882,34.2,147.0,False,False,False,False,False,False
2193,L49372,L,299.6,309.0,38.36665218650175,48.8,72.0,False,False,False,False,False,False
320,L47499,L,297.8,308.4,40.149719799769464,32.1,183.0,False,False,False,False,False,False
3059,L50238,L,300.0,309.0,41.340053217188775,32.1,79.0,False,False,False,False,False,False
8389,L55568,L,298.9,309.9,36.945906403822335,46.5,75.0,False,False,False,False,False,False
3125,L50304,L,300.1,309.4,39.59797974644666,39.7,42.0,False,False,False,False,False,False
3265,H32678,H,301.3,310.1,38.144462245521304,44.1,188.0,False,False,False,False,False,False
52,L47231,L,298.9,310.1,37.1887079635741,54.9,145.0,False,False,False,False,False,False
6236,L53415,L,301.3,310.1,39.949968710876355,33.9,157.0,False,False,False,False,False,False
1751,M16610,M,298.4,307.8,40.2119385257662,31.6,173.0,False,False,False,False,False,False
6534,L53713,L,300.1,310.7,38.781438859330635,47.2,74.0,False,False,False,False,False,False
7855,L55034,L,300.3,311.8,39.382737335030434,37.2,9.0,False,False,False,False,False,False
1379,H30792,H,298.8,310.2,38.144462245521304,44.9,107.0,False,False,False,False,False,False
6724,M21583,M,301.4,310.6,39.56008088970496,36.1,110.0,False,False,False,False,False,False
9840,M24699,M,298.4,309.2,38.61346915261564,51.2,13.0,False,False,False,False,False,False
9430,L56609,L,298.2,308.8,38.704004960727254,36.0,39.0,False,False,False,False,False,False
1810,L48989,L,298.1,307.7,42.035699113967404,27.0,127.0,False,False,False,False,False,False
455,L47634,L,297.4,308.7,38.31448812133603,46.6,94.0,False,False,False,False,False,False
1700,L48879,L,298.1,307.7,35.90264614203248,48.3,42.0,False,False,False,False,False,False
6317,L53496,L,300.9,310.4,39.293765408777,36.0,148.0,False,False,False,False,False,False
6897,M21756,M,301.0,311.6,38.13135192987524,40.0,140.0,False,False,False,False,False,False
4103,L51282,L,302.0,310.4,38.07886552931954,46.6,165.0,False,False,False,False,False,False
9854,L57033,L,298.6,309.4,39.05124837953327,37.8,54.0,False,False,False,False,False,False
8620,H38033,H,297.6,308.6,38.47076812334269,39.8,19.0,False,False,False,False,False,False
4603,M19462,M,303.0,311.0,37.53664875824692,41.7,120.0,False,False,False,False,False,False
6684,L53863,L,300.1,310.9,36.30426972134269,50.6,11.0,False,False,False,False,False,False
9928,L57107,L,298.5,308.6,39.01281840626232,36.9,108.0,False,False,False,False,False,False
927,L48106,L,295.6,306.1,37.04051835490427,55.6,215.0,True,False,False,False,True,False
1768,M16627,M,298.3,307.7,38.98717737923585,41.4,10.0,False,False,False,False,False,False
2287,M17146,M,299.4,308.7,35.90264614203248,60.5,104.0,False,False,False,False,False,False
2568,L49747,L,299.4,309.1,42.02380277890139,24.6,158.0,False,False,False,False,False,False
1148,M16007,M,297.1,308.0,41.10960958218893,25.6,159.0,False,False,False,False,False,False
270,L47449,L,298.0,308.0,39.03844259188627,37.0,49.0,False,False,False,False,False,False
7562,L54741,L,300.3,310.1,37.255872020394314,49.4,128.0,False,False,False,False,False,False
7173,M22032,M,300.1,310.1,37.44329045369811,46.6,10.0,False,False,False,False,False,False
7290,L54469,L,300.3,310.6,37.8549864614954,53.8,86.0,False,False,False,False,False,False
2425,L49604,L,298.9,308.2,42.7551166528639,23.8,26.0,False,False,False,False,False,False
86,M14945,M,299.0,309.0,42.473521163190604,26.8,17.0,False,False,False,False,False,False
4918,M19777,M,303.4,312.2,39.50949253027682,38.2,45.0,False,False,False,False,False,False
3477,L50656,L,301.8,310.6,39.01281840626232,43.8,70.0,False,False,False,False,False,False
2346,L49525,L,299.2,308.4,38.40572873934304,38.7,22.0,False,False,False,False,False,False
7733,L54912,L,300.6,312.0,37.815340802378074,42.7,130.0,False,False,False,False,False,False
2529,L49708,L,298.8,308.6,41.593268686170845,25.9,59.0,False,False,False,False,False,False
6003,L53182,L,300.5,310.3,41.02438299353203,31.5,8.0,False,False,False,False,False,False
6868,L54047,L,301.0,311.3,36.6333181680284,50.9,60.0,False,False,False,False,False,False
9818,M24677,M,298.5,309.3,38.27531841800928,42.4,173.0,False,False,False,False,False,False
2490,H31903,H,300.1,308.7,38.72983346207417,41.6,187.0,False,False,False,False,False,False
658,L47837,L,300.1,309.2,36.945906403822335,58.6,170.0,False,False,False,False,False,False
5765,L52944,L,301.7,310.1,39.8622628559895,37.9,75.0,False,False,False,False,False,False
4583,L51762,L,302.9,311.2,40.422765862815474,36.9,108.0,False,False,False,False,False,False
411,M15270,M,297.5,308.6,38.36665218650175,44.9,198.0,False,False,False,False,False,False
5433,L52612,L,302.8,312.4,37.30951621235526,46.2,70.0,False,False,False,False,False,False
6227,H35640,H,301.3,311.0,36.61966684720111,59.3,134.0,False,False,False,False,False,False
5941,M20800,M,300.6,310.1,37.77565353504821,52.8,75.0,False,False,False,False,False,False
1702,L48881,L,298.0,307.7,38.45776904605882,42.5,47.0,False,False,False,False,False,False
302,L47481,L,297.7,308.4,41.71330722922842,27.1,136.0,False,False,False,False,False,False
7902,L55081,L,300.8,312.4,36.945906403822335,44.5,129.0,False,False,False,False,False,False
6709,M21568,M,301.4,310.6,38.262252939417984,37.4,74.0,False,False,False,False,False,False
4773,M19632,M,303.6,312.0,37.881393849751625,37.9,98.0,False,False,False,False,False,False
1244,M16103,M,297.1,308.4,37.841775856849004,53.4,199.0,False,False,False,False,False,False
5057,M19916,M,303.9,312.9,37.815340802378074,53.5,189.0,False,False,False,False,False,False
4980,M19839,M,303.7,312.7,40.149719799769464,36.3,200.0,False,False,False,False,False,False
4176,L51355,L,302.3,310.7,40.149719799769464,33.4,139.0,False,False,False,False,False,False
9752,L56931,L,298.6,309.9,40.18706259482024,28.8,199.0,False,False,False,False,False,False
8212,L55391,L,299.2,310.6,40.92676385936225,33.3,28.0,False,False,False,False,False,False
7426,M22285,M,300.0,311.4,42.320207938997655,24.1,213.0,False,False,False,False,False,False
2025,M16884,M,298.7,308.6,41.49698784249286,24.7,64.0,False,False,False,False,False,False
4747,L51926,L,303.2,311.2,37.77565353504821,45.6,25.0,False,False,False,False,False,False
880,L48059,L,295.8,306.3,36.565010597564445,54.6,87.0,False,False,False,False,False,False
6149,L53328,L,301.1,311.2,39.54743986657038,37.0,165.0,False,False,False,False,False,False
8940,M23799,M,297.3,308.4,37.86819245752297,44.8,21.0,False,False,False,False,False,False
8687,M23546,M,297.2,308.5,40.13726448077895,31.6,197.0,False,False,False,False,False,False
498,L47677,L,300.1,309.0,38.79432948254165,39.2,209.0,False,False,False,False,False,False
3080,L50259,L,300.1,309.3,36.60601043544625,56.0,130.0,False,False,False,False,False,False
8019,L55198,L,301.0,311.9,43.46262762420146,23.5,198.0,False,False,False,False,False,False
416,L47595,L,297.5,308.4,38.87158345115362,42.8,209.0,False,False,False,False,False,False
7304,L54483,L,300.1,310.6,37.067505985701274,45.4,119.0,False,False,False,False,False,False
5470,M20329,M,302.7,312.2,37.93415347678132,42.5,164.0,False,False,False,False,False,False
631,L47810,L,298.3,310.0,38.2099463490856,47.6,101.0,False,False,False,False,False,False
9858,M24717,M,298.6,309.5,36.959437225152655,55.0,65.0,False,False,False,False,False,False
5546,H34959,H,300.1,310.1,36.837480912787726,44.2,142.0,False,False,False,False,False,False
6259,M21118,M,301.1,310.7,39.786932528155525,40.7,2.0,False,False,False,False,False,False
6619,M21478,M,301.6,310.6,36.180105030251084,65.8,75.0,True,False,False,True,False,False
7512,L54691,L,300.4,311.8,40.01249804748511,36.1,0.0,False,False,False,False,False,False
8407,M23266,M,298.4,309.5,36.66060555964672,45.3,122.0,False,False,False,False,False,False
5216,M20075,M,303.7,312.7,39.14077158156185,42.7,194.0,False,False,False,False,False,False
6859,L54038,L,300.1,311.2,38.301436004411116,45.4,36.0,False,False,False,False,False,False
7169,L54348,L,300.3,310.3,41.27953488110059,29.5,0.0,False,False,False,False,False,False
2650,M17509,M,299.9,309.5,39.774363602702685,38.2,160.0,False,False,False,False,False,False
5297,H34710,H,303.8,313.2,37.134889255254286,50.2,178.0,False,False,False,False,False,False
4793,H34206,H,303.7,312.7,39.54743986657038,40.2,150.0,False,False,False,False,False,False
6818,M21677,M,301.0,310.7,38.63935817272331,48.1,108.0,False,False,False,False,False,False
7910,L55089,L,300.7,312.2,39.87480407475377,38.5,148.0,False,False,False,False,False,False
639,L47818,L,298.0,309.6,39.191835884530846,37.3,120.0,False,False,False,False,False,False
5376,L52555,L,302.9,312.3,39.11521443121589,34.9,185.0,False,False,False,False,False,False
4185,L51364,L,302.2,310.6,36.52396473549935,53.2,159.0,True,False,True,False,False,False
6997,M21856,M,300.5,310.6,40.26164427839479,32.0,184.0,False,False,False,False,False,False
7444,H36857,H,300.1,311.6,39.8622628559895,37.9,37.0,False,False,False,False,False,False
8491,M23350,M,298.5,309.6,36.932370625238775,58.7,123.0,False,False,False,False,False,False
3522,L50701,L,301.9,311.0,39.25557285278104,38.9,193.0,False,False,False,False,False,False
7878,L55057,L,300.7,312.3,37.68288736283355,53.8,67.0,False,False,False,False,False,False
1881,L49060,L,298.1,307.7,41.291645644125154,29.1,109.0,False,False,False,False,False,False
6944,L54123,L,300.7,311.3,39.01281840626232,35.2,48.0,False,False,False,False,False,False
1545,L48724,L,298.4,309.0,38.39270764090493,52.7,95.0,False,False,False,False,False,False
6550,H35963,H,301.3,310.6,39.07684736515984,44.0,114.0,False,False,False,False,False,False
407,L47586,L,297.4,308.6,37.93415347678132,51.9,188.0,False,False,False,False,False,False
925,L48104,L,295.5,306.0,42.42640687119285,27.6,208.0,False,False,False,False,False,False
4233,L51412,L,302.2,310.9,38.1051177665153,42.3,56.0,False,False,False,False,False,False
6625,L53804,L,301.7,310.7,39.14077158156185,39.8,92.0,False,False,False,False,False,False
7143,H36556,H,300.3,309.7,38.1051177665153,41.5,139.0,False,False,False,False,False,False
3594,M18453,M,301.6,310.4,37.107950630558946,44.9,161.0,False,False,False,False,False,False
7921,L55100,L,300.8,312.0,37.17526059088221,49.3,177.0,False,False,False,False,False,False
4188,M19047,M,302.2,310.7,40.01249804748511,33.0,166.0,False,False,False,False,False,False
9624,L56803,L,298.9,310.1,36.823905279043935,47.8,116.0,False,False,False,False,False,False
5414,H34827,H,302.7,312.5,39.07684736515984,36.4,26.0,False,False,False,False,False,False
4890,L52069,L,303.7,312.5,40.39801975344831,36.6,186.0,False,False,False,False,False,False
2110,M16969,M,299.3,309.0,38.67815921162743,43.4,67.0,False,False,False,False,False,False
3020,L50199,L,300.5,309.8,37.134889255254286,54.2,207.0,True,False,False,False,True,False
9913,L57092,L,300.1,308.9,36.42801120017397,58.8,9.0,False,False,False,False,False,False
5556,L52735,L,302.5,312.0,37.5632799419859,44.2,177.0,False,False,False,False,False,False
4860,L52039,L,300.1,312.4,39.179076048319466,38.6,107.0,False,False,False,False,False,False
5073,L52252,L,304.1,313.0,37.52332607858744,45.3,28.0,False,False,False,False,False,False
5332,L52511,L,303.7,312.8,38.05259518088089,44.5,55.0,False,False,False,False,False,False
8098,L55277,L,300.3,311.7,38.1051177665153,41.5,172.0,False,False,False,False,False,False
1197,M16056,M,297.0,307.9,38.63935817272331,34.7,57.0,False,False,False,False,False,False
7791,L54970,L,300.1,311.4,41.58124577258358,29.3,71.0,False,False,False,False,False,False
2583,L49762,L,299.2,309.0,40.18706259482024,33.7,193.0,False,False,False,False,False,False
6669,L53848,L,301.4,310.5,38.41874542459709,39.2,108.0,False,False,False,False,False,False
9791,L56970,L,298.6,309.5,38.50973902793941,43.2,92.0,False,False,False,False,False,False
8298,M23157,M,298.8,310.2,39.93745109543172,33.1,34.0,False,False,False,False,False,False
8143,M23002,M,299.7,310.1,38.05259518088089,49.8,80.0,False,False,False,False,False,False
7470,L54649,L,300.3,311.6,40.08740450565489,33.5,109.0,False,False,False,False,False,False
7396,M22255,M,299.7,310.1,39.64845520319802,38.0,139.0,False,False,False,False,False,False
5424,L52603,L,300.1,312.3,40.58324777540605,31.8,52.0,False,False,False,False,False,False
1464,L48643,L,298.8,310.1,40.08740450565489,39.5,105.0,False,False,False,False,False,False
2754,L49933,L,299.7,309.1,41.41255848169731,27.8,192.0,False,False,False,False,False,False
6557,L53736,L,301.5,310.7,41.060930335295616,27.9,135.0,False,False,False,False,False,False
7270,M22129,M,300.4,310.5,39.242833740697165,33.4,32.0,False,False,False,False,False,False
2433,L49612,L,298.9,310.1,38.8587184554509,43.5,46.0,False,False,False,False,False,False
4553,M19412,M,302.7,310.5,43.3589667773576,22.7,207.0,False,False,False,False,False,False
6896,M21755,M,301.0,310.1,36.837480912787726,45.6,137.0,False,False,False,False,False,False
4887,L52066,L,303.8,312.5,37.04051835490427,45.7,180.0,False,False,False,False,False,False
4290,M19149,M,301.8,310.0,42.20189569201838,23.9,198.0,False,False,False,False,False,False
463,L47642,L,297.4,308.7,37.8549864614954,43.4,116.0,False,False,False,False,False,False
9929,M24788,M,298.4,308.5,39.698866482558415,27.4,55.0,False,False,False,False,False,False
1117,L48296,L,296.4,307.3,38.561638969317684,37.5,83.0,False,False,False,False,False,False
6485,H35898,H,300.6,309.8,43.73785545725808,22.5,157.0,False,False,False,False,False,False
6342,M21201,M,300.4,309.8,37.69615364994153,47.2,0.0,False,False,False,False,False,False
8696,M23555,M,297.2,308.6,38.704004960727254,44.4,9.0,False,False,False,False,False,False
8378,L55557,L,298.8,309.7,36.55133376499413,50.3,44.0,False,False,False,False,False,False
8902,L56081,L,297.3,308.6,38.02630668366309,50.1,144.0,False,False,False,False,False,False
2416,M17275,M,299.1,308.5,39.83716857408418,35.6,2.0,False,False,False,False,False,False
19,H29432,H,298.8,309.2,36.138621999185304,54.5,50.0,False,False,False,False,False,False
210,L47389,L,298.4,308.6,38.43175770115127,44.0,124.0,False,False,False,False,False,False
3488,M18347,M,301.8,310.8,38.8329756778952,38.8,96.0,False,False,False,False,False,False
4217,L51396,L,301.9,310.7,37.013511046643494,50.3,20.0,False,False,False,False,False,False
7272,M22131,M,300.3,310.4,35.958309192730404,49.7,37.0,False,False,False,False,False,False
9546,L56725,L,300.1,311.0,37.815340802378074,38.3,124.0,False,False,False,False,False,False
8742,L55921,L,297.4,308.8,39.21734310225516,41.2,126.0,False,False,False,False,False,False
8646,M23505,M,297.6,308.6,38.62641583165593,35.5,88.0,False,False,False,False,False,False
6699,L53878,L,300.1,310.8,37.656340767525464,44.7,46.0,False,False,False,False,False,False
6599,L53778,L,301.5,310.7,37.73592452822641,51.1,22.0,False,False,False,False,False,False
8303,L55482,L,298.7,310.1,40.50925820105819,31.1,49.0,False,False,False,False,False,False
7483,M22342,M,300.1,311.6,38.8587184554509,47.5,146.0,False,False,False,False,False,False
1245,L48424,L,297.1,308.4,41.54515615568198,28.4,202.0,False,False,False,False,False,False
2609,L49788,L,299.5,309.3,37.53664875824692,44.7,46.0,False,False,False,False,False,False
2985,L50164,L,300.1,309.7,40.48456495999432,30.4,121.0,False,False,False,False,False,False
2639,L49818,L,299.8,309.5,41.701318923986086,27.5,128.0,False,False,False,False,False,False
5818,L52997,L,301.3,311.0,39.26830783214372,35.1,204.0,False,False,False,False,False,False
9175,L56354,L,297.8,308.9,43.255057507764334,25.6,200.0,True,True,False,False,False,False
6583,L53762,L,301.5,310.5,39.08964057138413,35.7,198.0,False,False,False,False,False,False
8926,M23785,M,297.2,308.2,37.48332962798263,42.5,204.0,False,False,False,False,False,False
1709,L48888,L,298.2,307.8,40.33608806019741,31.5,64.0,False,False,False,False,False,False
508,H29921,H,297.8,309.4,38.01315561749642,48.2,10.0,False,False,False,False,False,False
1805,L48984,L,300.1,307.7,38.66522985836241,48.1,111.0,False,False,False,False,False,False
7393,M22252,M,299.7,310.5,38.62641583165593,39.3,131.0,False,False,False,False,False,False
8404,L55583,L,298.5,309.6,38.23610858861032,45.1,115.0,False,False,False,False,False,False
1171,M16030,M,297.1,308.1,42.69660408041839,24.3,108.0,False,False,False,False,False,False
975,L48154,L,300.1,310.1,38.87158345115362,35.2,119.0,False,False,False,False,False,False
6945,M21804,M,300.7,311.3,38.561638969317684,39.8,50.0,False,False,False,False,False,False
1825,L49004,L,298.1,307.5,37.296112397943034,57.4,161.0,False,False,False,False,False,False
6683,L53862,L,301.5,310.8,38.88444419044716,38.9,9.0,False,False,False,False,False,False
8260,L55439,L,299.1,310.5,38.353617821530214,38.4,146.0,False,False,False,False,False,False
5711,H35124,H,302.2,311.7,37.589892258425,46.5,147.0,False,False,False,False,False,False
5677,L52856,L,302.3,311.8,39.56008088970496,37.8,59.0,False,False,False,False,False,False
9138,L56317,L,297.7,308.7,41.60528812542944,28.4,104.0,False,False,False,False,False,False
3917,L51096,L,302.6,311.6,38.118237105091836,37.0,135.0,False,False,False,False,False,False
7762,H37175,H,300.4,311.6,41.41255848169731,30.8,203.0,False,False,False,False,False,False
1580,L48759,L,298.3,308.3,38.0,43.8,108.0,False,False,False,False,False,False
9235,L56414,L,298.3,309.1,43.634848458542855,20.3,140.0,False,False,False,False,False,False
2332,L49511,L,299.3,308.6,37.20215047547655,53.6,218.0,True,False,False,False,True,False
7210,L54389,L,299.8,309.7,40.29888335921977,34.2,96.0,False,False,False,False,False,False
3938,L51117,L,302.5,311.5,42.44997055358225,26.4,192.0,False,False,False,False,False,False
8786,L55965,L,297.5,308.6,41.15823125451335,27.1,36.0,False,False,False,False,False,False
3877,L51056,L,302.6,311.8,40.33608806019741,31.8,23.0,False,False,False,False,False,False
9990,M24849,M,298.8,308.5,39.71145930332956,33.2,0.0,False,False,False,False,False,False
1252,M16111,M,297.4,308.8,36.864617182333525,48.7,220.0,False,False,False,False,False,False
9332,L56511,L,298.4,308.9,38.67815921162743,37.9,194.0,False,False,False,False,False,False
7667,M22526,M,300.6,311.7,37.73592452822641,50.8,182.0,False,False,False,False,False,False
3506,L50685,L,301.6,310.8,41.54515615568198,26.7,150.0,False,False,False,False,False,False
2048,L49227,L,299.3,309.2,42.13074886588179,24.2,125.0,False,False,False,False,False,False
1848,L49027,L,297.8,307.3,37.57658845611187,50.7,24.0,False,False,False,False,False,False
2323,L49502,L,299.2,308.7,38.91015291668744,41.9,196.0,False,False,False,False,False,False
4561,L51740,L,302.7,310.7,39.96248240537617,41.9,15.0,False,False,False,False,False,False
6002,M20861,M,300.4,310.2,37.14835124201342,47.3,5.0,False,False,False,False,False,False
2992,M17851,M,300.5,309.7,36.61966684720111,50.9,137.0,False,False,False,False,False,False
2592,L49771,L,300.1,310.1,39.01281840626232,46.4,2.0,False,False,False,False,False,False
1590,M16449,M,298.1,308.3,38.118237105091836,41.5,204.0,False,False,False,False,False,False
9135,L56314,L,297.7,308.7,38.06573262134856,40.2,95.0,False,False,False,False,False,False
7486,L54665,L,300.1,311.6,39.93745109543172,38.8,154.0,False,False,False,False,False,False
5940,L53119,L,300.5,310.5,37.53664875824692,60.9,73.0,False,False,False,False,False,False
9754,L56933,L,298.5,310.1,39.91240408695021,35.1,203.0,False,False,False,False,False,False
6685,L53864,L,301.6,310.9,39.21734310225516,40.4,13.0,False,False,False,False,False,False
3294,M18153,M,301.2,310.3,36.837480912787726,54.5,49.0,False,False,False,False,False,False
5978,L53157,L,300.6,310.7,41.83300132670378,30.6,171.0,False,False,False,False,False,False
3015,L50194,L,300.5,309.7,39.74921382870358,42.8,196.0,False,False,False,False,False,False
5222,L52401,L,303.9,313.0,40.32369030731191,31.4,209.0,False,False,False,False,False,False
9080,H38493,H,297.3,308.1,39.42080668885405,42.4,158.0,False,False,False,False,False,False
8810,L55989,L,297.3,308.5,38.768543949960254,43.3,90.0,False,False,False,False,False,False
3835,M18694,M,302.3,311.1,35.98610843089316,57.1,146.0,False,False,False,False,False,False
2656,M17515,M,299.8,309.4,41.84495190581536,27.0,108.0,False,False,False,False,False,False
9304,L56483,L,298.2,310.1,38.61346915261564,38.3,121.0,False,False,False,False,False,False
1364,L48543,L,298.7,310.1,37.8549864614954,54.6,66.0,False,False,False,False,False,False
2691,L49870,L,300.0,309.5,41.569219381653056,26.0,37.0,False,False,False,False,False,False
3523,L50702,L,301.8,311.0,40.63249930782009,32.5,195.0,False,False,False,False,False,False
3716,M18575,M,302.4,311.4,38.40572873934304,45.2,46.0,False,False,False,False,False,False
5689,M20548,M,302.3,311.7,37.72267222772003,44.6,93.0,False,False,False,False,False,False
9580,L56759,L,299.5,310.7,39.8622628559895,33.5,5.0,False,False,False,False,False,False
8745,M23604,M,297.4,308.7,42.40283009422838,23.0,108.0,False,False,False,False,False,False
2948,L50127,L,300.7,309.5,39.89987468652001,29.0,17.0,False,False,False,False,False,False
4314,L51493,L,301.4,310.1,38.7556447501522,46.6,37.0,False,False,False,False,False,False
5542,L52721,L,300.1,311.8,37.8549864614954,42.2,134.0,False,False,False,False,False,False
3106,L50285,L,299.8,309.1,40.149719799769464,35.4,205.0,False,False,False,False,False,False
6150,M21009,M,301.0,311.1,37.68288736283355,47.4,167.0,False,False,False,False,False,False
1687,H31100,H,297.9,307.3,40.779897008207364,28.7,7.0,False,False,False,False,False,False
1824,L49003,L,298.1,307.7,37.603191353926334,48.7,159.0,False,False,False,False,False,False
9750,H39163,H,298.8,310.1,38.50973902793941,45.4,192.0,False,False,False,False,False,False
1862,M16721,M,297.9,307.6,40.11234224026316,30.3,64.0,False,False,False,False,False,False
6313,M21172,M,300.9,310.2,39.153543900903784,38.1,137.0,False,False,False,False,False,False
402,L47581,L,297.5,308.5,41.49698784249286,30.4,178.0,False,False,False,False,False,False
2297,L49476,L,299.4,308.7,39.408120990476064,42.7,128.0,False,False,False,False,False,False
1836,H31249,H,297.8,307.3,39.433488306260706,35.8,190.0,False,False,False,False,False,False
8360,M23219,M,298.6,309.6,39.05124837953327,42.4,2.0,False,False,False,False,False,False
2617,L49796,L,299.4,309.1,34.741905532080416,66.5,66.0,False,False,False,False,False,False
4733,L51912,L,303.3,311.7,39.230090491866065,38.5,221.0,False,False,False,False,False,False
9613,M24472,M,299.0,310.2,40.311288741492746,31.8,89.0,False,False,False,False,False,False
4978,L52157,L,303.7,312.7,39.242833740697165,44.8,196.0,False,False,False,False,False,False
3424,L50603,L,301.4,310.4,38.67815921162743,35.2,153.0,False,False,False,False,False,False
4250,L51429,L,302.5,310.9,36.46916505762094,56.9,97.0,True,False,True,False,False,False
9310,L56489,L,298.3,309.2,39.52214569073901,37.6,137.0,False,False,False,False,False,False
685,L47864,L,300.1,309.0,39.21734310225516,43.2,30.0,False,False,False,False,False,False
1864,M16723,M,297.9,307.7,38.948684188300895,39.5,69.0,False,False,False,False,False,False
8274,M23133,M,299.0,310.6,42.2729227756965,22.2,192.0,False,False,False,False,False,False
2232,L49411,L,299.4,308.6,37.61648574760805,56.4,175.0,False,False,False,False,False,False
7052,L54231,L,300.6,310.4,39.44616584663204,37.7,122.0,False,False,False,False,False,False
3569,L50748,L,301.8,310.6,37.04051835490427,54.7,95.0,False,False,False,False,False,False
6006,L53185,L,300.6,310.5,39.6232255123179,38.3,14.0,False,False,False,False,False,False
6751,M21610,M,301.7,311.0,38.79432948254165,44.0,187.0,False,False,False,False,False,False
8559,M23418,M,298.3,309.0,38.79432948254165,41.3,93.0,False,False,False,False,False,False
6748,M21607,M,301.8,311.1,39.96248240537617,29.8,177.0,False,False,False,False,False,False
5787,L52966,L,301.7,311.2,39.0,36.7,130.0,False,False,False,False,False,False
7938,L55117,L,300.8,311.7,39.72404813208241,31.4,219.0,False,False,False,False,False,False
9907,M24766,M,298.6,309.1,39.83716857408418,37.3,203.0,False,False,False,False,False,False
2991,L50170,L,300.6,309.8,41.08527716834828,28.6,135.0,False,False,False,False,False,False
6776,L53955,L,301.2,310.6,40.8656334834051,30.0,40.0,False,False,False,False,False,False
9989,L57168,L,298.9,308.6,42.08325082500163,24.1,213.0,False,False,False,False,False,False
4331,L51510,L,301.5,309.8,39.35733730830886,38.5,81.0,False,False,False,False,False,False
6784,L53963,L,301.3,310.8,38.07886552931954,46.9,108.0,False,False,False,False,False,False
6649,L53828,L,301.5,310.4,38.57460304397182,41.1,151.0,False,False,False,False,False,False
9662,H39075,H,299.0,310.0,38.18376618407357,44.9,108.0,False,False,False,False,False,False
2994,M17853,M,300.5,309.8,37.013511046643494,55.9,143.0,False,False,False,False,False,False
7905,M22764,M,300.8,312.4,42.555845661906424,25.1,136.0,False,False,False,False,False,False
1271,M16130,M,298.0,309.4,35.7211421989835,65.9,50.0,False,False,False,False,False,False
135,L47314,L,298.8,308.4,37.0,53.0,138.0,False,False,False,False,False,False
3365,L50544,L,301.4,310.5,40.4103947023535,39.5,0.0,False,False,False,False,False,False
5898,M20757,M,301.0,310.1,38.948684188300895,40.2,171.0,False,False,False,False,False,False
4175,L51354,L,302.3,310.7,38.71692136521188,37.8,137.0,False,False,False,False,False,False
3311,L50490,L,301.3,310.4,36.68787265568828,46.7,90.0,False,False,False,False,False,False
3398,L50577,L,301.4,310.6,40.59556626036888,30.7,90.0,False,False,False,False,False,False
2361,H31774,H,300.1,310.1,37.255872020394314,53.2,59.0,False,False,False,False,False,False
9366,M24225,M,298.0,308.6,35.41186241925155,55.8,65.0,False,False,False,False,False,False
4643,L51822,L,303.2,311.4,35.185224171518364,54.6,226.0,True,False,True,False,True,False
6768,L53947,L,301.3,310.9,38.84584919911006,41.7,16.0,False,False,False,False,False,False
6395,M21254,M,300.1,309.7,37.52332607858744,44.0,144.0,False,False,False,False,False,False
1524,L48703,L,298.3,309.0,38.97435053981015,36.9,41.0,False,False,False,False,False,False
9594,L56773,L,299.1,310.1,36.76955262170047,52.8,41.0,False,False,False,False,False,False
9357,L56536,L,298.3,308.9,35.63705936241092,52.7,44.0,False,False,False,False,False,False
122,L47301,L,298.9,308.7,39.4715087119811,41.2,110.0,False,False,False,False,False,False
9285,L56464,L,298.2,310.1,41.02438299353203,31.7,74.0,False,False,False,False,False,False
8506,L55685,L,298.4,309.7,39.11521443121589,38.6,161.0,False,False,False,False,False,False
4479,L51658,L,302.5,310.2,38.43175770115127,41.6,108.0,False,False,False,False,False,False
5343,M20202,M,303.5,312.8,37.080992435478315,45.7,89.0,False,False,False,False,False,False
3493,H32906,H,301.9,310.1,36.55133376499413,63.6,111.0,False,False,False,False,False,False
5893,L53072,L,301.4,311.1,38.36665218650175,44.5,159.0,False,False,False,False,False,False
9352,L56531,L,298.3,308.8,40.55859958134649,30.4,33.0,False,False,False,False,False,False
1903,L49082,L,298.0,307.6,41.15823125451335,29.1,169.0,False,False,False,False,False,False
9547,M24406,M,299.7,311.2,39.496835316262995,43.9,126.0,False,False,False,False,False,False
4901,L52080,L,303.6,312.4,37.255872020394314,41.9,221.0,False,False,False,False,False,False
4400,L51579,L,302.3,310.1,40.65710270051225,29.7,34.0,False,False,False,False,False,False
294,H29707,H,298.1,308.5,37.30951621235526,44.8,108.0,False,False,False,False,False,False
9587,L56766,L,299.4,310.6,36.71511950137164,54.5,22.0,False,False,False,False,False,False
4719,L51898,L,303.3,311.6,36.565010597564445,56.8,187.0,True,False,True,False,False,False
4333,M19192,M,301.7,309.9,38.1051177665153,41.5,86.0,False,False,False,False,False,False
9529,M24388,M,299.1,310.3,35.11409973215888,59.0,81.0,False,False,False,False,False,False
3934,L51113,L,302.6,311.6,39.698866482558415,34.7,182.0,False,False,False,False,False,False
4034,L51213,L,302.1,310.8,42.09513035969837,27.1,108.0,False,False,False,False,False,False
8569,L55748,L,300.1,308.6,41.12177038990418,29.6,116.0,False,False,False,False,False,False
6715,L53894,L,301.3,310.6,37.94733192202055,53.8,90.0,False,False,False,False,False,False
6900,L54079,L,300.9,311.6,40.87786687193939,33.5,148.0,False,False,False,False,False,False
158,H29571,H,298.4,308.2,38.44476557348217,43.5,206.0,False,False,False,False,False,False
2947,M17806,M,300.7,309.5,40.27406113120453,30.5,14.0,False,False,False,False,False,False
6910,L54089,L,300.8,311.2,37.094473981982816,48.1,172.0,False,False,False,False,False,False
5599,L52778,L,302.8,312.1,37.960505792204614,52.1,79.0,False,False,False,False,False,False
2301,L49480,L,299.3,310.1,37.027017163147235,50.5,136.0,False,False,False,False,False,False
700,H30113,H,297.5,308.7,37.62977544445356,39.2,74.0,False,False,False,False,False,False
6566,L53745,L,301.4,310.6,39.370039370059054,36.8,159.0,False,False,False,False,False,False
2355,L49534,L,299.3,308.6,37.8549864614954,37.7,42.0,False,False,False,False,False,False
1164,L48343,L,296.9,307.9,36.9729630946723,47.1,204.0,False,False,False,False,False,False
1331,L48510,L,298.9,310.1,41.182520563948,30.2,214.0,False,False,False,False,False,False
303,H29716,H,297.8,308.4,38.88444419044716,35.1,138.0,False,False,False,False,False,False
8374,M23233,M,298.7,309.7,36.90528417449187,50.5,34.0,False,False,False,False,False,False
8051,L55230,L,300.7,312.0,37.429934544425805,51.1,50.0,False,False,False,False,False,False
4546,L51725,L,300.1,310.5,38.24918299781056,43.0,189.0,False,False,False,False,False,False
9040,M23899,M,297.3,308.3,36.61966684720111,51.9,51.0,False,False,False,False,False,False
1220,M16079,M,300.1,308.1,36.837480912787726,41.8,127.0,False,False,False,False,False,False
4533,H33946,H,302.5,310.1,37.70941526992961,41.9,156.0,False,False,False,False,False,False
7081,L54260,L,300.7,310.4,39.28103868280471,47.3,203.0,False,False,False,False,False,False
4204,M19063,M,302.3,310.9,39.4715087119811,31.9,207.0,False,False,False,False,False,False
6340,L53519,L,300.1,310.0,38.09199390948182,48.6,208.0,False,False,False,False,False,False
7305,L54484,L,300.1,310.5,37.33630940518894,44.3,121.0,False,False,False,False,False,False
4044,M18903,M,302.0,310.8,38.01315561749642,46.3,17.0,False,False,False,False,False,False
8839,L56018,L,300.1,309.0,36.3318042491699,54.7,179.0,False,False,False,False,False,False
1423,L48602,L,298.7,309.8,39.11521443121589,35.5,0.0,False,False,False,False,False,False
8385,L55564,L,298.8,309.7,38.07886552931954,43.1,63.0,False,False,False,False,False,False
3828,M18687,M,302.4,310.9,38.3275357934736,41.6,124.0,False,False,False,False,False,False
7692,M22551,M,300.5,311.5,37.013511046643494,56.1,7.0,False,False,False,False,False,False
6326,L53505,L,300.7,310.1,41.48493702538308,32.3,170.0,False,False,False,False,False,False
9969,L57148,L,298.4,308.0,40.06245124802026,32.4,154.0,False,False,False,False,False,False
7663,M22522,M,300.5,311.6,40.718546143004666,30.4,170.0,False,False,False,False,False,False
7621,L54800,L,300.5,311.5,40.63249930782009,36.9,65.0,False,False,False,False,False,False
8577,L55756,L,297.6,308.3,39.02563260217571,39.5,137.0,False,False,False,False,False,False
1016,L48195,L,296.2,307.2,36.823905279043935,43.6,22.0,False,False,False,False,False,False
1429,L48608,L,298.8,309.9,39.59797974644666,33.7,13.0,False,False,False,False,False,False
6502,M21361,M,300.9,310.0,40.0,36.0,204.0,False,False,False,False,False,False
4340,L51519,L,301.7,309.9,39.03844259188627,46.6,104.0,False,False,False,False,False,False
9253,M24112,M,298.1,309.0,39.153543900903784,36.1,189.0,False,False,False,False,False,False
6232,M21091,M,301.3,311.0,38.66522985836241,40.8,148.0,False,False,False,False,False,False
3629,L50808,L,302.2,311.4,40.11234224026316,32.1,41.0,False,False,False,False,False,False
717,H30130,H,297.4,308.6,37.68288736283355,45.8,120.0,False,False,False,False,False,False
3484,H32897,H,301.9,310.8,38.144462245521304,42.7,85.0,False,False,False,False,False,False
6261,L53440,L,301.1,310.7,37.89459064299283,45.3,8.0,False,False,False,False,False,False
3526,L50705,L,301.8,310.9,40.11234224026316,31.7,202.0,False,False,False,False,False,False
9625,H39038,H,299.0,310.1,39.433488306260706,38.6,118.0,False,False,False,False,False,False
4706,L51885,L,303.6,311.8,40.17461885320133,33.2,155.0,False,False,False,False,False,False
108,M14967,M,298.8,308.8,38.691084244306204,46.8,72.0,False,False,False,False,False,False
3324,L50503,L,301.5,310.5,39.8622628559895,36.7,118.0,False,False,False,False,False,False
3618,L50797,L,301.8,311.0,39.102429592034305,41.6,12.0,False,False,False,False,False,False
7700,M22559,M,300.7,311.5,37.960505792204614,40.6,33.0,False,False,False,False,False,False
9996,M24855,M,300.1,308.4,40.049968789001575,29.5,108.0,False,False,False,False,False,False
5506,L52685,L,302.8,312.2,41.78516483155236,27.4,44.0,False,False,False,False,False,False
1190,M16049,M,297.2,308.3,42.35563716909474,27.5,38.0,False,False,False,False,False,False
3977,H33390,H,302.3,311.4,37.04051835490427,46.0,86.0,False,False,False,False,False,False
9033,L56212,L,297.4,308.3,41.50903516103452,28.8,33.0,False,False,False,False,False,False
240,L47419,L,300.1,308.2,40.13726448077895,30.6,195.0,False,False,False,False,False,False
6623,L53802,L,301.7,310.7,38.63935817272331,51.1,87.0,False,False,False,False,False,False
9115,L56294,L,297.6,308.7,38.41874542459709,39.0,108.0,False,False,False,False,False,False
6421,L53600,L,300.3,309.9,38.961519477556315,36.4,0.0,False,False,False,False,False,False
6371,L53550,L,300.1,309.6,36.345563690772494,46.9,75.0,False,False,False,False,False,False
6089,L53268,L,300.9,310.8,38.41874542459709,39.0,10.0,False,False,False,False,False,False
1222,M16081,M,300.1,308.3,37.403208418530085,46.4,132.0,False,False,False,False,False,True
2074,L49253,L,299.6,309.4,40.95119045888654,31.1,191.0,False,False,False,False,False,False
6454,L53633,L,300.1,310.2,42.50882261366456,24.2,108.0,False,False,False,False,False,False
2272,L49451,L,299.2,308.5,42.67317658670374,26.1,69.0,False,False,False,False,False,False
7397,L54576,L,299.7,310.1,40.19950248448356,35.1,142.0,False,False,False,False,False,False
7653,L54832,L,300.3,311.4,36.68787265568828,51.1,147.0,False,False,False,False,False,False
8560,L55739,L,298.3,310.1,38.97435053981015,40.0,96.0,False,False,False,False,False,False
6196,L53375,L,300.9,310.8,41.58124577258358,30.2,53.0,False,False,False,False,False,False
1685,L48864,L,297.8,310.1,37.92097045171708,44.5,3.0,False,False,False,False,False,False
2002,L49181,L,300.1,308.2,40.049968789001575,34.9,11.0,False,False,False,False,False,False
2153,M17012,M,299.3,308.8,40.59556626036888,28.4,188.0,False,False,False,False,False,False
9292,L56471,L,298.2,309.0,36.78314831549904,57.8,89.0,False,False,False,False,False,False
779,L47958,L,296.7,308.0,39.74921382870358,32.2,108.0,False,False,False,False,False,False
8452,L55631,L,298.5,310.0,37.881393849751625,42.5,25.0,False,False,False,False,False,False
4849,H34262,H,303.5,310.1,37.376463182061514,52.9,80.0,False,False,False,False,False,False
5585,L52764,L,302.4,311.9,39.72404813208241,29.9,44.0,False,False,False,False,False,False
8002,L55181,L,300.8,312.0,37.067505985701274,50.2,154.0,False,False,False,False,False,False
7381,L54560,L,299.6,310.2,41.7492514902962,24.8,108.0,False,False,False,False,False,False
5125,M19984,M,304.2,310.1,39.45883931389772,37.3,164.0,False,False,False,False,False,False
1913,M16772,M,298.0,307.7,40.26164427839479,34.9,194.0,False,False,False,False,False,False
1153,L48332,L,297.1,307.9,38.82009788756334,38.3,170.0,False,False,False,False,False,False
5307,H34720,H,304.0,313.2,40.149719799769464,31.7,206.0,False,False,False,False,False,False
799,M15658,M,296.9,307.8,42.7551166528639,24.6,91.0,False,False,False,False,False,False
979,M15838,M,296.2,306.8,39.06404996924922,42.3,129.0,False,False,False,False,False,False
7701,M22560,M,300.7,311.6,36.71511950137164,62.5,36.0,False,False,False,False,False,False
5463,L52642,L,302.9,312.3,43.46262762420146,22.8,148.0,False,False,False,False,False,False
1180,L48359,L,297.3,308.4,37.960505792204614,43.4,14.0,False,False,False,False,False,False
5842,M20701,M,301.3,311.1,40.963398296528084,30.7,34.0,False,False,False,False,False,False
8202,M23061,M,299.3,310.1,42.731721238442994,25.1,2.0,False,False,False,False,False,False
5830,M20689,M,301.2,310.1,39.67366884975475,34.3,4.0,False,False,False,False,False,False
3329,L50508,L,301.6,310.6,37.656340767525464,43.9,129.0,False,False,False,False,False,False
8161,M23020,M,299.7,311.1,40.22437072223753,30.3,125.0,False,False,False,False,False,False
4261,H33674,H,302.7,311.1,37.656340767525464,43.4,130.0,False,False,False,False,False,False
7916,H37329,H,300.8,312.1,39.07684736515984,35.1,164.0,False,False,False,False,False,False
217,L47396,L,298.3,308.6,38.71692136521188,38.3,142.0,False,False,False,False,False,False
7757,L54936,L,300.5,311.8,36.98648401781386,57.9,191.0,True,False,False,False,True,False
6728,L53907,L,301.5,310.8,42.24926034855522,25.5,120.0,False,False,False,False,False,False
7459,M22318,M,300.1,311.6,37.8549864614954,51.4,76.0,False,False,False,False,False,False
6949,L54128,L,300.7,311.2,38.17066936798463,51.4,61.0,False,False,False,False,False,False
5773,L52952,L,301.6,311.3,41.30375285612676,29.9,93.0,False,False,False,False,False,False
3555,L50734,L,301.9,310.8,39.05124837953327,43.2,62.0,False,False,False,False,False,False
3234,H32647,H,300.8,309.4,38.39270764090493,40.7,104.0,False,False,False,False,False,False
1332,H30745,H,298.9,310.2,42.08325082500163,26.8,216.0,False,False,False,False,False,False
4183,L51362,L,302.4,310.7,36.90528417449187,54.8,155.0,True,False,True,False,False,False
5851,L53030,L,301.3,311.1,39.496835316262995,35.3,55.0,False,False,False,False,False,False
2211,L49390,L,299.7,309.2,37.429934544425805,54.1,118.0,False,False,False,False,False,False
5195,M20054,M,303.9,313.1,40.84115571332428,34.4,137.0,False,False,False,False,False,False
2364,L49543,L,299.3,310.1,38.8587184554509,45.4,72.0,False,False,False,False,False,False
868,H30281,H,295.9,306.5,39.92492955535426,33.2,55.0,False,False,False,False,False,False
2950,M17809,M,300.1,309.5,38.34057902536163,48.7,21.0,False,False,False,False,False,False
2222,L49401,L,300.1,309.0,37.04051835490427,60.4,149.0,False,False,False,False,False,False
7734,L54913,L,300.6,312.0,38.48376280978771,40.9,132.0,False,False,False,False,False,False
93,M14952,M,298.9,308.9,41.557189510360296,27.1,37.0,False,False,False,False,False,False
2138,L49317,L,300.1,308.9,40.28647415696737,31.1,152.0,False,False,False,False,False,False
8580,M23439,M,300.1,308.1,40.24922359499622,31.2,143.0,False,False,False,False,False,False
8855,M23714,M,297.7,309.0,37.8549864614954,41.8,16.0,False,False,False,False,False,False
497,M15356,M,297.5,309.2,39.11521443121589,40.0,206.0,False,False,False,False,False,False
356,L47535,L,297.6,308.3,40.28647415696737,36.9,61.0,False,False,False,False,False,False
6118,L53297,L,300.1,311.0,39.72404813208241,44.4,86.0,False,False,False,False,False,False
2275,L49454,L,299.3,310.1,38.98717737923585,33.7,76.0,False,False,False,False,False,False
4977,L52156,L,303.7,310.1,36.864617182333525,56.8,194.0,True,False,False,False,True,False
8772,L55951,L,297.5,308.6,39.191835884530846,39.0,202.0,False,False,False,False,False,False
9024,L56203,L,297.4,308.3,41.30375285612676,30.9,9.0,False,False,False,False,False,False
7282,L54461,L,300.0,310.2,40.92676385936225,29.7,64.0,False,False,False,False,False,False
6080,M20939,M,300.8,310.7,37.027017163147235,44.7,205.0,False,False,False,False,False,False
8997,L56176,L,300.1,307.9,39.242833740697165,37.1,164.0,False,False,False,False,False,False
5432,L52611,L,302.8,312.5,38.23610858861032,43.4,68.0,False,False,False,False,False,False
8958,L56137,L,297.4,308.1,36.71511950137164,53.7,68.0,False,False,False,False,False,False
9017,L56196,L,297.3,308.2,37.36308338453881,52.7,212.0,True,False,False,False,True,False
1918,M16777,M,298.1,307.9,38.24918299781056,47.3,206.0,False,False,False,False,False,False
3913,L51092,L,302.4,311.4,38.40572873934304,40.4,126.0,False,False,False,False,False,False
8518,M23377,M,298.3,309.6,38.3275357934736,54.8,108.0,False,False,False,False,False,False
7170,L54349,L,300.3,310.2,38.62641583165593,52.3,2.0,False,False,False,False,False,False
6378,L53557,L,300.1,309.6,39.25557285278104,37.0,96.0,False,False,False,False,False,False
3806,M18665,M,302.4,311.0,39.74921382870358,36.5,64.0,False,False,False,False,False,False
8264,H37677,H,299.2,310.6,41.27953488110059,30.6,108.0,False,False,False,False,False,False
7632,L54811,L,300.5,311.6,38.0,49.3,92.0,False,False,False,False,False,False
8521,M23380,M,298.3,309.5,39.28103868280471,49.9,199.0,False,False,False,False,False,False
7960,L55139,L,301.0,312.1,39.81205847478876,32.3,50.0,False,False,False,False,False,False
9308,L56487,L,300.1,309.1,37.3496987939662,49.8,133.0,False,False,False,False,False,False
8079,L55258,L,300.3,311.7,39.63584236521283,31.2,123.0,False,False,False,False,False,False
8021,H37434,H,300.9,312.0,41.47288270665544,27.9,202.0,False,False,False,False,False,False
4453,M19312,M,302.5,310.3,38.03945320322047,39.2,172.0,False,False,False,False,False,False
993,L48172,L,296.1,307.1,40.63249930782009,35.7,167.0,False,False,False,False,False,False
5926,M20785,M,300.2,310.1,40.23679907746142,31.3,38.0,False,False,False,False,False,False
827,L48006,L,300.1,307.2,38.48376280978771,38.2,108.0,False,False,False,False,False,False
8421,L55600,L,298.9,310.4,39.319206502675,37.7,159.0,False,False,False,False,False,False
7364,L54543,L,299.5,310.0,37.57658845611187,48.9,56.0,False,False,False,False,False,False
5552,H34965,H,302.4,311.9,36.959437225152655,47.3,162.0,False,False,False,False,False,False
7686,L54865,L,300.8,311.7,37.376463182061514,43.5,227.0,False,False,False,False,False,False
1844,L49023,L,297.6,307.1,38.67815921162743,39.2,12.0,False,False,False,False,False,False
4829,L52008,L,303.5,311.9,38.92300091205713,39.2,24.0,False,False,False,False,False,False
6303,L53482,L,301.2,310.6,37.907782842049734,51.2,112.0,False,False,False,False,False,False
9924,M24783,M,298.5,308.7,40.18706259482024,33.3,41.0,False,False,False,False,False,False
3857,M18716,M,302.4,311.2,36.46916505762094,58.6,201.0,False,False,False,False,False,False
9365,L56544,L,297.9,308.5,41.02438299353203,28.5,63.0,False,False,False,False,False,False
704,H30117,H,297.7,308.9,38.45776904605882,40.9,108.0,False,False,False,False,False,False
224,L47403,L,298.4,308.6,39.61060464067672,34.4,160.0,False,False,False,False,False,False
3610,M18469,M,301.7,310.9,40.54626986542659,32.5,201.0,False,False,False,False,False,False
9942,L57121,L,298.4,308.1,37.3496987939662,44.0,92.0,False,False,False,False,False,False
725,L47904,L,297.5,308.9,37.282703764614496,44.6,140.0,False,False,False,False,False,False
6162,L53341,L,301.0,310.9,38.45776904605882,44.3,194.0,False,False,False,False,False,False
1942,L49121,L,298.1,307.9,37.749172176353746,58.2,57.0,False,False,False,False,False,False
5554,L52733,L,302.5,311.9,36.138621999185304,59.7,172.0,False,False,False,False,False,True
2797,L49976,L,300.2,309.5,39.230090491866065,35.3,80.0,False,False,False,False,False,False
391,L47570,L,300.1,308.7,38.2099463490856,46.7,150.0,False,False,False,False,False,False
5775,L52954,L,301.5,311.1,40.024992192379,34.3,100.0,False,False,False,False,False,False
4625,M19484,M,303.0,311.1,37.78888725538237,39.8,181.0,False,False,False,False,False,False
5762,L52941,L,301.9,311.2,37.0,49.8,66.0,False,False,False,False,False,False
9708,L56887,L,299.0,310.1,41.2189276910499,32.9,87.0,False,False,False,False,False,False
5878,L53057,L,301.5,311.1,38.18376618407357,41.4,123.0,False,False,False,False,False,False
4822,L52001,L,303.5,311.9,37.48332962798263,45.6,10.0,False,False,False,False,False,False
7542,M22401,M,300.3,311.5,39.08964057138413,40.9,76.0,False,False,False,False,False,False
2432,M17291,M,298.9,310.1,37.5632799419859,51.3,43.0,False,False,False,False,False,False
6621,M21480,M,301.6,310.7,42.320207938997655,23.8,81.0,False,False,False,False,False,False
2396,M17255,M,299.2,308.5,41.737273509418415,28.9,150.0,False,False,False,False,False,False
32,L47211,L,299.0,309.4,42.40283009422838,25.5,89.0,False,False,False,False,False,False
1925,L49104,L,297.9,307.7,36.78314831549904,50.7,13.0,False,False,False,False,False,False
1341,L48520,L,298.6,310.2,39.61060464067672,36.3,10.0,False,False,False,False,False,False
8282,H37695,H,298.9,310.6,38.97435053981015,38.8,213.0,False,False,False,False,False,False
6822,M21681,M,300.8,310.6,39.30648801406709,37.5,155.0,False,False,False,False,False,False
626,L47805,L,300.1,310.1,39.30648801406709,36.3,90.0,False,False,False,False,False,False
3415,L50594,L,301.3,310.3,39.433488306260706,41.2,131.0,False,False,False,False,False,False
9142,L56321,L,300.1,308.5,39.96248240537617,36.4,112.0,False,False,False,False,False,False
1650,H31063,H,298.0,310.1,38.49675310984031,37.8,132.0,False,False,False,False,False,False
4378,M19237,M,301.8,309.6,37.89459064299283,49.0,214.0,False,False,False,False,False,False
408,M15267,M,297.4,308.5,40.0,42.1,190.0,False,False,False,False,False,False
3340,L50519,L,301.6,310.9,38.62641583165593,45.2,155.0,False,False,False,False,False,False
1259,L48438,L,297.5,308.9,37.77565353504821,50.4,17.0,False,False,False,False,False,False
2289,M17148,M,299.4,308.6,39.25557285278104,39.1,109.0,False,False,False,False,False,False
4844,L52023,L,303.3,311.8,42.91852746774987,24.5,67.0,False,False,False,False,False,False
6139,M20998,M,300.8,310.1,38.1051177665153,43.0,139.0,False,False,False,False,False,False
7853,L55032,L,300.3,311.7,38.92300091205713,37.5,108.0,False,False,False,False,False,False
313,L47492,L,297.9,308.6,38.31448812133603,36.0,168.0,False,False,False,False,False,False
6172,L53351,L,300.8,310.6,37.62977544445356,42.2,225.0,False,False,False,False,False,False
575,M15434,M,297.9,310.0,37.93415347678132,41.7,185.0,False,False,False,False,False,False
9094,M23953,M,297.3,308.1,41.340053217188775,30.6,196.0,False,False,False,False,False,False
2468,M17327,M,298.9,308.6,39.67366884975475,33.5,128.0,False,False,False,False,False,False
9879,L57058,L,298.7,309.7,35.958309192730404,59.1,125.0,False,False,False,False,False,False
986,L48165,L,300.1,307.2,41.80908992073375,25.3,144.0,False,False,False,False,False,False
5951,L53130,L,300.7,310.8,41.09744517606904,28.9,100.0,False,False,False,False,False,False
6906,M21765,M,301.0,311.5,39.370039370059054,34.9,162.0,False,False,False,False,False,False
3710,L50889,L,302.2,311.4,41.88078318274385,26.9,33.0,False,False,False,False,False,False
1784,H31197,H,298.3,308.0,39.408120990476064,41.0,52.0,False,False,False,False,False,False
3146,M18005,M,300.5,310.0,37.61648574760805,43.5,98.0,False,False,False,False,False,False
3659,M18518,M,302.2,310.1,38.06573262134856,44.5,113.0,False,False,False,False,False,False
4415,L51594,L,302.7,310.5,38.98717737923585,39.3,73.0,False,False,False,False,False,False
2566,L49745,L,299.4,309.1,36.11094017053558,50.5,153.0,False,False,False,False,False,False
818,L47997,L,296.8,307.6,36.98648401781386,52.0,140.0,False,False,False,False,False,False
4100,L51279,L,302.0,310.4,38.262252939417984,47.2,159.0,False,False,False,False,False,False
1547,L48726,L,298.4,308.9,37.296112397943034,48.4,100.0,False,False,False,False,False,False
3089,M17948,M,300.0,309.1,40.29888335921977,30.8,155.0,False,False,False,False,False,False
2389,M17248,M,299.2,308.5,39.06404996924922,37.3,135.0,False,False,False,False,False,False
2525,M17384,M,298.8,310.1,38.02630668366309,45.5,108.0,False,False,False,False,False,False
5140,M19999,M,304.4,310.1,38.8587184554509,38.9,199.0,False,False,False,False,False,False
1659,H31072,H,298.1,308.0,39.6232255123179,35.3,159.0,False,False,False,False,False,False
9564,M24423,M,299.8,311.1,41.98809355043403,25.5,108.0,False,False,False,False,False,False
8820,H38233,H,297.4,308.7,36.72873534441391,48.9,120.0,False,False,False,False,False,False
6220,H35633,H,301.1,310.6,37.5099986670221,43.9,108.0,False,False,False,False,False,False
228,L47407,L,298.3,308.5,39.230090491866065,36.1,168.0,False,False,False,False,False,False
9681,L56860,L,299.1,310.1,43.520110293977886,24.2,22.0,False,False,False,False,False,False
2107,L49286,L,299.4,309.1,40.55859958134649,28.6,57.0,False,False,False,False,False,False
9908,M24767,M,298.6,309.1,38.561638969317684,43.2,206.0,False,False,False,False,False,False
8575,L55754,L,297.6,308.3,37.73592452822641,53.9,132.0,False,False,False,False,False,False
7250,L54429,L,299.9,310.0,37.44329045369811,44.7,204.0,False,False,False,False,False,False
9917,M24776,M,298.5,308.8,39.408120990476064,34.9,18.0,False,False,False,False,False,False
33,L47212,L,299.0,309.4,37.66961640367472,48.3,91.0,False,False,False,False,False,False
1928,H31341,H,298.0,307.8,36.24913792078372,47.8,19.0,False,False,False,False,False,False
2655,L49834,L,299.9,309.5,39.585350825778974,35.5,171.0,False,False,False,False,False,False
2531,L49710,L,298.9,308.7,37.92097045171708,51.7,64.0,False,False,False,False,False,False
6740,L53919,L,301.7,311.2,38.49675310984031,43.6,154.0,False,False,False,False,False,False
3619,L50798,L,301.9,311.1,38.05259518088089,46.3,14.0,False,False,False,False,False,False
7098,M21957,M,300.6,310.1,35.11409973215888,52.3,23.0,False,False,False,False,False,False
1284,L48463,L,298.3,309.4,36.823905279043935,45.4,96.0,False,False,False,False,False,False
6054,L53233,L,300.8,310.1,41.80908992073375,29.9,140.0,False,False,False,False,False,False
4142,H33555,H,300.1,310.1,38.23610858861032,38.3,49.0,False,False,False,False,False,False
6207,M21066,M,300.8,310.6,40.85339643163099,28.4,79.0,False,False,False,False,False,False
4806,L51985,L,303.6,310.1,40.07492981902776,33.6,108.0,False,False,False,False,False,False
5385,M20244,M,302.9,312.4,37.69615364994153,46.0,206.0,False,False,False,False,False,False
281,M15140,M,298.1,308.1,38.157568056677825,43.7,108.0,False,False,False,False,False,False
1069,L48248,L,296.8,307.8,37.33630940518894,47.7,155.0,False,False,False,False,False,False
2356,M17215,M,299.3,310.1,36.124783736376884,60.6,44.0,False,False,False,False,False,False
1074,L48253,L,297.0,307.8,37.603191353926334,47.5,168.0,False,False,False,False,False,False
106,L47285,L,298.8,310.1,39.88734135035826,31.1,68.0,False,False,False,False,False,False
8114,L55293,L,300.4,311.7,38.19685850956856,45.6,3.0,False,False,False,False,False,False
9168,M24027,M,297.6,308.7,37.30951621235526,41.2,178.0,False,False,False,False,False,False
4513,M19372,M,302.5,310.3,37.5632799419859,49.5,110.0,False,False,False,False,False,False
6537,L53716,L,301.3,310.5,37.49666651850535,47.1,83.0,False,False,False,False,False,False
7197,H36610,H,300.1,310.1,37.76241517699841,42.7,64.0,False,False,False,False,False,False
8210,L55389,L,300.1,310.8,37.296112397943034,46.9,21.0,False,False,False,False,False,False
3714,L50893,L,300.1,311.5,39.56008088970496,35.6,41.0,False,False,False,False,False,False
5826,L53005,L,301.3,311.1,37.589892258425,42.0,221.0,False,False,False,False,False,False
30,L47209,L,300.1,309.4,41.14608122288197,30.1,84.0,False,False,False,False,False,False
2358,L49537,L,299.3,308.5,42.09513035969837,26.1,52.0,False,False,False,False,False,False
939,L48118,L,295.6,306.2,42.69660408041839,25.8,29.0,False,False,False,False,False,False
3155,L50334,L,300.4,309.7,39.16631205513228,42.5,127.0,False,False,False,False,False,False
8623,L55802,L,297.5,308.3,37.907782842049734,42.3,29.0,False,False,False,False,False,False
2839,L50018,L,300.1,309.3,38.44476557348217,39.5,180.0,False,False,False,False,False,False
7516,M22375,M,300.4,311.9,36.53765181289022,58.3,9.0,False,False,False,False,False,False
7160,L54339,L,300.1,310.0,38.87158345115362,41.7,186.0,False,False,False,False,False,False
7985,L55164,L,301.0,312.3,39.370039370059054,34.9,111.0,False,False,False,False,False,False
148,L47327,L,298.4,308.4,38.92300091205713,40.1,179.0,False,False,False,False,False,False
8761,M23620,M,297.4,308.7,37.30951621235526,46.4,174.0,False,False,False,False,False,False
7968,M22827,M,301.0,312.2,40.36087214122113,32.6,69.0,False,False,False,False,False,False
9070,M23929,M,297.2,308.2,40.963398296528084,28.1,133.0,False,False,False,False,False,False
7931,L55110,L,300.6,311.6,38.144462245521304,48.0,203.0,False,False,False,False,False,False
9947,L57126,L,298.3,307.9,38.7556447501522,42.0,103.0,False,False,False,False,False,False
9197,L56376,L,298.0,310.1,40.08740450565489,37.7,49.0,False,False,False,False,False,False
8327,H37740,H,298.6,309.5,39.02563260217571,34.2,119.0,False,False,False,False,False,False
2029,M16888,M,298.7,308.3,36.72873534441391,46.6,74.0,False,False,False,False,False,False
5716,H35129,H,302.2,311.9,39.96248240537617,35.8,160.0,False,False,False,False,False,False
3061,L50240,L,300.0,309.1,43.382023926967726,23.8,84.0,False,False,False,False,False,False
6472,L53651,L,300.4,309.6,39.02563260217571,38.5,124.0,False,False,False,False,False,False
8434,M23293,M,298.8,310.1,38.742741255621034,48.7,192.0,False,False,False,False,False,False
5377,H34790,H,302.8,312.3,36.55133376499413,57.5,108.0,False,False,False,False,False,False
8824,M23683,M,300.1,308.8,38.03945320322047,57.4,108.0,False,False,False,False,False,False
6084,L53263,L,300.9,310.1,37.26929030716845,50.0,214.0,False,False,False,False,False,False
9967,L57146,L,298.3,307.9,38.82009788756334,41.2,149.0,False,False,False,False,False,False
5614,M20473,M,303.0,312.3,38.50973902793941,38.8,114.0,False,False,False,False,False,False
1288,L48467,L,298.5,309.6,37.66961640367472,41.5,108.0,False,False,False,False,False,False
8817,M23676,M,297.2,308.5,37.749172176353746,45.8,108.0,False,False,False,False,False,False
7862,L55041,L,300.5,310.1,38.704004960727254,42.9,25.0,False,False,False,False,False,False
1009,L48188,L,296.2,307.1,37.960505792204614,41.7,3.0,False,False,False,False,False,False
5737,M20596,M,300.1,311.9,37.93415347678132,36.6,212.0,False,False,False,False,False,False
8615,L55794,L,297.5,308.5,41.12177038990418,33.1,9.0,False,False,False,False,False,False
2351,L49530,L,299.3,308.6,41.7612260356422,26.4,33.0,False,False,False,False,False,False
6828,M21687,M,301.0,310.9,38.92300091205713,41.8,170.0,False,False,False,False,False,False
4241,L51420,L,302.4,311.1,43.64630568559039,20.9,77.0,False,False,False,False,False,False
1617,H31030,H,300.1,310.1,40.76763422127902,30.7,48.0,False,False,False,False,False,False
2580,L49759,L,299.3,309.1,42.36744032862972,24.7,187.0,False,False,False,False,False,False
8376,M23235,M,300.1,309.6,37.20215047547655,48.2,39.0,False,False,False,False,False,False
7355,M22214,M,299.7,310.3,37.8021163428716,47.7,35.0,False,False,False,False,False,False
6203,L53382,L,301.0,310.9,36.0,54.9,69.0,False,False,False,False,False,False
9345,L56524,L,298.2,308.8,40.19950248448356,33.7,16.0,False,False,False,False,False,False
3376,M18235,M,301.4,310.1,38.19685850956856,46.9,27.0,False,False,False,False,False,False
1248,L48427,L,297.2,308.5,38.897300677553446,42.9,212.0,False,False,False,False,False,False
2231,L49410,L,299.5,308.7,38.02630668366309,45.7,173.0,False,False,False,False,False,False
5329,M20188,M,303.7,312.9,37.49666651850535,41.9,108.0,False,False,False,False,False,False
1217,L48396,L,296.9,310.1,38.91015291668744,41.0,120.0,False,False,False,False,False,False
9755,M24614,M,298.5,309.7,39.395431207184416,34.0,205.0,False,False,False,False,False,False
2345,M17204,M,299.2,308.3,41.892720131306824,26.4,19.0,False,False,False,False,False,False
3273,M18132,M,301.3,310.0,39.91240408695021,30.8,210.0,False,False,False,False,False,False
9599,L56778,L,299.0,310.2,38.600518131237564,41.1,54.0,False,False,False,False,False,False
686,M15545,M,297.7,309.0,40.44749683231337,29.7,32.0,False,False,False,False,False,False
1396,L48575,L,299.1,310.4,38.1051177665153,39.7,151.0,False,False,False,False,False,False
557,L47736,L,297.5,309.4,36.837480912787726,50.1,137.0,False,False,False,False,False,False
6858,L54037,L,301.1,311.3,40.27406113120453,35.6,34.0,False,False,False,False,False,False
9036,M23895,M,297.3,308.1,41.60528812542944,27.7,42.0,False,False,False,False,False,False
6506,L53685,L,301.1,310.1,38.17066936798463,39.6,215.0,False,False,False,False,False,False
9988,M24847,M,298.8,308.6,38.72983346207417,37.1,210.0,False,False,False,False,False,False
6582,L53761,L,301.4,310.4,39.48417404479927,36.0,108.0,False,False,False,False,False,False
7387,M22246,M,299.8,310.6,39.67366884975475,31.8,108.0,False,False,False,False,False,False
8744,H38157,H,297.4,310.1,36.373066958946424,51.1,130.0,False,False,False,False,False,False
4761,L51940,L,303.6,311.7,39.319206502675,38.5,64.0,False,False,False,False,False,False
6085,M20944,M,300.8,310.6,38.79432948254165,36.2,0.0,False,False,False,False,False,False
6141,L53320,L,300.8,310.1,39.8622628559895,34.3,144.0,False,False,False,False,False,False
7036,L54215,L,300.6,310.6,38.691084244306204,38.2,83.0,False,False,False,False,False,False
4556,L51735,L,302.7,310.6,41.10960958218893,26.7,4.0,False,False,False,False,False,False
8304,L55483,L,298.8,310.2,38.781438859330635,41.0,51.0,False,False,False,False,False,False
7851,M22710,M,300.3,311.7,38.03945320322047,36.8,0.0,False,False,False,False,False,False
4490,L51669,L,302.5,310.4,38.561638969317684,40.2,48.0,False,False,False,False,False,False
2255,L49434,L,299.1,308.3,36.40054944640259,46.9,28.0,False,False,False,False,False,False
4173,L51352,L,302.2,310.6,37.22902093797257,50.0,132.0,False,False,False,False,False,False
5380,L52559,L,302.9,312.4,38.02630668366309,41.7,196.0,False,False,False,False,False,False
620,L47799,L,298.3,310.0,38.82009788756334,44.7,73.0,False,False,False,False,False,False
1777,L48956,L,300.1,308.1,39.54743986657038,31.1,34.0,False,False,False,False,False,False
9869,L57048,L,298.9,309.9,39.06404996924922,35.4,96.0,False,False,False,False,False,False
6489,L53668,L,300.7,309.8,36.46916505762094,54.4,171.0,False,False,False,False,False,False
1184,L48363,L,297.3,308.4,38.897300677553446,40.5,25.0,False,False,False,False,False,False
3782,L50961,L,302.3,310.1,38.27531841800928,43.8,7.0,False,False,False,False,False,False
2813,M17672,M,300.0,309.3,37.589892258425,40.7,117.0,False,False,False,False,False,False
7362,L54541,L,299.5,310.0,38.7556447501522,38.5,52.0,False,False,False,False,False,False
1757,M16616,M,300.1,307.4,36.91882988394946,60.1,108.0,False,False,False,False,False,False
7163,L54342,L,300.2,310.2,37.12142238654117,43.9,108.0,False,False,False,False,False,False
1109,L48288,L,296.6,307.4,38.781438859330635,45.8,108.0,False,False,False,False,False,False
3382,L50561,L,301.3,310.6,37.094473981982816,47.6,45.0,False,False,False,False,False,False
1654,L48833,L,298.0,307.8,37.22902093797257,57.3,147.0,False,False,False,False,False,False
2659,L49838,L,300.0,309.4,37.3496987939662,44.5,181.0,False,False,False,False,False,False
785,L47964,L,296.7,310.1,41.7492514902962,27.9,55.0,False,False,False,False,False,False
1813,L48992,L,298.2,307.8,38.41874542459709,36.8,134.0,False,False,False,False,False,False
9446,M24305,M,298.2,310.1,38.02630668366309,45.8,80.0,False,False,False,False,False,False
5284,L52463,L,303.8,313.2,39.05124837953327,41.9,145.0,False,False,False,False,False,False
2606,L49785,L,299.4,309.2,39.395431207184416,37.4,37.0,False,False,False,False,False,False
5059,L52238,L,303.9,312.9,39.06404996924922,42.5,194.0,False,False,False,False,False,False
7675,L54854,L,300.5,311.6,38.84584919911006,47.2,202.0,False,False,False,False,False,False
8727,L55906,L,297.2,308.6,39.52214569073901,33.0,84.0,False,False,False,False,False,False
8882,H38295,H,298.0,309.2,38.98717737923585,37.9,89.0,False,False,False,False,False,False
3885,H33298,H,302.5,311.5,40.32369030731191,36.0,44.0,False,False,False,False,False,False
7413,L54592,L,300.0,311.0,40.45985664828782,33.6,181.0,False,False,False,False,False,False
9088,L56267,L,297.1,307.8,41.0,27.6,181.0,False,False,False,False,False,False
9383,L56562,L,297.5,308.2,40.124805295477756,33.6,115.0,False,False,False,False,False,False
9586,M24445,M,299.3,310.5,39.534794801541594,42.1,19.0,False,False,False,False,False,False
2369,M17228,M,299.3,308.4,38.31448812133603,42.2,83.0,False,False,False,False,False,False
5706,L52885,L,302.4,311.9,38.1051177665153,43.1,137.0,False,False,False,False,False,False
1366,L48545,L,298.7,310.1,40.93897898091744,33.5,70.0,False,False,False,False,False,False
1510,L48689,L,298.0,308.5,37.8021163428716,37.7,220.0,True,True,False,False,False,False
548,M15407,M,297.5,309.4,38.49675310984031,39.3,112.0,False,False,False,False,False,False
2414,L49593,L,299.0,310.1,43.42810150121693,23.0,198.0,False,False,False,False,False,False
9665,L56844,L,299.1,310.2,36.29049462324811,54.8,108.0,True,False,False,False,True,False
8382,H37795,H,298.8,310.0,39.11521443121589,38.3,53.0,False,False,False,False,False,False
8730,L55909,L,297.3,308.7,36.76955262170047,53.8,91.0,False,False,False,False,False,False
8878,M23737,M,298.1,309.2,38.2099463490856,45.8,80.0,False,False,False,False,False,False
2493,H31906,H,299.0,308.8,37.17526059088221,58.5,199.0,False,False,False,False,False,False
172,L47351,L,298.2,308.1,38.23610858861032,50.8,27.0,False,False,False,False,False,False
6575,L53754,L,301.4,310.6,39.72404813208241,33.0,181.0,False,False,False,False,False,False
3451,L50630,L,301.6,310.6,38.80721582386451,43.4,222.0,False,False,False,False,False,False
3040,M17899,M,300.3,309.5,40.80441152620633,31.4,32.0,False,False,False,False,False,False
7083,L54262,L,300.7,310.3,38.18376618407357,40.0,207.0,False,False,False,False,False,False
7319,H36732,H,299.9,310.3,39.179076048319466,43.9,154.0,False,False,False,False,False,False
3296,L50475,L,301.1,310.2,38.67815921162743,43.4,108.0,False,False,False,False,False,False
9637,L56816,L,299.2,310.3,38.82009788756334,41.3,158.0,False,False,False,False,False,False
912,M15771,M,295.6,306.1,38.600518131237564,42.7,171.0,False,False,False,False,False,False
1506,L48685,L,298.0,310.1,40.32369030731191,36.7,210.0,False,False,False,False,False,False
7271,L54450,L,300.2,310.4,42.5205832509386,25.8,35.0,False,False,False,False,False,False
9699,L56878,L,298.8,309.8,40.779897008207364,28.2,67.0,False,False,False,False,False,False
4578,L51757,L,300.1,311.2,42.42640687119285,23.7,61.0,False,False,False,False,False,False
8754,M23613,M,297.4,308.6,40.70626487409524,33.1,156.0,False,False,False,False,False,False
6050,M20909,M,300.9,311.0,39.585350825778974,34.3,130.0,False,False,False,False,False,False
4274,L51453,L,302.6,310.8,38.54867053479276,36.4,160.0,False,False,False,False,False,False
8590,M23449,M,297.3,307.8,39.21734310225516,48.0,171.0,False,False,False,False,False,False
1880,M16739,M,298.2,307.7,40.099875311526844,33.8,106.0,False,False,False,False,False,False
4379,M19238,M,301.9,309.6,37.21558813185679,45.8,217.0,False,False,False,False,False,False
9431,L56610,L,300.1,308.7,40.87786687193939,28.8,108.0,False,False,False,False,False,False
2032,L49211,L,298.8,308.6,36.4828726939094,62.8,81.0,False,False,False,False,False,False
2645,L49824,L,299.8,309.4,38.8587184554509,42.5,146.0,False,False,False,False,False,False
4245,L51424,L,302.4,310.9,38.3275357934736,39.6,86.0,False,False,False,False,False,False
2828,L50007,L,300.4,309.4,37.57658845611187,51.6,153.0,False,False,False,False,False,False
8351,M23210,M,298.7,309.6,37.17526059088221,48.1,186.0,False,False,False,False,False,False
7100,M21959,M,300.7,310.2,37.05401462729781,44.1,28.0,False,False,False,False,False,False
3269,M18128,M,301.3,310.1,39.05124837953327,37.8,199.0,False,False,False,False,False,False
3899,M18758,M,302.1,311.1,37.72267222772003,36.8,108.0,False,False,False,False,False,False
9347,M24206,M,298.2,308.8,40.32369030731191,40.4,20.0,False,False,False,False,False,False
6124,L53303,L,300.9,310.1,38.43175770115127,41.5,108.0,False,False,False,False,False,False
1218,L48397,L,297.0,308.1,38.144462245521304,43.5,122.0,False,False,False,False,False,False
101,L47280,L,298.8,308.9,43.034869582700026,25.0,108.0,False,False,False,False,False,False
3908,M18767,M,302.3,311.2,42.91852746774987,23.9,111.0,False,False,False,False,False,False
8977,L56156,L,296.7,307.4,39.179076048319466,34.6,114.0,False,False,False,False,False,False
7630,M22489,M,300.5,311.7,35.62302626111375,64.0,87.0,False,False,False,False,False,False
5327,M20186,M,303.5,312.7,37.68288736283355,49.1,42.0,False,False,False,False,False,False
3323,L50502,L,301.5,310.5,36.75595189897821,52.9,116.0,False,False,False,False,False,False
1343,M16202,M,298.6,310.1,39.949968710876355,33.0,15.0,False,False,False,False,False,False
3691,L50870,L,302.1,311.3,38.43175770115127,43.6,196.0,False,False,False,False,False,False
766,L47945,L,296.9,310.1,36.49657518178932,53.9,7.0,False,False,False,False,False,False
1719,M16578,M,298.2,307.7,41.0,31.0,84.0,False,False,False,False,False,False
3280,L50459,L,301.2,309.9,37.17526059088221,52.4,13.0,False,False,False,False,False,False
9839,L57018,L,298.4,309.2,37.749172176353746,45.5,11.0,False,False,False,False,False,False
2437,H31850,H,299.0,308.2,40.76763422127902,30.4,55.0,False,False,False,False,False,False
1959,H31372,H,297.9,307.7,38.262252939417984,43.2,97.0,False,False,False,False,False,False
9703,L56882,L,298.9,310.0,40.4103947023535,31.2,76.0,False,False,False,False,False,False
9881,L57060,L,298.8,310.1,41.86884283091664,27.5,130.0,False,False,False,False,False,False
7915,H37328,H,300.7,312.1,38.600518131237564,43.1,159.0,False,False,False,False,False,False
3564,M18423,M,301.8,310.7,38.27531841800928,35.8,82.0,False,False,False,False,False,False
9311,L56490,L,298.4,309.3,39.35733730830886,40.8,139.0,False,False,False,False,False,False
8616,L55795,L,297.6,310.1,37.17526059088221,47.1,11.0,False,False,False,False,False,False
3439,L50618,L,301.4,310.4,38.353617821530214,37.5,193.0,False,False,False,False,False,False
9751,L56930,L,300.1,310.0,39.433488306260706,32.6,197.0,False,False,False,False,False,False
8985,L56164,L,297.1,307.8,37.49666651850535,60.4,133.0,False,False,False,False,False,False
5538,L52717,L,302.4,311.8,40.59556626036888,30.0,122.0,False,False,False,False,False,False
9053,M23912,M,297.4,308.6,43.60045871318328,22.1,81.0,False,False,False,False,False,False
3480,M18339,M,301.8,310.8,40.23679907746142,31.0,76.0,False,False,False,False,False,False
5035,M19894,M,300.1,313.1,38.91015291668744,41.1,121.0,False,False,False,False,False,False
5169,H34582,H,304.1,313.4,41.182520563948,29.6,65.0,False,False,False,False,False,False
8900,M23759,M,297.3,308.5,41.352146256270665,27.7,108.0,False,False,False,False,False,False
9649,L56828,L,299.1,310.1,37.62977544445356,41.2,185.0,False,False,False,False,False,False
1381,L48560,L,298.7,310.1,42.261093218230876,27.7,114.0,False,False,False,False,False,False
3676,M18535,M,302.1,311.5,43.197222132910355,23.1,159.0,False,False,False,False,False,False
3563,L50742,L,301.7,310.6,38.353617821530214,43.8,80.0,False,False,False,False,False,False
4596,M19455,M,300.1,311.2,38.2099463490856,43.9,103.0,False,False,False,False,False,False
6193,L53372,L,301.0,310.9,37.78888725538237,45.3,47.0,False,False,False,False,False,False
7669,L54848,L,300.6,311.8,39.230090491866065,37.0,108.0,False,False,False,False,False,False
6416,L53595,L,300.4,310.1,38.768543949960254,42.2,196.0,False,False,False,False,False,False
2278,H31691,H,299.3,308.7,37.52332607858744,44.4,82.0,False,False,False,False,False,False
5236,M20095,M,303.7,312.9,38.87158345115362,41.0,33.0,False,False,False,False,False,False
7573,L54752,L,300.3,311.1,40.93897898091744,28.6,158.0,False,False,False,False,False,False
1066,L48245,L,296.8,307.9,41.44876355212541,25.2,148.0,False,False,False,False,False,False
2101,M16960,M,299.3,309.3,38.353617821530214,46.0,42.0,False,False,False,False,False,False
8613,L55792,L,297.5,308.4,37.960505792204614,44.5,4.0,False,False,False,False,False,False
2763,L49942,L,299.8,309.2,38.45776904605882,44.4,108.0,False,False,False,False,False,False
2506,L49685,L,299.2,310.1,37.242448899072144,48.7,4.0,False,False,False,False,False,False
2908,M17767,M,300.6,309.4,39.761790704142086,35.7,117.0,False,False,False,False,False,False
5950,M20809,M,300.7,310.8,38.80721582386451,44.0,97.0,False,False,False,False,False,False
2694,M17553,M,300.1,309.6,40.27406113120453,36.1,43.0,False,False,False,False,False,False
314,L47493,L,298.0,310.1,36.235341863986875,50.8,170.0,False,False,False,False,False,False
4187,M19046,M,302.2,310.6,39.6232255123179,34.6,108.0,False,False,False,False,False,False
3732,M18591,M,302.2,311.2,37.107950630558946,43.0,91.0,False,False,False,False,False,False
6123,L53302,L,301.0,311.0,37.44329045369811,55.3,98.0,False,False,False,False,False,False
2643,L49822,L,299.8,309.5,39.26830783214372,40.3,141.0,False,False,False,False,False,False
1508,M16367,M,298.0,308.6,37.094473981982816,55.7,214.0,False,False,False,False,False,False
9095,M23954,M,297.3,308.1,37.013511046643494,58.8,199.0,False,False,False,False,False,False
1573,L48752,L,298.2,308.3,35.07135583350036,59.6,162.0,False,False,False,False,False,False
3685,L50864,L,300.1,311.2,35.63705936241092,65.3,182.0,True,False,False,False,True,False
9748,L56927,L,298.8,310.1,38.48376280978771,47.4,187.0,False,False,False,False,False,False
6688,L53867,L,301.7,311.0,41.23105625617661,28.7,19.0,False,False,False,False,False,False
4121,M18980,M,302.1,310.7,37.094473981982816,46.3,210.0,True,False,True,False,False,False
5810,H35223,H,301.3,311.0,39.74921382870358,36.6,184.0,False,False,False,False,False,False
8075,L55254,L,300.1,312.0,40.38564101261734,34.9,115.0,False,False,False,False,False,False
1152,L48331,L,297.0,307.9,36.742346141747674,47.7,168.0,False,False,False,False,False,False
5732,L52911,L,302.2,311.6,43.266615305567875,20.4,202.0,False,False,False,False,False,False
1264,L48443,L,297.8,309.2,37.416573867739416,56.9,34.0,False,False,False,False,False,False
2958,L50137,L,300.8,309.6,38.704004960727254,45.8,47.0,False,False,False,False,False,False
2,L47181,L,300.1,308.7,37.52332607858744,46.3,3.0,False,False,False,False,False,False
2845,L50024,L,300.3,309.2,40.620192023179804,35.2,196.0,False,False,False,False,False,False
2450,L49629,L,299.3,308.8,42.09513035969837,25.2,89.0,False,False,False,False,False,False
5203,L52382,L,303.7,312.7,36.53765181289022,51.1,161.0,False,False,False,False,False,False
8934,M23793,M,297.3,308.3,39.293765408777,41.7,6.0,False,False,False,False,False,False
5638,M20497,M,302.5,312.0,38.561638969317684,46.1,175.0,False,False,False,False,False,False
3601,L50780,L,301.7,310.5,39.02563260217571,34.7,181.0,False,False,False,False,False,False
2184,M17043,M,299.6,309.3,39.71145930332956,39.8,48.0,False,False,False,False,False,False
1257,M16116,M,297.5,310.1,39.179076048319466,37.7,12.0,False,False,False,False,False,False
7293,M22152,M,300.1,310.4,39.44616584663204,38.1,92.0,False,False,False,False,False,False
3298,L50477,L,301.2,310.3,39.344631145812,38.6,59.0,False,False,False,False,False,False
2814,L49993,L,300.0,310.1,43.439613257946945,22.6,120.0,False,False,False,False,False,False
4156,L51335,L,302.0,310.5,37.013511046643494,44.4,85.0,True,False,True,False,False,False
7591,M22450,M,300.4,311.0,37.8549864614954,46.1,199.0,False,False,False,False,False,False
4448,M19307,M,302.5,310.1,38.57460304397182,41.8,160.0,False,False,False,False,False,False
7335,L54514,L,299.8,310.4,41.15823125451335,30.3,204.0,False,False,False,False,False,False
2300,L49479,L,299.4,308.7,38.02630668366309,62.9,134.0,True,False,False,True,False,False
9765,L56944,L,298.5,309.5,35.9722114972099,66.7,12.0,True,False,False,True,False,False
8397,H37810,H,298.6,309.6,39.91240408695021,33.3,95.0,False,False,False,False,False,False
23,M14882,M,298.9,309.3,39.761790704142086,30.7,65.0,False,False,False,False,False,False
6963,M21822,M,300.1,311.1,37.05401462729781,49.9,96.0,False,False,False,False,False,False
634,L47813,L,298.3,310.0,37.97367509209505,43.9,110.0,False,False,False,False,False,False
107,L47286,L,298.8,308.7,38.01315561749642,48.5,70.0,False,False,False,False,False,False
9575,H38988,H,299.7,310.8,37.656340767525464,46.6,197.0,False,False,False,False,False,False
5728,M20587,M,300.1,311.8,39.48417404479927,34.4,191.0,False,False,False,False,False,False
1141,M16000,M,296.9,307.9,37.21558813185679,44.8,144.0,False,False,False,False,False,False
4066,M18925,M,301.9,310.7,38.87158345115362,37.6,70.0,False,False,False,False,False,False
6930,M21789,M,301.0,311.6,36.069377593742864,55.0,9.0,False,False,False,False,False,False
4878,M19737,M,303.7,312.4,39.319206502675,33.7,149.0,False,False,False,False,False,False
8482,M23341,M,298.3,309.4,39.93745109543172,29.0,103.0,False,False,False,False,False,False
9130,L56309,L,297.6,308.6,40.792156108742276,30.1,81.0,False,False,False,False,False,False
964,L48143,L,295.8,306.6,40.26164427839479,31.6,95.0,False,False,False,False,False,False
3599,L50778,L,301.7,310.5,37.403208418530085,53.2,174.0,False,False,False,False,False,False
6334,M21193,M,300.4,309.9,37.61648574760805,31.8,192.0,False,False,False,False,False,False
1236,H30649,H,300.1,308.4,40.66939881532551,31.4,171.0,False,False,False,False,False,False
4693,M19552,M,300.1,311.4,40.07492981902776,29.6,122.0,False,False,False,False,False,False
6106,M20965,M,300.8,310.9,39.01281840626232,46.2,56.0,False,False,False,False,False,False
3022,L50201,L,300.5,309.8,37.69615364994153,49.6,211.0,False,False,False,False,False,False
6040,L53219,L,300.6,310.9,37.8549864614954,42.6,108.0,False,False,False,False,False,False
1868,L49047,L,298.1,307.9,38.7556447501522,41.8,108.0,False,False,False,False,False,False
5130,M19989,M,304.1,313.3,41.53311931459037,28.3,108.0,False,False,False,False,False,False
3464,L50643,L,301.6,310.1,42.532340636273474,25.5,40.0,False,False,False,False,False,False
5429,L52608,L,302.7,312.4,38.118237105091836,47.3,62.0,False,False,False,False,False,False
3466,M18325,M,301.8,310.1,37.1887079635741,45.7,44.0,False,False,False,False,False,False
6058,L53237,L,300.8,310.8,41.09744517606904,32.9,151.0,False,False,False,False,False,False
7744,L54923,L,300.5,311.9,41.352146256270665,28.4,158.0,False,False,False,False,False,False
3005,M17864,M,300.5,309.9,38.28837943815329,53.2,172.0,False,False,False,False,False,False
6017,L53196,L,300.7,310.7,37.749172176353746,45.3,48.0,False,False,False,False,False,False
1047,L48226,L,296.4,307.5,36.4828726939094,47.8,99.0,False,False,False,False,False,False
9728,L56907,L,298.8,310.1,38.22302970723278,39.4,141.0,False,False,False,False,False,False
9709,L56888,L,299.0,310.1,40.792156108742276,29.7,89.0,False,False,False,False,False,False
112,H29525,H,298.7,308.6,38.71692136521188,43.5,84.0,False,False,False,False,False,False
6780,M21639,M,301.3,310.1,37.04051835490427,54.2,49.0,False,False,False,False,False,False
7831,H37244,H,299.9,311.2,38.66522985836241,35.8,175.0,False,False,False,False,False,False
3954,M18813,M,302.3,311.4,38.52272056851645,39.5,22.0,False,False,False,False,False,False
3204,M18063,M,300.1,309.1,39.153543900903784,38.0,26.0,False,False,False,False,False,False
545,M15404,M,297.5,309.4,42.790185790669334,26.6,105.0,False,False,False,False,False,False
355,L47534,L,297.6,308.3,40.718546143004666,34.3,59.0,False,False,False,False,False,False
9184,L56363,L,297.9,309.1,39.28103868280471,36.6,20.0,False,False,False,False,False,False
8371,L55550,L,300.1,309.8,40.422765862815474,33.6,27.0,False,False,False,False,False,False
7124,M21983,M,300.9,310.4,39.698866482558415,40.4,92.0,False,False,False,False,False,False
3621,H33034,H,301.9,311.2,38.39270764090493,41.8,18.0,False,False,False,False,False,False
1084,L48263,L,297.0,307.8,41.02438299353203,32.3,197.0,False,False,False,False,False,False
6672,L53851,L,300.1,310.6,36.837480912787726,42.1,212.0,False,False,False,False,False,False
3897,M18756,M,302.2,311.2,40.33608806019741,33.2,74.0,False,False,False,False,False,False
7453,L54632,L,300.3,311.7,39.736632972611055,33.6,59.0,False,False,False,False,False,False
1927,L49106,L,298.0,307.7,40.07492981902776,30.8,17.0,False,False,False,False,False,False
6918,L54097,L,301.0,311.4,38.48376280978771,37.5,193.0,False,False,False,False,False,False
7309,L54488,L,300.0,310.4,36.51027252705737,49.1,131.0,False,False,False,False,False,False
3608,L50787,L,301.6,310.7,40.47221268969612,33.8,196.0,False,False,False,False,False,False
6494,L53673,L,300.1,309.8,36.91882988394946,53.1,183.0,False,False,False,False,False,False
6742,M21601,M,301.7,311.1,38.80721582386451,39.5,158.0,False,False,False,False,False,False
6810,L53989,L,300.9,310.8,38.600518131237564,38.1,125.0,False,False,False,False,False,False
580,M15439,M,297.8,309.7,41.23105625617661,31.3,200.0,False,False,False,False,False,False
3514,M18373,M,301.9,310.1,37.64306044943742,52.5,171.0,False,False,False,False,False,False
3121,H32534,H,300.1,309.4,39.534794801541594,40.8,28.0,False,False,False,False,False,False
555,H29968,H,297.5,309.4,36.98648401781386,45.3,129.0,False,False,False,False,False,False
1299,M16158,M,298.7,310.1,36.64696440361739,53.6,108.0,False,False,False,False,False,False
1674,M16533,M,298.1,307.8,37.20215047547655,43.7,108.0,False,False,False,False,False,False
1552,L48731,L,298.4,308.8,38.18376618407357,40.1,111.0,False,False,False,False,False,False
3032,M17891,M,300.5,309.7,37.26929030716845,43.3,9.0,False,False,False,False,False,False
2865,H32278,H,300.6,309.4,37.14835124201342,47.6,246.0,True,True,False,False,False,False
3104,L50283,L,299.8,309.1,40.84115571332428,30.3,200.0,False,False,False,False,False,False
7334,M22193,M,299.9,310.4,36.9729630946723,53.3,201.0,False,False,False,False,False,False
8873,M23732,M,297.9,309.1,40.17461885320133,38.1,62.0,False,False,False,False,False,False
7629,L54808,L,300.5,311.7,40.23679907746142,32.7,85.0,False,False,False,False,False,False
9643,L56822,L,299.4,310.5,37.04051835490427,46.3,173.0,False,False,False,False,False,False
2039,L49218,L,299.0,308.8,37.48332962798263,55.2,103.0,False,False,False,False,False,False
9901,H39314,H,298.7,309.2,38.06573262134856,42.3,182.0,False,False,False,False,False,False
8783,L55962,L,297.5,308.7,38.157568056677825,44.7,29.0,False,False,False,False,False,False
7057,M21916,M,300.8,310.5,37.53664875824692,50.6,141.0,False,False,False,False,False,False
1188,M16047,M,300.1,308.6,39.01281840626232,38.0,33.0,False,False,False,False,False,False
73,L47252,L,298.9,309.1,37.0,44.4,198.0,False,False,False,False,False,False
1239,M16098,M,297.1,308.4,40.18706259482024,32.6,184.0,False,False,False,False,False,False
1032,L48211,L,296.4,307.5,39.35733730830886,36.1,58.0,False,False,False,False,False,False
1338,H30751,H,298.7,310.2,40.162171256046406,36.0,0.0,False,False,False,False,False,False
7555,M22414,M,300.1,311.4,37.027017163147235,50.2,109.0,False,False,False,False,False,False
2284,L49463,L,300.1,308.5,37.242448899072144,51.1,98.0,False,False,False,False,False,False
4125,L51304,L,300.1,310.6,37.21558813185679,53.6,5.0,False,False,False,False,False,False
1361,H30774,H,298.8,310.2,41.31585652022719,27.6,56.0,False,False,False,False,False,False
5824,L53003,L,301.2,310.1,39.293765408777,39.3,217.0,False,False,False,False,False,False
7790,L54969,L,300.2,311.5,38.66522985836241,38.5,69.0,False,False,False,False,False,False
6453,L53632,L,300.1,310.1,37.094473981982816,50.8,108.0,False,False,False,False,False,False
6795,L53974,L,301.3,310.8,37.78888725538237,55.2,88.0,False,False,False,False,False,False
8555,L55734,L,298.1,309.0,39.89987468652001,33.9,85.0,False,False,False,False,False,False
4375,L51554,L,302.0,309.7,39.382737335030434,34.8,207.0,False,False,False,False,False,False
4106,L51285,L,302.0,310.6,39.786932528155525,35.2,171.0,False,False,False,False,False,False
4837,L52016,L,303.3,311.8,36.26292872893749,62.0,42.0,True,False,True,False,False,False
6941,H36354,H,300.8,311.4,38.118237105091836,44.6,38.0,False,False,False,False,False,False
3914,M18773,M,302.4,311.4,40.92676385936225,29.6,128.0,False,False,False,False,False,False
1405,M16264,M,298.9,310.1,39.433488306260706,40.6,176.0,False,False,False,False,False,False
528,M15387,M,300.1,309.6,39.89987468652001,35.8,57.0,False,False,False,False,False,False
8037,L55216,L,300.7,311.7,38.2099463490856,46.1,15.0,False,False,False,False,False,False
6679,M21538,M,301.5,310.7,36.55133376499413,65.6,0.0,True,False,False,True,False,False
5944,L53123,L,300.7,310.7,39.25557285278104,41.3,82.0,False,False,False,False,False,False
1534,M16393,M,298.0,308.9,36.59234892706397,51.4,68.0,False,False,False,False,False,False
1135,M15994,M,296.9,307.8,37.76241517699841,50.7,130.0,False,False,False,False,False,False
3720,L50899,L,302.4,311.5,39.87480407475377,39.9,58.0,False,False,False,False,False,False
819,L47998,L,296.8,307.6,36.11094017053558,48.7,142.0,False,False,False,False,False,False
4748,L51927,L,303.3,311.2,41.98809355043403,27.3,27.0,False,False,False,False,False,False
1402,H30815,H,298.9,310.2,39.14077158156185,37.7,166.0,False,False,False,False,False,False
9484,H38897,H,298.9,309.6,39.319206502675,35.3,190.0,False,False,False,False,False,False
3492,H32905,H,301.9,310.9,39.87480407475377,34.3,106.0,False,False,False,False,False,False
3703,L50882,L,300.1,311.2,37.86819245752297,44.9,15.0,False,False,False,False,False,False
6233,L53412,L,301.3,311.0,39.698866482558415,30.4,108.0,False,False,False,False,False,False
4529,L51708,L,302.5,310.5,38.82009788756334,39.5,147.0,False,False,False,False,False,False
5921,L53100,L,300.5,310.2,42.0,25.9,27.0,False,False,False,False,False,False
4416,L51595,L,302.6,310.4,38.91015291668744,42.7,75.0,False,False,False,False,False,False
9048,L56227,L,297.3,308.4,38.57460304397182,37.4,69.0,False,False,False,False,False,False
6061,L53240,L,301.0,311.1,40.18706259482024,35.6,158.0,False,False,False,False,False,False
3639,M18498,M,302.3,311.5,38.01315561749642,44.8,65.0,False,False,False,False,False,False
616,L47795,L,298.1,309.9,40.52159917870962,30.4,58.0,False,False,False,False,False,False
6653,H36066,H,301.5,310.4,39.74921382870358,35.7,161.0,False,False,False,False,False,False
4352,L51531,L,301.8,309.6,37.841775856849004,43.7,138.0,False,False,False,False,False,False
9764,M24623,M,298.6,309.6,40.43513323831146,29.7,9.0,False,False,False,False,False,False
7995,L55174,L,301.0,312.3,37.73592452822641,43.5,136.0,False,False,False,False,False,False
9301,L56480,L,298.1,308.9,36.9729630946723,41.9,113.0,False,False,False,False,False,False
1375,L48554,L,298.8,310.3,39.408120990476064,36.8,97.0,False,False,False,False,False,False
7329,L54508,L,300.0,310.5,38.948684188300895,42.2,186.0,False,False,False,False,False,False
8726,M23585,M,297.1,308.5,38.92300091205713,42.1,81.0,False,False,False,False,False,False
3533,L50712,L,301.9,310.9,38.54867053479276,40.3,6.0,False,False,False,False,False,False
3447,H32860,H,301.6,310.6,37.416573867739416,49.5,211.0,False,False,False,False,False,False
5344,L52523,L,303.5,312.8,40.08740450565489,38.4,92.0,False,False,False,False,False,False
8443,L55622,L,298.6,310.0,38.948684188300895,39.0,4.0,False,False,False,False,False,False
760,M15619,M,296.7,307.8,39.20459156782532,36.3,233.0,False,False,False,False,False,False
4222,L51401,L,301.9,310.6,38.301436004411116,39.3,32.0,False,False,False,False,False,False
6562,L53741,L,301.5,310.7,39.949968710876355,35.4,150.0,False,False,False,False,False,False
9239,M24098,M,298.2,308.8,38.157568056677825,41.2,150.0,False,False,False,False,False,False
2011,L49190,L,298.6,308.3,35.749125863438955,60.5,32.0,False,False,False,False,False,False
4931,L52110,L,303.4,312.3,40.779897008207364,33.9,78.0,False,False,False,False,False,False
8034,L55213,L,300.7,311.9,38.535697735995385,38.8,9.0,False,False,False,False,False,False
9798,M24657,M,298.4,309.2,39.96248240537617,33.5,116.0,False,False,False,False,False,False
6103,L53282,L,300.7,310.7,37.97367509209505,43.2,49.0,False,False,False,False,False,False
3515,H32928,H,301.9,311.0,37.815340802378074,49.8,174.0,False,False,False,False,False,False
8648,L55827,L,297.5,308.5,39.11521443121589,38.5,93.0,False,False,False,False,False,False
53,H29466,H,298.8,310.1,38.691084244306204,43.8,147.0,False,False,False,False,False,False
2629,H32042,H,299.9,309.6,37.54996671103717,51.2,98.0,False,False,False,False,False,False
8159,L55338,L,299.6,310.8,37.416573867739416,40.8,118.0,False,False,False,False,False,False
2248,M17107,M,299.2,310.1,37.36308338453881,48.5,5.0,False,False,False,False,False,False
4396,L51575,L,302.3,310.1,38.897300677553446,40.4,22.0,False,False,False,False,False,False
5690,L52869,L,302.4,311.8,39.28103868280471,31.1,96.0,False,False,False,False,False,False
2535,L49714,L,298.9,308.7,41.58124577258358,26.6,73.0,False,False,False,False,False,False
9508,L56687,L,299.3,310.5,38.79432948254165,38.8,30.0,False,False,False,False,False,False
8946,L56125,L,297.4,308.2,40.48456495999432,33.8,39.0,False,False,False,False,False,False
1079,H30492,H,296.9,307.7,40.69397989875161,30.8,181.0,False,False,False,False,False,False
9215,L56394,L,298.0,310.1,38.8329756778952,37.1,92.0,False,False,False,False,False,False
2671,L49850,L,299.8,309.4,38.301436004411116,46.2,219.0,False,False,False,False,False,False
910,L48089,L,295.5,306.0,38.157568056677825,39.2,167.0,False,False,False,False,False,False
4004,L51183,L,302.1,311.2,38.97435053981015,39.3,155.0,False,False,False,False,False,False
8049,L55228,L,300.6,311.9,37.589892258425,41.3,43.0,False,False,False,False,False,False
2044,M16903,M,299.2,309.0,39.96248240537617,30.3,115.0,False,False,False,False,False,False
933,L48112,L,295.6,306.0,36.91882988394946,50.0,14.0,False,False,False,False,False,False
2065,L49244,L,299.6,309.5,38.118237105091836,41.4,168.0,False,False,False,False,False,False
5227,L52406,L,303.9,313.0,37.456641600656084,48.3,10.0,False,False,False,False,False,False
3016,L50195,L,300.5,309.7,39.8622628559895,30.5,198.0,False,False,False,False,False,False
8939,M23798,M,297.4,308.4,38.948684188300895,41.0,18.0,False,False,False,False,False,False
2698,L49877,L,300.0,309.6,40.22437072223753,28.7,53.0,False,False,False,False,False,False
1300,M16159,M,298.7,310.1,38.18376618407357,40.2,137.0,False,False,False,False,False,False
4253,H33666,H,302.6,311.0,37.92097045171708,51.0,106.0,False,False,False,False,False,False
795,H30208,H,296.9,307.9,39.331920878594275,32.6,79.0,False,False,False,False,False,False
5783,L52962,L,301.7,311.1,38.144462245521304,39.8,118.0,False,False,False,False,False,False
192,L47371,L,298.2,308.4,40.8166632639171,34.6,74.0,False,False,False,False,False,False
5160,L52339,L,300.1,313.4,38.600518131237564,44.0,41.0,False,False,False,False,False,False
2091,L49270,L,299.5,309.2,37.322915213043046,47.3,20.0,False,False,False,False,False,False
8104,M22963,M,300.3,311.9,37.8021163428716,41.6,184.0,False,False,False,False,False,False
2164,L49343,L,299.6,309.2,37.70941526992961,39.8,219.0,False,False,False,False,False,False
9089,M23948,M,297.1,310.1,40.76763422127902,26.9,183.0,False,False,False,False,False,False
7391,M22250,M,299.7,310.5,38.600518131237564,41.2,126.0,False,False,False,False,False,False
9938,L57117,L,298.3,308.1,38.79432948254165,46.1,80.0,False,False,False,False,False,False
3998,L51177,L,302.2,311.1,37.33630940518894,53.7,140.0,False,False,False,False,False,False
5416,M20275,M,302.6,310.1,37.54996671103717,50.3,33.0,False,False,False,False,False,False
4182,M19041,M,302.4,310.7,39.0,40.4,152.0,False,False,False,False,False,False
2620,L49799,L,299.4,310.1,39.61060464067672,40.8,73.0,False,False,False,False,False,False
7220,M22079,M,299.8,309.7,39.44616584663204,37.7,124.0,False,False,False,False,False,False
7299,L54478,L,300.1,310.5,39.14077158156185,36.0,109.0,False,False,False,False,False,False
709,M15568,M,297.6,308.8,37.62977544445356,45.9,101.0,False,False,False,False,False,False
2552,L49731,L,299.3,309.2,39.25557285278104,37.2,118.0,False,False,False,False,False,False
6860,M21719,M,301.1,311.3,43.69210454990696,22.7,38.0,False,False,False,False,False,False
8425,L55604,L,299.1,310.6,37.14835124201342,44.7,170.0,False,False,False,False,False,False
3851,M18710,M,302.3,310.1,37.69615364994153,41.3,182.0,False,False,False,False,False,False
5624,L52803,L,302.9,312.3,39.72404813208241,36.3,141.0,False,False,False,False,False,False
9460,L56639,L,298.4,309.1,39.736632972611055,36.1,123.0,False,False,False,False,False,False
5770,L52949,L,301.7,311.3,36.71511950137164,51.0,87.0,False,False,False,False,False,False
5407,L52586,L,302.7,312.4,36.87817782917155,47.8,11.0,False,False,False,False,False,False
5550,H34963,H,302.3,311.9,37.067505985701274,52.4,108.0,False,False,False,False,False,False
6904,M21763,M,301.0,311.6,40.11234224026316,35.8,156.0,False,False,False,False,False,False
2574,L49753,L,299.5,309.2,38.71692136521188,41.5,175.0,False,False,False,False,False,False
8085,L55264,L,300.2,311.4,38.50973902793941,44.4,141.0,False,False,False,False,False,False
3553,M18412,M,301.8,310.9,36.851051545376556,52.3,56.0,False,False,False,False,False,False
1707,L48886,L,298.2,307.8,39.0,42.9,60.0,False,False,False,False,False,False
8850,L56029,L,297.5,308.9,39.949968710876355,30.7,5.0,False,False,False,False,False,False
8059,L55238,L,300.3,311.6,38.92300091205713,44.9,69.0,False,False,False,False,False,False
7519,L54698,L,300.2,311.5,38.72983346207417,40.8,108.0,False,False,False,False,False,False
9497,M24356,M,299.2,310.0,36.72873534441391,50.4,226.0,False,False,False,False,False,False
6083,L53262,L,300.9,310.7,36.76955262170047,46.4,212.0,False,False,False,False,False,False
85,L47264,L,298.9,308.9,37.70941526992961,47.6,15.0,False,False,False,False,False,False
8523,H37936,H,298.3,309.4,40.38564101261734,29.8,0.0,False,False,False,False,False,False
2879,H32292,H,300.5,309.4,38.7556447501522,34.3,40.0,False,False,False,False,False,False
6310,L53489,L,300.9,310.2,37.17526059088221,50.4,131.0,False,False,False,False,False,False
4095,L51274,L,302.0,310.5,40.63249930782009,30.9,146.0,False,False,False,False,False,False
2997,M17856,M,300.5,309.8,38.8329756778952,37.8,150.0,False,False,False,False,False,False
9415,L56594,L,298.1,308.6,36.796738985948195,53.9,207.0,True,False,False,False,True,False
61,L47240,L,298.8,309.1,37.322915213043046,52.6,167.0,False,False,False,False,False,False
2539,L49718,L,299.1,310.1,37.8021163428716,50.1,84.0,False,False,False,False,False,False
8314,M23173,M,298.8,310.0,38.52272056851645,44.9,80.0,False,False,False,False,False,False
1160,L48339,L,297.0,310.1,40.11234224026316,35.6,193.0,False,False,False,False,False,False
9786,H39199,H,298.7,309.7,41.19465984809196,29.8,74.0,False,False,False,False,False,False
5868,L53047,L,301.5,311.0,38.65229618017538,45.3,99.0,False,False,False,False,False,False
6323,M21182,M,300.7,310.1,38.50973902793941,40.2,162.0,False,False,False,False,False,False
3644,L50823,L,302.3,310.1,42.23742416388575,26.4,79.0,False,False,False,False,False,False
5029,M19888,M,300.1,313.2,40.3732584763727,29.3,104.0,False,False,False,False,False,False
1602,L48781,L,297.8,307.8,39.96248240537617,38.2,11.0,False,False,False,False,False,False
4595,M19454,M,303.0,311.2,37.242448899072144,41.4,100.0,False,False,False,False,False,False
7116,M21975,M,301.0,310.6,38.2099463490856,53.6,74.0,False,False,False,False,False,False
2731,L49910,L,299.6,309.2,37.749172176353746,45.9,133.0,False,False,False,False,False,False
7178,L54357,L,300.2,310.1,37.61648574760805,49.6,21.0,False,False,False,False,False,False
1648,L48827,L,297.8,307.8,41.96427051671457,28.9,128.0,False,False,False,False,False,False
8822,H38235,H,297.4,308.7,40.28647415696737,33.8,127.0,False,False,False,False,False,False
5854,L53033,L,301.2,311.0,39.585350825778974,35.1,64.0,False,False,False,False,False,False
3683,L50862,L,302.1,311.2,39.370039370059054,34.8,177.0,False,False,False,False,False,False
8102,L55281,L,300.1,311.8,39.585350825778974,37.7,180.0,False,False,False,False,False,False
8006,L55185,L,300.1,312.0,38.43175770115127,37.3,164.0,False,False,False,False,False,False
552,L47731,L,297.4,309.2,35.6931365951495,54.3,121.0,False,False,False,False,False,False
2304,L49483,L,299.2,308.5,37.067505985701274,53.6,143.0,False,False,False,False,False,False
1121,H30534,H,296.6,310.1,40.66939881532551,31.0,91.0,False,False,False,False,False,False
8993,H38406,H,297.2,307.9,38.07886552931954,37.2,151.0,False,False,False,False,False,False
4772,M19631,M,300.1,311.9,40.2119385257662,36.0,95.0,False,False,False,False,False,False
5502,L52681,L,302.7,312.1,39.28103868280471,37.5,33.0,False,False,False,False,False,False
3027,M17886,M,300.4,309.5,43.45112196480086,21.9,221.0,False,False,False,False,False,False
426,M15285,M,300.1,308.4,40.80441152620633,28.9,108.0,False,False,False,False,False,False
3865,M18724,M,302.5,311.4,40.36087214122113,31.7,225.0,False,False,False,False,False,False
7955,L55134,L,301.0,311.9,38.13135192987524,41.9,33.0,False,False,False,False,False,False
2891,L50070,L,300.6,309.7,39.91240408695021,32.4,76.0,False,False,False,False,False,False
6383,L53562,L,300.2,309.8,38.48376280978771,41.9,106.0,False,False,False,False,False,False
4962,L52141,L,303.9,312.7,42.42640687119285,24.3,158.0,False,False,False,False,False,False
4025,M18884,M,302.1,311.0,36.75595189897821,60.3,207.0,True,False,False,False,True,False
1860,L49039,L,297.8,307.4,36.810324638611924,45.8,60.0,False,False,False,False,False,False
2413,L49592,L,299.1,310.1,37.52332607858744,46.7,196.0,False,False,False,False,False,False
6824,M21683,M,300.9,310.7,35.608987629529715,56.3,161.0,False,False,False,False,False,False
9300,M24159,M,298.1,308.9,36.53765181289022,50.4,110.0,False,False,False,False,False,False
8189,M23048,M,299.6,310.9,39.11521443121589,38.8,198.0,False,False,False,False,False,False
3559,L50738,L,301.7,310.6,41.7492514902962,26.2,71.0,False,False,False,False,False,False
438,L47617,L,297.3,308.3,39.21734310225516,38.5,47.0,False,False,False,False,False,False
1287,L48466,L,298.5,309.6,39.774363602702685,40.3,103.0,False,False,False,False,False,False
8790,L55969,L,297.4,308.5,38.353617821530214,43.9,45.0,False,False,False,False,False,False
8861,M23720,M,297.9,309.1,38.57460304397182,37.3,30.0,False,False,False,False,False,False
1240,H30653,H,297.2,308.5,38.49675310984031,39.3,108.0,False,False,False,False,False,False
5840,M20699,M,301.4,311.2,39.25557285278104,36.3,28.0,False,False,False,False,False,False
2080,M16939,M,299.3,310.1,39.02563260217571,37.9,204.0,False,False,False,False,False,False
433,M15292,M,297.6,308.5,38.28837943815329,39.7,34.0,False,False,False,False,False,False
5805,L52984,L,301.5,310.9,36.945906403822335,46.5,172.0,False,False,False,False,False,False
671,L47850,L,297.6,309.0,42.68489194082609,25.4,202.0,False,False,False,False,False,False
9610,L56789,L,299.0,310.1,38.34057902536163,40.3,83.0,False,False,False,False,False,False
9226,L56405,L,300.1,309.1,42.661458015403085,23.6,120.0,False,False,False,False,False,False
7889,L55068,L,300.7,312.3,39.71145930332956,33.2,100.0,False,False,False,False,False,False
1127,L48306,L,296.8,310.1,41.30375285612676,30.8,111.0,False,False,False,False,False,False
7897,L55076,L,300.8,312.6,37.094473981982816,53.6,119.0,False,False,False,False,False,False
4854,L52033,L,303.7,312.2,38.561638969317684,34.0,94.0,False,False,False,False,False,False
8942,M23801,M,297.3,308.3,39.93745109543172,32.2,29.0,False,False,False,False,False,False
3845,L51024,L,302.4,311.1,38.52272056851645,45.9,169.0,False,False,False,False,False,False
8362,L55541,L,298.6,310.1,38.07886552931954,44.3,7.0,False,False,False,False,False,False
3177,L50356,L,300.3,309.6,37.881393849751625,45.4,181.0,False,False,False,False,False,False
5627,H35040,H,300.1,312.1,40.0374824383352,32.5,148.0,False,False,False,False,False,False
8827,M23686,M,297.2,308.8,38.535697735995385,47.9,143.0,False,False,False,False,False,False
4213,M19072,M,302.0,310.6,37.30951621235526,60.5,10.0,False,False,False,False,False,False
4486,L51665,L,302.7,310.4,39.26830783214372,35.7,38.0,False,False,False,False,False,False
817,L47996,L,296.8,307.6,37.86819245752297,48.3,138.0,False,False,False,False,False,False
5713,L52892,L,302.2,311.7,36.46916505762094,54.6,154.0,False,False,False,False,False,False
6934,L54113,L,300.8,311.4,38.62641583165593,40.6,20.0,False,False,False,False,False,False
6725,L53904,L,301.3,310.6,39.496835316262995,36.8,113.0,False,False,False,False,False,False
8334,M23193,M,298.8,309.7,38.43175770115127,48.5,138.0,False,False,False,False,False,False
8654,M23513,M,297.4,308.3,36.53765181289022,57.9,113.0,False,False,False,False,False,False
3767,L50946,L,302.3,311.1,37.05401462729781,53.0,181.0,False,False,False,False,False,False
1715,L48894,L,298.2,307.8,37.255872020394314,48.6,76.0,False,False,False,False,False,False
769,L47948,L,296.9,308.0,41.38840417314975,29.3,13.0,False,False,False,False,False,False
4272,L51451,L,302.6,310.8,38.34057902536163,41.2,156.0,False,False,False,False,False,False
6418,L53597,L,300.3,310.1,39.242833740697165,39.9,203.0,False,False,False,False,False,False
3165,L50344,L,300.4,309.7,41.048751503547585,31.3,152.0,False,False,False,False,False,False
9471,H38884,H,298.6,309.4,37.93415347678132,47.1,149.0,False,False,False,False,False,False
5337,L52516,L,303.2,312.4,40.779897008207364,33.7,71.0,False,False,False,False,False,False
6529,L53708,L,301.2,310.5,39.319206502675,40.0,55.0,False,False,False,False,False,False
619,H30032,H,298.2,310.0,37.8549864614954,44.2,108.0,False,False,False,False,False,False
5536,L52715,L,302.3,311.7,38.27531841800928,43.5,117.0,False,False,False,False,False,False
6391,L53570,L,300.3,309.8,38.07886552931954,55.0,135.0,False,False,False,False,False,False
1385,L48564,L,298.9,310.3,38.52272056851645,43.8,124.0,False,False,False,False,False,False
8724,L55903,L,300.1,308.6,39.72404813208241,34.4,76.0,False,False,False,False,False,False
5992,L53171,L,300.7,310.7,37.62977544445356,40.4,214.0,False,False,False,False,False,False
831,L48010,L,296.6,307.4,40.38564101261734,35.0,168.0,False,False,False,False,False,False
8427,L55606,L,299.1,310.5,40.34848200366403,35.9,174.0,False,False,False,False,False,False
5389,M20248,M,302.8,312.3,37.841775856849004,49.0,218.0,False,False,False,False,False,False
4357,L51536,L,302.0,309.8,40.607881008493905,31.0,152.0,False,False,False,False,False,False
9593,L56772,L,299.2,310.4,37.134889255254286,46.8,39.0,False,False,False,False,False,False
267,H29680,H,298.0,308.1,37.94733192202055,43.7,37.0,False,False,False,False,False,False
7772,L54951,L,300.3,311.6,41.340053217188775,29.5,27.0,False,False,False,False,False,False
3882,L51061,L,302.5,311.5,39.0,44.1,37.0,False,False,False,False,False,False
5911,M20770,M,300.8,310.1,38.18376618407357,43.4,0.0,False,False,False,False,False,False
6260,M21119,M,300.1,310.8,37.36308338453881,47.4,5.0,False,False,False,False,False,False
8144,L55323,L,299.7,310.9,38.43175770115127,40.4,83.0,False,False,False,False,False,False
6028,M20887,M,300.7,310.1,37.589892258425,44.3,72.0,False,False,False,False,False,False
5753,H35166,H,300.1,311.8,42.473521163190604,25.0,43.0,False,False,False,False,False,False
9581,M24440,M,299.5,310.7,37.72267222772003,56.5,7.0,False,False,False,False,False,False
2203,M17062,M,299.9,309.2,39.344631145812,35.7,97.0,False,False,False,False,False,False
6514,L53693,L,301.1,310.0,38.897300677553446,38.0,17.0,False,False,False,False,False,False
2517,L49696,L,298.8,308.5,41.66533331199932,29.0,31.0,False,False,False,False,False,False
8689,L55868,L,297.1,308.5,38.50973902793941,46.9,203.0,False,False,False,False,False,False
5977,H35390,H,300.5,310.6,37.12142238654117,51.5,108.0,False,False,False,False,False,False
2781,M17640,M,300.2,309.6,39.44616584663204,35.8,36.0,False,False,False,False,False,False
6931,M21790,M,300.9,311.5,42.8485705712571,21.8,12.0,False,False,False,False,False,False
722,L47901,L,297.5,308.9,41.182520563948,30.9,133.0,False,False,False,False,False,False
8701,M23560,M,297.3,308.7,38.09199390948182,43.8,24.0,False,False,False,False,False,False
1308,L48487,L,298.8,310.0,37.72267222772003,42.1,154.0,False,False,False,False,False,False
1764,L48943,L,298.2,307.6,38.87158345115362,31.0,209.0,True,True,False,False,False,False
9382,M24241,M,297.5,308.1,38.47076812334269,42.4,112.0,False,False,False,False,False,False
8621,L55800,L,297.6,308.5,38.40572873934304,42.4,24.0,False,False,False,False,False,False
5235,L52414,L,303.7,312.9,38.22302970723278,50.1,31.0,False,False,False,False,False,False
2771,L49950,L,300.1,309.6,36.932370625238775,45.9,16.0,False,False,False,False,False,False
1548,L48727,L,298.3,308.9,36.71511950137164,55.5,102.0,False,False,False,False,False,False
4499,H33912,H,302.6,310.4,40.17461885320133,36.0,74.0,False,False,False,False,False,False
279,M15138,M,300.1,308.0,40.24922359499622,29.4,75.0,False,False,False,False,False,False
9469,L56648,L,298.6,309.4,37.080992435478315,55.4,145.0,False,False,False,False,False,False
9219,L56398,L,297.7,308.8,36.796738985948195,50.2,103.0,False,False,False,False,False,False
9614,L56793,L,299.0,310.2,37.107950630558946,62.5,92.0,True,False,False,True,False,False
2842,L50021,L,300.3,309.4,41.291645644125154,29.4,190.0,False,False,False,False,False,False
8690,L55869,L,300.1,308.4,39.28103868280471,39.6,205.0,False,False,False,False,False,False
9097,L56276,L,297.2,308.1,41.376321731154405,30.9,204.0,False,False,False,False,False,False
5176,L52355,L,304.2,313.4,41.71330722922842,23.7,86.0,False,False,False,False,False,False
8478,H37891,H,298.5,309.6,39.736632972611055,33.5,91.0,False,False,False,False,False,False
2037,L49216,L,299.0,308.7,43.497126341863094,22.8,96.0,False,False,False,False,False,False
2377,M17236,M,299.2,308.3,36.932370625238775,51.8,104.0,False,False,False,False,False,False
8984,M23843,M,297.0,307.7,35.510561809129406,51.1,130.0,False,False,False,False,False,False
1439,L48618,L,298.8,309.9,38.49675310984031,39.1,45.0,False,False,False,False,False,False
1133,L48312,L,296.8,307.9,35.651086939951774,61.4,125.0,False,False,False,False,False,False
8270,H37683,H,299.2,310.1,41.96427051671457,30.4,180.0,False,False,False,False,False,False
8412,L55591,L,298.6,309.8,38.67815921162743,37.7,134.0,False,False,False,False,False,False
1890,H31303,H,297.7,307.4,37.841775856849004,40.2,132.0,False,False,False,False,False,False
3392,L50571,L,301.5,310.7,38.28837943815329,47.3,77.0,False,False,False,False,False,False
7,L47186,L,300.1,308.6,39.4715087119811,42.4,14.0,False,False,False,False,False,False
8533,L55712,L,298.6,310.1,36.26292872893749,55.5,28.0,False,False,False,False,False,False
1213,L48392,L,296.9,307.9,36.864617182333525,56.5,110.0,False,False,False,False,False,False
4557,M19416,M,300.1,310.6,36.72873534441391,51.2,6.0,True,False,True,False,False,False
6525,L53704,L,301.1,310.4,43.289721643826724,24.8,47.0,False,False,False,False,False,False
8671,L55850,L,300.1,308.9,39.761790704142086,30.4,155.0,False,False,False,False,False,False
3330,L50509,L,301.6,310.1,41.02438299353203,29.7,131.0,False,False,False,False,False,False
4280,L51459,L,302.0,310.1,36.89173349139343,45.4,174.0,True,False,True,False,False,False
3367,M18226,M,301.4,310.7,41.13392760240627,32.3,5.0,False,False,False,False,False,False
7852,L55031,L,300.4,311.7,37.05401462729781,47.2,108.0,False,False,False,False,False,False
7067,M21926,M,300.8,310.7,39.64845520319802,36.2,167.0,False,False,False,False,False,False
3891,L51070,L,302.3,311.2,37.22902093797257,53.5,59.0,False,False,False,False,False,False
1044,L48223,L,296.5,307.6,37.82856063875548,45.2,90.0,False,False,False,False,False,False
1781,L48960,L,298.5,310.1,39.93745109543172,32.3,46.0,False,False,False,False,False,False
9337,L56516,L,298.5,308.9,41.53311931459037,31.9,205.0,False,False,False,False,False,False
6901,L54080,L,301.0,311.7,40.8656334834051,31.3,150.0,False,False,False,False,False,False
4128,H33541,H,302.0,310.6,37.92097045171708,43.2,12.0,False,False,False,False,False,False
7722,L54901,L,300.5,311.6,37.749172176353746,42.4,108.0,False,False,False,False,False,False
1960,M16819,M,297.8,307.6,36.76955262170047,49.4,102.0,False,False,False,False,False,False
9661,M24520,M,300.1,309.8,37.30951621235526,43.1,108.0,False,False,False,False,False,False
4316,M19175,M,300.1,310.0,40.63249930782009,29.8,44.0,False,False,False,False,False,False
8973,M23832,M,296.8,310.1,38.144462245521304,49.9,102.0,False,False,False,False,False,False
188,L47367,L,298.2,308.4,37.134889255254286,43.1,65.0,False,False,False,False,False,False
2318,L49497,L,299.2,308.8,40.06245124802026,31.1,181.0,False,False,False,False,False,False
1040,L48219,L,296.7,307.7,39.03844259188627,36.8,82.0,False,False,False,False,False,False
9716,L56895,L,299.1,310.1,37.05401462729781,55.6,108.0,False,False,False,False,False,False
5390,L52569,L,302.8,312.3,36.959437225152655,49.1,221.0,False,False,False,False,False,False
8981,L56160,L,297.0,307.6,38.897300677553446,42.4,124.0,False,False,False,False,False,False
1675,L48854,L,298.1,307.8,39.242833740697165,37.8,203.0,False,False,False,False,False,False
1278,M16137,M,298.2,309.4,37.52332607858744,46.5,76.0,False,False,False,False,False,False
699,L47878,L,297.6,308.8,39.230090491866065,40.2,72.0,False,False,False,False,False,False
540,M15399,M,297.4,309.3,42.13074886588179,25.8,91.0,False,False,False,False,False,False
287,L47466,L,298.2,308.3,39.8622628559895,33.2,94.0,False,False,False,False,False,False
987,H30400,H,296.4,307.1,40.47221268969612,32.5,146.0,False,False,False,False,False,False
5593,L52772,L,302.5,311.9,37.907782842049734,46.7,65.0,False,False,False,False,False,False
4298,M19157,M,301.8,310.2,40.11234224026316,34.2,217.0,False,False,False,False,False,False
6691,L53870,L,301.7,311.0,36.64696440361739,49.2,25.0,False,False,False,False,False,False
6971,L54150,L,300.7,311.0,37.89459064299283,44.9,119.0,False,False,False,False,False,False
4633,M19492,M,302.9,311.2,36.46916505762094,53.7,200.0,True,False,True,False,False,False
9060,L56239,L,297.2,308.3,42.485291572496,25.6,103.0,False,False,False,False,False,False
9193,L56372,L,297.9,309.0,39.52214569073901,35.8,40.0,False,False,False,False,False,False
2783,M17642,M,300.1,310.1,38.61346915261564,41.8,41.0,False,False,False,False,False,False
9948,M24807,M,298.2,307.9,39.102429592034305,36.6,105.0,False,False,False,False,False,False
1102,H30515,H,296.7,307.5,40.08740450565489,33.6,38.0,False,False,False,False,False,False
1905,M16764,M,298.0,307.6,39.61060464067672,35.6,173.0,False,False,False,False,False,False
8486,L55665,L,298.4,309.5,38.07886552931954,47.9,112.0,False,False,False,False,False,False
196,L47375,L,298.3,308.5,38.118237105091836,42.9,89.0,False,False,False,False,False,False
2349,L49528,L,299.2,308.4,37.89459064299283,41.8,28.0,False,False,False,False,False,False
702,L47881,L,300.1,308.8,38.92300091205713,40.1,82.0,False,False,False,False,False,False
1736,L48915,L,298.4,308.0,37.14835124201342,47.6,108.0,False,False,False,False,False,False
5365,L52544,L,303.2,312.6,40.01249804748511,35.3,148.0,False,False,False,False,False,False
8803,L55982,L,297.4,308.6,39.03844259188627,43.1,73.0,False,False,False,False,False,False
3369,L50548,L,301.5,310.8,36.742346141747674,58.5,13.0,False,False,False,False,False,False
983,L48162,L,296.2,306.9,38.93584466786357,39.1,138.0,False,False,False,False,False,False
2681,L49860,L,299.8,309.5,40.50925820105819,27.1,16.0,False,False,False,False,False,False
1636,L48815,L,297.8,307.8,37.1887079635741,56.5,98.0,False,False,False,False,False,False
256,L47435,L,298.0,308.2,38.58756276314948,40.4,11.0,False,False,False,False,False,False
3941,L51120,L,302.3,311.5,37.3496987939662,54.2,198.0,False,False,False,False,False,False
6721,L53900,L,301.3,310.6,38.18376618407357,48.0,104.0,False,False,False,False,False,False
2663,M17522,M,299.9,309.4,38.50973902793941,38.1,193.0,False,False,False,False,False,False
2146,L49325,L,299.3,308.8,39.370039370059054,45.8,170.0,False,False,False,False,False,False
1474,M16333,M,298.5,309.5,36.26292872893749,48.9,127.0,False,False,False,False,False,False
8391,M23250,M,298.8,309.8,35.888716889852724,61.9,108.0,False,False,False,False,False,False
5605,L52784,L,302.9,312.2,38.897300677553446,37.8,92.0,False,False,False,False,False,False
4585,L51764,L,302.8,311.1,39.370039370059054,32.3,76.0,False,False,False,False,False,False
1168,L48347,L,297.0,308.1,36.90528417449187,52.5,213.0,True,False,False,False,True,False
1546,M16405,M,298.4,309.0,39.293765408777,38.8,97.0,False,False,False,False,False,False
1972,L49151,L,297.9,307.6,36.02776706930364,52.7,132.0,False,False,False,False,False,False
5415,L52594,L,302.6,312.3,39.16631205513228,34.3,31.0,False,False,False,False,False,False
9658,L56837,L,299.0,310.0,38.52272056851645,39.6,212.0,False,False,False,False,False,False
9981,L57160,L,298.6,308.4,39.48417404479927,36.6,188.0,False,False,False,False,False,False
4584,M19443,M,302.9,311.2,38.301436004411116,37.7,108.0,False,False,False,False,False,False
5606,L52785,L,302.9,312.2,38.8587184554509,41.4,94.0,False,False,False,False,False,False
5417,L52596,L,302.6,312.3,40.74309757492672,30.3,36.0,False,False,False,False,False,False
3353,L50532,L,301.4,310.8,40.124805295477756,34.6,187.0,False,False,False,False,False,False
9113,M23972,M,297.6,308.6,38.49675310984031,38.3,39.0,False,False,False,False,False,False
2565,L49744,L,299.3,309.1,38.63935817272331,38.0,151.0,False,False,False,False,False,False
1258,L48437,L,297.5,308.9,38.28837943815329,43.0,15.0,False,False,False,False,False,False
886,L48065,L,295.7,306.2,37.376463182061514,52.0,101.0,False,False,False,False,False,False
4836,M19695,M,303.4,311.9,37.66961640367472,50.9,39.0,False,False,False,False,False,False
8737,L55916,L,297.3,308.7,38.61346915261564,40.2,108.0,False,False,False,False,False,False
1875,L49054,L,300.1,308.1,39.97499218261337,32.7,94.0,False,False,False,False,False,False
5847,L53026,L,301.4,311.3,40.91454509095757,33.3,46.0,False,False,False,False,False,False
1143,L48322,L,296.9,307.9,37.72267222772003,43.9,149.0,False,False,False,False,False,False
4163,L51342,L,300.1,310.4,39.88734135035826,29.8,105.0,False,False,False,False,False,False
2751,H32164,H,299.7,309.2,38.157568056677825,40.6,182.0,False,False,False,False,False,False
59,M14918,M,298.8,309.0,40.755367744629666,29.5,162.0,False,False,False,False,False,False
1298,L48477,L,298.8,309.9,37.78888725538237,42.4,132.0,False,False,False,False,False,False
5452,L52631,L,303.0,312.7,36.89173349139343,48.8,120.0,False,False,False,False,False,False
4857,M19716,M,303.6,312.3,41.20679555607303,31.3,100.0,False,False,False,False,False,False
3145,M18004,M,300.6,310.0,38.44476557348217,36.3,108.0,False,False,False,False,False,False
7507,L54686,L,300.5,311.9,38.87158345115362,41.8,205.0,False,False,False,False,False,False
1811,L48990,L,300.1,307.6,36.932370625238775,53.8,129.0,False,False,False,False,False,False
76,L47255,L,298.8,308.9,37.134889255254286,46.7,204.0,False,False,False,False,False,False
6370,H35783,H,300.0,309.5,42.20189569201838,24.9,108.0,False,False,False,False,False,False
2262,M17121,M,299.1,308.2,37.881393849751625,45.2,45.0,False,False,False,False,False,False
5325,M20184,M,303.4,312.8,39.06404996924922,30.8,37.0,False,False,False,False,False,False
515,L47694,L,297.4,309.2,40.24922359499622,33.2,108.0,False,False,False,False,False,False
3929,L51108,L,302.6,311.5,37.97367509209505,59.8,169.0,True,False,False,True,False,False
4206,L51385,L,302.3,310.8,41.50903516103452,26.3,213.0,False,False,False,False,False,False
7354,L54533,L,299.8,310.1,41.0731055558257,30.4,33.0,False,False,False,False,False,False
2105,M16964,M,299.3,309.1,40.0,35.3,52.0,False,False,False,False,False,False
2726,L49905,L,299.8,309.4,39.433488306260706,34.8,122.0,False,False,False,False,False,False
2257,L49436,L,299.1,310.1,38.58756276314948,38.1,32.0,False,False,False,False,False,False
559,L47738,L,297.5,309.4,40.620192023179804,34.6,142.0,False,False,False,False,False,False
1566,L48745,L,298.0,308.2,38.19685850956856,42.1,146.0,False,False,False,False,False,False
3712,L50891,L,300.1,311.5,39.28103868280471,38.5,37.0,False,False,False,False,False,False
9636,L56815,L,299.2,310.2,40.11234224026316,33.2,156.0,False,False,False,False,False,False
1137,L48316,L,296.9,307.8,39.45883931389772,38.1,135.0,False,False,False,False,False,False
3991,H33404,H,302.2,310.1,41.13392760240627,28.2,122.0,False,False,False,False,False,False
8365,L55544,L,298.9,309.8,37.36308338453881,49.0,13.0,False,False,False,False,False,False
483,L47662,L,297.3,309.0,39.344631145812,37.4,171.0,False,False,False,False,False,False
6903,L54082,L,301.0,311.6,38.22302970723278,40.6,154.0,False,False,False,False,False,False
60,L47239,L,298.8,309.1,37.12142238654117,54.4,165.0,False,False,False,False,False,False
8703,L55882,L,297.2,308.6,42.118879377305376,23.0,30.0,False,False,False,False,False,False
4881,M19740,M,303.8,312.6,39.07684736515984,41.9,159.0,False,False,False,False,False,False
6282,M21141,M,301.3,310.8,38.144462245521304,41.2,56.0,False,False,False,False,False,False
9999,H39412,H,299.0,308.7,37.52332607858744,48.5,25.0,False,False,False,False,False,False
3675,L50854,L,302.2,311.5,36.68787265568828,52.4,157.0,False,False,False,False,False,False
3949,M18808,M,302.2,311.3,38.8587184554509,37.1,10.0,False,False,False,False,False,False
5876,M20735,M,301.5,311.0,39.71145930332956,39.7,118.0,False,False,False,False,False,False
1629,L48808,L,300.1,307.8,38.09199390948182,38.2,80.0,False,False,False,False,False,False
6331,M21190,M,300.5,310.0,39.74921382870358,37.0,181.0,False,False,False,False,False,False
9268,L56447,L,298.2,308.8,36.90528417449187,57.3,28.0,False,False,False,False,False,False
6726,M21585,M,301.5,310.7,36.864617182333525,47.1,115.0,False,False,False,False,False,False
9802,M24661,M,298.4,309.3,38.67815921162743,45.6,129.0,False,False,False,False,False,False
2961,L50140,L,300.7,309.5,38.301436004411116,44.3,55.0,False,False,False,False,False,False
7690,L54869,L,300.6,311.7,37.841775856849004,39.2,2.0,False,False,False,False,False,False
3567,L50746,L,301.8,310.6,35.98610843089316,62.3,91.0,False,False,False,False,False,False
1740,H31153,H,298.5,307.9,35.4964786985977,54.2,141.0,False,False,False,False,False,False
9701,M24560,M,298.9,309.8,36.78314831549904,53.7,71.0,False,False,False,False,False,False
392,L47571,L,297.6,308.6,38.61346915261564,38.1,108.0,False,False,False,False,False,False
8495,L55674,L,298.3,309.5,39.26830783214372,36.7,134.0,False,False,False,False,False,False
3862,M18721,M,302.5,311.5,38.48376280978771,41.1,215.0,False,False,False,False,False,False
5091,M19950,M,303.9,313.2,39.6232255123179,40.7,74.0,False,False,False,False,False,False
477,L47656,L,297.4,309.0,39.6232255123179,37.9,154.0,False,False,False,False,False,False
9618,L56797,L,299.0,310.2,38.93584466786357,35.3,102.0,False,False,False,False,False,False
6225,L53404,L,301.2,310.1,40.149719799769464,32.9,129.0,False,False,False,False,False,False
9993,L57172,L,298.8,308.4,38.52272056851645,39.2,108.0,False,False,False,False,False,False
7211,M22070,M,299.8,309.6,36.4828726939094,50.2,98.0,False,False,False,False,False,False
5625,M20484,M,302.8,312.2,38.3275357934736,36.9,143.0,False,False,False,False,False,False
5129,L52308,L,304.2,313.4,37.86819245752297,42.5,175.0,False,False,False,False,False,False
2895,L50074,L,300.7,309.6,41.6293165929973,24.8,85.0,False,False,False,False,False,False
2558,M17417,M,299.4,309.1,37.94733192202055,50.0,134.0,False,False,False,False,False,False
1196,M16055,M,297.0,308.0,37.52332607858744,47.9,54.0,False,False,False,False,False,False
7317,L54496,L,299.9,310.4,38.691084244306204,47.0,150.0,False,False,False,False,False,False
8305,M23164,M,298.7,310.1,38.80721582386451,50.7,108.0,False,False,False,False,False,False
9669,L56848,L,299.1,310.3,40.23679907746142,35.2,240.0,False,False,False,False,False,False
4302,L51481,L,301.7,310.2,38.353617821530214,51.1,8.0,False,False,False,False,False,False
6867,M21726,M,301.0,311.3,38.13135192987524,41.5,57.0,False,False,False,False,False,False
7463,L54642,L,300.1,310.1,41.2674205639267,30.4,85.0,False,False,False,False,False,False
2402,M17261,M,299.2,308.6,36.9729630946723,47.6,168.0,False,False,False,False,False,False
3643,L50822,L,302.3,311.6,36.180105030251084,57.6,77.0,False,False,False,False,False,False
3769,L50948,L,302.2,311.0,39.433488306260706,34.2,185.0,False,False,False,False,False,False
5490,L52669,L,302.6,312.1,38.71692136521188,35.0,215.0,False,False,False,False,False,True
5384,L52563,L,302.8,312.3,38.781438859330635,40.3,204.0,False,False,False,False,False,False
6925,L54104,L,301.2,311.6,38.22302970723278,52.9,208.0,True,False,False,False,True,False
4341,M19200,M,301.7,309.9,39.153543900903784,40.9,106.0,False,False,False,False,False,False
3473,L50652,L,301.8,310.7,39.02563260217571,43.3,60.0,False,False,False,False,False,False
6993,L54172,L,300.7,311.0,39.949968710876355,36.9,174.0,False,False,False,False,False,False
521,L47700,L,297.6,309.5,40.2119385257662,36.2,42.0,False,False,False,False,False,False
6556,H35969,H,301.5,310.7,37.33630940518894,46.7,130.0,False,False,False,False,False,False
1142,L48321,L,297.0,307.9,40.43513323831146,31.6,147.0,False,False,False,False,False,False
3918,L51097,L,302.6,311.7,39.26830783214372,34.1,137.0,False,False,False,False,False,False
648,L47827,L,297.7,309.3,39.48417404479927,36.9,145.0,False,False,False,False,False,False
6055,H35468,H,300.7,310.1,38.961519477556315,40.1,142.0,False,False,False,False,False,False
5860,L53039,L,301.3,311.0,39.26830783214372,33.6,80.0,False,False,False,False,False,False
8297,L55476,L,298.9,310.3,37.89459064299283,39.0,32.0,False,False,False,False,False,False
5570,L52749,L,300.1,312.0,38.8329756778952,36.9,5.0,False,False,False,False,False,False
8136,L55315,L,299.6,311.0,39.42080668885405,36.3,62.0,False,False,False,False,False,False
4550,L51729,L,302.6,310.6,39.35733730830886,37.5,199.0,False,False,False,False,False,False
1270,L48449,L,300.1,309.5,38.301436004411116,41.8,48.0,False,False,False,False,False,False
6270,M21129,M,300.9,310.5,38.0,43.2,27.0,False,False,False,False,False,False
7597,L54776,L,300.5,311.1,39.331920878594275,37.2,7.0,False,False,False,False,False,False
682,M15541,M,297.7,309.0,40.69397989875161,33.2,20.0,False,False,False,False,False,False
4853,L52032,L,303.7,312.2,40.23679907746142,34.9,92.0,False,False,False,False,False,False
6939,L54118,L,300.7,311.2,38.1051177665153,44.4,33.0,False,False,False,False,False,False
7068,M21927,M,300.8,310.7,37.22902093797257,42.1,170.0,False,False,False,False,False,False
7325,M22184,M,299.9,310.4,42.661458015403085,26.6,175.0,False,False,False,False,False,False
5630,L52809,L,302.7,310.1,37.48332962798263,51.4,157.0,False,False,False,False,False,False
333,M15192,M,297.6,308.3,39.21734310225516,40.2,0.0,False,False,False,False,False,False
7583,H36996,H,300.4,311.2,38.58756276314948,45.3,180.0,False,False,False,False,False,False
4646,L51825,L,303.3,310.1,41.617304093369626,25.6,232.0,False,False,False,False,False,False
2974,M17833,M,300.6,309.3,38.8587184554509,46.0,87.0,False,False,False,False,False,False
5461,M20320,M,303.0,312.4,39.06404996924922,36.1,142.0,False,False,False,False,False,False
6667,L53846,L,300.1,310.4,37.603191353926334,51.4,199.0,False,False,False,False,False,False
4651,L51830,L,303.3,311.4,40.718546143004666,30.5,7.0,False,False,False,False,False,False
3301,H32714,H,301.3,310.4,39.21734310225516,38.4,65.0,False,False,False,False,False,False
3513,M18372,M,301.8,311.0,37.322915213043046,49.5,168.0,False,False,False,False,False,False
966,L48145,L,295.8,310.1,38.8329756778952,46.5,108.0,False,False,False,False,False,False
838,L48017,L,296.6,307.4,38.27531841800928,47.8,187.0,False,False,False,False,False,False
5045,L52224,L,304.1,313.2,37.57658845611187,47.5,150.0,False,False,False,False,False,False
386,M15245,M,297.6,308.6,37.603191353926334,45.4,138.0,False,False,False,False,False,False
6098,H35511,H,300.9,310.8,38.43175770115127,38.4,31.0,False,False,False,False,False,False
6632,M21491,M,301.5,310.4,37.12142238654117,55.3,109.0,False,False,False,False,False,False
9185,L56364,L,298.0,309.2,40.80441152620633,36.6,22.0,False,False,False,False,False,False
9958,L57137,L,298.1,307.8,40.07492981902776,33.0,130.0,False,False,False,False,False,False
1189,L48368,L,297.3,308.4,36.59234892706397,52.1,36.0,False,False,False,False,False,False
7181,M22040,M,300.2,310.2,40.34848200366403,30.3,27.0,False,False,False,False,False,False
5254,L52433,L,303.5,313.0,39.331920878594275,40.3,73.0,False,False,False,False,False,False
6718,M21577,M,301.4,310.6,38.262252939417984,48.6,96.0,False,False,False,False,False,False
8631,L55810,L,297.4,308.4,37.027017163147235,57.4,108.0,False,False,False,False,False,False
1619,L48798,L,297.9,310.1,35.86084215408221,59.5,55.0,False,False,False,False,False,False
1593,L48772,L,298.1,308.4,39.89987468652001,38.2,211.0,False,False,False,False,False,False
8994,M23853,M,297.2,307.9,40.39801975344831,37.5,156.0,False,False,False,False,False,False
7725,M22584,M,300.5,311.6,38.13135192987524,41.4,108.0,False,False,False,False,False,False
7047,M21906,M,300.7,310.5,43.162483709814474,22.2,111.0,False,False,False,False,False,False
9364,L56543,L,297.9,308.5,38.97435053981015,34.3,108.0,False,False,False,False,False,False
4177,M19036,M,302.3,310.7,39.293765408777,39.7,141.0,False,False,False,False,False,False
4563,L51742,L,300.1,310.7,37.389838191679836,57.7,19.0,False,False,False,False,False,False
445,L47624,L,297.4,308.4,39.774363602702685,37.2,68.0,False,False,False,False,False,False
7059,L54238,L,300.7,310.6,38.98717737923585,45.9,146.0,False,False,False,False,False,False
1353,M16212,M,298.7,310.2,39.97499218261337,33.3,36.0,False,False,False,False,False,False
3391,H32804,H,301.5,310.1,39.98749804626441,40.4,72.0,False,False,False,False,False,False
7563,M22422,M,300.3,311.1,36.742346141747674,58.7,130.0,False,False,False,False,False,False
9621,L56800,L,298.9,310.0,38.34057902536163,45.9,109.0,False,False,False,False,False,False
6332,H35745,H,300.1,310.1,38.66522985836241,47.4,184.0,False,False,False,False,False,False
2434,L49613,L,299.0,308.3,37.960505792204614,44.0,48.0,False,False,False,False,False,False
6542,L53721,L,301.4,310.7,38.84584919911006,38.3,95.0,False,False,False,False,False,False
2419,L49598,L,298.9,308.3,40.74309757492672,34.4,9.0,False,False,False,False,False,False
4985,L52164,L,303.8,313.1,35.4400902933387,58.7,213.0,True,False,False,False,True,False
2290,L49469,L,299.4,308.7,38.781438859330635,37.8,112.0,False,False,False,False,False,False
7885,L55064,L,300.8,312.4,38.27531841800928,59.1,108.0,True,False,False,True,False,False
2792,H32205,H,300.4,309.6,37.62977544445356,43.3,66.0,False,False,False,False,False,False
2135,L49314,L,299.3,309.0,38.379682124790975,46.3,146.0,False,False,False,False,False,False
3741,L50920,L,300.1,310.1,37.429934544425805,49.7,118.0,False,False,False,False,False,False
5586,M20445,M,302.5,312.0,40.52159917870962,29.1,46.0,False,False,False,False,False,False
8898,M23757,M,297.3,308.7,39.71145930332956,35.6,133.0,False,False,False,False,False,False
1689,L48868,L,297.9,307.4,40.07492981902776,35.5,14.0,False,False,False,False,False,False
8120,L55299,L,300.3,311.7,36.51027252705737,55.2,18.0,False,False,False,False,False,False
7697,H37110,H,300.6,311.5,35.805027579936315,60.2,24.0,False,False,False,False,False,False
225,L47404,L,298.3,308.6,39.7994974842648,29.3,162.0,False,False,False,False,False,False
8857,M23716,M,297.7,308.9,36.42801120017397,63.7,21.0,False,False,False,False,False,False
1010,M15869,M,296.2,307.2,37.21558813185679,44.0,5.0,False,False,False,False,False,False
8401,L55580,L,298.6,309.6,39.153543900903784,40.7,106.0,False,False,False,False,False,False
8597,L55776,L,297.5,308.2,36.42801120017397,56.5,189.0,False,False,False,False,False,False
2776,L49955,L,300.1,309.4,39.496835316262995,47.7,26.0,False,False,False,False,False,False
2094,L49273,L,299.4,309.2,39.54743986657038,39.0,26.0,False,False,False,False,False,False
9888,L57067,L,298.8,309.5,36.98648401781386,44.7,147.0,False,False,False,False,False,False
8,L47187,L,298.1,308.6,39.07684736515984,40.2,16.0,False,False,False,False,False,False
9767,H39180,H,298.6,309.6,38.06573262134856,42.5,16.0,False,False,False,False,False,False
8759,M23618,M,297.5,308.7,38.02630668366309,53.0,168.0,False,False,False,False,False,False
5637,L52816,L,302.6,312.0,38.03945320322047,45.5,173.0,False,False,False,False,False,False
5054,L52233,L,303.8,312.9,38.91015291668744,34.3,180.0,False,False,False,False,False,False
5533,L52712,L,302.4,311.8,38.41874542459709,46.6,110.0,False,False,False,False,False,False
9305,L56484,L,298.3,309.1,39.20459156782532,43.0,123.0,False,False,False,False,False,False
992,M15851,M,300.1,307.0,39.02563260217571,42.0,164.0,False,False,False,False,False,False
3737,H33150,H,302.2,310.1,40.34848200366403,30.6,105.0,False,False,False,False,False,False
5487,L52666,L,302.6,312.2,38.98717737923585,43.0,208.0,False,False,False,False,False,False
852,M15711,M,296.2,307.2,37.26929030716845,48.6,7.0,False,False,False,False,False,False
4021,L51200,L,302.1,311.0,36.75595189897821,49.5,196.0,False,False,False,False,False,False
2733,L49912,L,299.7,310.1,36.68787265568828,57.4,138.0,False,False,False,False,False,False
3102,H32515,H,299.8,309.0,38.301436004411116,37.3,193.0,False,False,False,False,False,False
7076,L54255,L,300.7,310.5,39.191835884530846,47.4,192.0,False,False,False,False,False,False
9047,L56226,L,297.4,308.4,40.792156108742276,28.1,67.0,False,False,False,False,False,False
4720,M19579,M,303.4,311.7,41.10960958218893,34.9,189.0,False,False,False,False,False,False
4524,L51703,L,302.5,310.4,38.57460304397182,48.4,134.0,False,False,False,False,False,False
6177,L53356,L,301.0,310.9,38.92300091205713,37.3,6.0,False,False,False,False,False,False
2229,H31642,H,300.1,308.6,39.26830783214372,41.8,166.0,False,False,False,False,False,False
1729,L48908,L,298.3,307.7,38.27531841800928,49.4,109.0,False,False,False,False,False,False
6753,L53932,L,301.6,310.9,41.30375285612676,29.5,193.0,False,False,False,False,False,False
7965,L55144,L,300.9,312.1,37.72267222772003,40.2,63.0,False,False,False,False,False,False
7303,L54482,L,300.1,310.5,38.65229618017538,44.2,117.0,False,False,False,False,False,False
5419,L52598,L,302.6,312.4,37.389838191679836,41.6,40.0,False,False,False,False,False,False
9666,L56845,L,299.2,310.3,40.124805295477756,33.3,233.0,False,False,False,False,False,False
7847,M22706,M,300.2,311.6,40.099875311526844,35.0,212.0,False,False,False,False,False,False
5305,L52484,L,303.9,313.1,37.749172176353746,49.3,199.0,False,False,False,False,False,False
1616,L48795,L,297.8,307.9,38.03945320322047,48.6,46.0,False,False,False,False,False,False
9667,M24526,M,299.1,310.3,42.871902220452036,24.0,108.0,False,False,False,False,False,False
4012,L51191,L,302.2,311.1,38.03945320322047,52.1,174.0,False,False,False,False,False,False
4824,L52003,L,300.1,311.9,38.63935817272331,38.7,14.0,False,False,False,False,False,False
2581,L49760,L,299.3,309.1,35.958309192730404,53.7,189.0,False,False,False,False,False,False
1228,L48407,L,297.1,308.4,37.70941526992961,42.1,148.0,False,False,False,False,False,False
8676,H38089,H,297.3,308.6,41.08527716834828,29.4,166.0,False,False,False,False,False,False
2187,L49366,L,299.7,309.4,38.01315561749642,42.9,55.0,False,False,False,False,False,False
8031,L55210,L,300.6,312.0,38.600518131237564,42.2,3.0,False,False,False,False,False,False
9233,L56412,L,298.2,309.1,36.742346141747674,52.0,108.0,False,False,False,False,False,False
1418,L48597,L,298.7,310.1,39.25557285278104,38.5,208.0,False,False,False,False,False,False
6589,L53768,L,301.6,310.7,38.17066936798463,40.4,213.0,False,False,False,False,False,False
1981,M16840,M,298.0,307.6,36.069377593742864,58.5,155.0,False,False,False,False,False,False
2548,L49727,L,299.2,309.1,39.72404813208241,38.1,109.0,False,False,False,False,False,False
2480,L49659,L,299.0,308.5,40.049968789001575,34.7,108.0,False,False,False,False,False,False
3393,L50572,L,301.5,310.7,37.52332607858744,47.3,108.0,False,False,False,False,False,False
1727,L48906,L,298.3,307.8,43.657759905886145,22.1,104.0,False,False,False,False,False,False
7180,L54359,L,300.2,310.1,39.02563260217571,42.3,25.0,False,False,False,False,False,False
8349,M23208,M,298.7,309.6,38.1051177665153,42.7,180.0,False,False,False,False,False,False
4593,L51772,L,302.9,311.1,39.433488306260706,33.9,96.0,False,False,False,False,False,False
7840,L55019,L,300.3,311.6,37.067505985701274,47.4,197.0,False,False,False,False,False,False
8584,L55763,L,297.4,308.0,37.72267222772003,38.0,154.0,False,False,False,False,False,False
5138,L52317,L,304.3,313.5,38.262252939417984,36.7,194.0,False,False,False,False,False,False
9200,L56379,L,297.9,308.8,40.162171256046406,31.4,57.0,False,False,False,False,False,False
7310,L54489,L,300.1,310.4,38.79432948254165,44.9,108.0,False,False,False,False,False,False
9440,M24299,M,298.1,308.8,37.8549864614954,48.2,62.0,False,False,False,False,False,False
9592,L56771,L,299.2,310.4,39.6232255123179,37.3,37.0,False,False,False,False,False,False
8999,L56178,L,297.1,308.0,38.301436004411116,42.8,169.0,False,False,False,False,False,False
687,M15546,M,297.7,309.0,38.781438859330635,40.4,35.0,False,False,False,False,False,False
8859,L56038,L,297.8,308.9,38.80721582386451,33.5,26.0,False,False,False,False,False,False
2791,L49970,L,300.4,309.6,36.823905279043935,45.9,64.0,False,False,False,False,False,False
8515,L55694,L,298.2,309.4,38.03945320322047,47.1,185.0,False,False,False,False,False,False
4276,M19135,M,302.4,310.5,38.72983346207417,36.7,164.0,False,False,False,False,False,False
4022,H33435,H,302.1,310.1,38.1051177665153,42.5,198.0,False,False,False,False,False,False
3291,L50470,L,301.2,310.2,37.21558813185679,42.3,42.0,False,False,False,False,False,False
3612,L50791,L,301.7,310.9,37.48332962798263,46.4,207.0,True,True,False,False,False,True
7662,L54841,L,300.5,310.1,39.68626966596886,32.5,168.0,False,False,False,False,False,False
1249,L48428,L,300.1,308.6,38.58756276314948,40.2,214.0,False,False,False,False,False,False
7131,L54310,L,300.6,309.9,37.78888725538237,48.8,109.0,False,False,False,False,False,False
3895,M18754,M,302.3,311.2,37.841775856849004,42.7,68.0,False,False,False,False,False,False
1666,H31079,H,298.2,307.9,38.61346915261564,39.7,181.0,False,False,False,False,False,False
1855,M16714,M,297.6,307.2,38.34057902536163,42.6,44.0,False,False,False,False,False,False
4086,H33499,H,302.0,310.5,42.906875905849866,23.6,119.0,False,False,False,False,False,False
1113,M15972,M,296.5,307.4,36.742346141747674,55.6,69.0,False,False,False,False,False,False
9465,L56644,L,298.6,309.4,37.94733192202055,48.2,136.0,False,False,False,False,False,False
6574,M21433,M,301.4,310.6,43.069710934716056,25.3,178.0,False,False,False,False,False,False
2217,L49396,L,300.1,309.2,40.55859958134649,30.8,137.0,False,False,False,False,False,False
1458,L48637,L,299.0,310.3,38.40572873934304,42.4,93.0,False,False,False,False,False,False
6704,M21563,M,301.5,310.7,41.7612260356422,28.2,61.0,False,False,False,False,False,False
8915,M23774,M,300.1,308.5,39.03844259188627,49.3,176.0,False,False,False,False,False,False
2337,L49516,L,299.2,308.4,37.86819245752297,46.8,108.0,False,False,False,False,False,False
9814,L56993,L,298.3,309.1,37.242448899072144,52.3,160.0,False,False,False,False,False,False
8020,L55199,L,300.1,312.1,40.92676385936225,30.7,200.0,False,False,False,False,False,False
2705,M17564,M,299.7,309.2,40.099875311526844,34.4,68.0,False,False,False,False,False,False
3870,L51049,L,302.7,311.7,38.47076812334269,45.2,8.0,False,False,False,False,False,False
9312,L56491,L,298.4,309.4,39.242833740697165,43.2,108.0,False,False,False,False,False,False
5198,H34611,H,303.8,312.9,39.6232255123179,35.8,147.0,False,False,False,False,False,False
9072,L56251,L,297.0,308.1,37.8021163428716,54.0,138.0,False,False,False,False,False,False
855,M15714,M,296.3,307.3,38.704004960727254,41.6,15.0,False,False,False,False,False,False
2798,M17657,M,300.3,309.6,37.389838191679836,53.7,82.0,False,False,False,False,False,False
1514,L48693,L,298.1,308.7,39.59797974644666,32.9,10.0,False,False,False,False,False,False
3574,L50753,L,300.1,310.6,38.1051177665153,48.4,110.0,False,False,False,False,False,False
1711,L48890,L,298.2,307.8,39.11521443121589,35.9,68.0,False,False,False,False,False,False
8967,L56146,L,297.1,307.8,40.44749683231337,30.3,90.0,False,False,False,False,False,False
4474,L51653,L,302.7,310.1,39.382737335030434,35.9,6.0,False,False,False,False,False,False
5243,L52422,L,303.7,313.1,38.67815921162743,47.4,48.0,False,False,False,False,False,False
5806,M20665,M,301.4,310.9,39.45883931389772,39.3,174.0,False,False,False,False,False,False
9821,M24680,M,298.6,309.5,39.59797974644666,36.7,182.0,False,False,False,False,False,False
2441,L49620,L,299.1,308.4,37.76241517699841,47.9,67.0,False,False,False,False,False,False
8854,L56033,L,297.7,308.9,38.18376618407357,41.1,14.0,False,False,False,False,False,False
1744,M16603,M,298.5,308.0,41.38840417314975,25.8,154.0,False,False,False,False,False,False
3809,M18668,M,302.3,310.9,41.97618372363071,24.5,73.0,False,False,False,False,False,False
4068,L51247,L,301.9,310.7,37.8021163428716,51.0,76.0,False,False,False,False,False,False
2872,M17731,M,300.7,309.6,39.191835884530846,37.2,19.0,False,False,False,False,False,False
2955,H32368,H,300.6,309.4,41.12177038990418,28.0,36.0,False,False,False,False,False,False
7156,M22015,M,300.2,309.9,39.61060464067672,31.2,176.0,False,False,False,False,False,False
9932,L57111,L,298.3,308.3,37.841775856849004,46.9,65.0,False,False,False,False,False,False
7114,L54293,L,300.9,310.4,39.50949253027682,32.7,67.0,False,False,False,False,False,False
5293,M20152,M,303.9,313.3,39.585350825778974,35.0,168.0,False,False,False,False,False,False
1140,M15999,M,297.0,307.9,39.61060464067672,33.3,141.0,False,False,False,False,False,False
6384,H35797,H,300.2,309.7,38.50973902793941,43.8,108.0,False,False,False,False,False,False
2636,H32049,H,299.9,309.6,38.23610858861032,51.0,119.0,False,False,False,False,False,False
129,L47308,L,299.0,308.6,39.83716857408418,38.6,124.0,False,False,False,False,False,False
6736,L53915,L,301.6,311.0,38.535697735995385,40.1,142.0,False,False,False,False,False,False
1839,M16698,M,297.8,307.2,38.157568056677825,39.6,108.0,False,False,False,False,False,False
4686,M19545,M,303.6,311.8,40.33608806019741,30.8,104.0,False,False,False,False,False,False
8574,L55753,L,297.6,308.4,40.32369030731191,32.4,130.0,False,False,False,False,False,False
4832,L52011,L,303.5,312.0,36.959437225152655,54.5,30.0,True,False,True,False,False,False
5020,M19879,M,304.0,313.1,38.28837943815329,39.5,83.0,False,False,False,False,False,False
4696,L51875,L,303.3,311.6,38.91015291668744,34.7,130.0,False,False,False,False,False,False
8063,M22922,M,300.3,311.6,36.864617182333525,54.1,81.0,False,False,False,False,False,False
5248,L52427,L,303.6,313.1,37.48332962798263,38.3,58.0,False,False,False,False,False,False
9684,M24543,M,299.0,310.0,36.578682316343766,56.4,29.0,False,False,False,False,False,False
7168,L54347,L,300.1,310.3,36.90528417449187,60.3,206.0,True,False,False,False,True,False
7807,L54986,L,300.0,311.5,36.72873534441391,48.6,113.0,False,False,False,False,False,False
1211,L48390,L,297.0,308.1,39.20459156782532,39.0,103.0,False,False,False,False,False,False
4920,L52099,L,303.3,310.1,38.80721582386451,40.0,50.0,False,False,False,False,False,False
968,M15827,M,295.9,306.6,39.14077158156185,38.6,104.0,False,False,False,False,False,False
1644,L48823,L,298.0,307.8,38.118237105091836,37.7,119.0,False,False,False,False,False,False
3479,L50658,L,301.8,310.7,39.96248240537617,30.8,74.0,False,False,False,False,False,False
4251,L51430,L,302.6,311.0,40.74309757492672,38.0,99.0,False,False,False,False,False,False
7859,L55038,L,300.5,311.9,36.742346141747674,51.7,18.0,False,False,False,False,False,False
5350,M20209,M,303.3,312.7,40.52159917870962,33.6,104.0,False,False,False,False,False,False
5281,L52460,L,303.6,312.9,38.47076812334269,41.4,135.0,False,False,False,False,False,False
5563,L52742,L,302.3,311.7,40.59556626036888,32.1,197.0,False,False,False,False,False,False
6493,M21352,M,300.8,309.9,38.0,46.0,180.0,False,False,False,False,False,False
2621,L49800,L,299.4,309.2,39.44616584663204,35.7,75.0,False,False,False,False,False,False
5956,L53135,L,300.7,310.8,40.65710270051225,31.6,111.0,False,False,False,False,False,False
2268,L49447,L,299.2,308.5,37.013511046643494,52.4,61.0,False,False,False,False,False,False
2712,L49891,L,299.6,309.1,37.5099986670221,50.6,85.0,False,False,False,False,False,False
994,M15853,M,296.1,307.1,38.535697735995385,36.0,169.0,False,False,False,False,False,False
151,L47330,L,298.4,308.3,37.70941526992961,42.7,186.0,False,False,False,False,False,False
7265,M22124,M,300.4,310.6,38.05259518088089,44.9,21.0,False,False,False,False,False,False
9379,L56558,L,297.6,310.1,42.61455150532503,28.8,106.0,False,False,False,False,False,False
8168,H37581,H,299.7,311.1,36.78314831549904,47.1,143.0,False,False,False,False,False,False
6912,L54091,L,300.8,311.1,38.47076812334269,41.1,176.0,False,False,False,False,False,False
9694,L56873,L,298.9,310.0,41.14608122288197,28.8,56.0,False,False,False,False,False,False
3497,L50676,L,301.9,310.9,36.180105030251084,48.0,124.0,False,False,False,False,False,False
8465,H37878,H,298.6,309.7,40.890096600521744,27.5,54.0,False,False,False,False,False,False
4946,L52125,L,303.6,312.7,37.656340767525464,44.1,118.0,False,False,False,False,False,False
9857,L57036,L,298.6,310.1,38.07886552931954,44.2,63.0,False,False,False,False,False,False
7539,M22398,M,300.2,311.4,38.07886552931954,38.5,68.0,False,False,False,False,False,False
2498,M17357,M,300.1,308.9,39.0,42.3,215.0,False,False,False,False,False,False
3536,H32949,H,301.9,311.0,40.890096600521744,29.9,13.0,False,False,False,False,False,False
9746,L56925,L,298.8,310.0,40.13726448077895,32.4,183.0,False,False,False,False,False,False
5375,L52554,L,302.9,312.3,38.92300091205713,40.8,183.0,False,False,False,False,False,False
9042,L56221,L,297.3,308.3,36.180105030251084,61.5,56.0,False,False,False,False,False,False
5500,H34913,H,302.9,312.3,37.64306044943742,48.7,26.0,False,False,False,False,False,False
5277,L52456,L,303.5,313.0,40.07492981902776,34.0,126.0,False,False,False,False,False,False
5278,L52457,L,303.5,310.1,38.742741255621034,44.0,128.0,False,False,False,False,False,False
1620,L48799,L,297.9,307.7,39.87480407475377,34.6,57.0,False,False,False,False,False,False
6153,M21012,M,301.1,311.1,39.89987468652001,35.7,174.0,False,False,False,False,False,False
4262,L51441,L,302.7,310.1,41.593268686170845,28.1,135.0,False,False,False,False,False,False
4062,L51241,L,301.9,310.8,43.657759905886145,21.7,62.0,False,False,False,False,False,False
6353,L53532,L,300.0,309.6,38.67815921162743,38.8,27.0,False,False,False,False,False,False
5211,L52390,L,303.7,312.6,38.28837943815329,42.5,183.0,False,False,False,False,False,False
8206,M23065,M,299.4,310.9,38.02630668366309,47.3,12.0,False,False,False,False,False,False
9049,M23908,M,297.3,308.4,37.013511046643494,50.5,71.0,False,False,False,False,False,False
2680,L49859,L,299.8,309.5,38.41874542459709,44.4,14.0,False,False,False,False,False,False
9355,M24214,M,298.2,308.8,40.08740450565489,31.9,39.0,False,False,False,False,False,False
9468,L56647,L,298.6,309.3,41.255302689472536,27.6,143.0,False,False,False,False,False,False
1854,L49033,L,297.6,307.2,38.54867053479276,40.6,42.0,False,False,False,False,False,False
1291,L48470,L,298.6,309.7,37.8021163428716,45.8,113.0,False,False,False,False,False,False
9302,M24161,M,298.1,308.9,38.19685850956856,50.3,108.0,False,False,False,False,False,False
4455,L51634,L,302.4,310.1,37.429934544425805,48.8,177.0,False,False,False,False,False,False
4916,H34329,H,300.1,312.3,37.22902093797257,49.0,35.0,False,False,False,False,False,False
3249,M18108,M,301.0,309.7,38.87158345115362,39.3,146.0,False,False,False,False,False,False
2876,M17735,M,300.5,309.4,43.32435804486894,23.8,31.0,False,False,False,False,False,False
7894,L55073,L,300.9,312.7,37.62977544445356,43.8,112.0,False,False,False,False,False,False
9822,L57001,L,298.6,309.4,40.82891132518721,35.6,185.0,False,False,False,False,False,False
1302,L48481,L,298.7,309.9,38.50973902793941,32.8,142.0,False,False,False,False,False,False
2511,L49690,L,299.1,309.0,37.48332962798263,53.8,18.0,False,False,False,False,False,False
6711,L53890,L,301.5,310.7,36.373066958946424,49.7,79.0,False,False,False,False,False,False
5031,M19890,M,303.9,313.1,37.907782842049734,48.3,110.0,False,False,False,False,False,False
6338,M21197,M,300.4,309.8,37.881393849751625,43.6,203.0,False,False,False,False,False,False
2746,M17605,M,299.7,309.1,40.0374824383352,38.5,170.0,False,False,False,False,False,False
4810,L51989,L,303.4,312.2,40.69397989875161,32.7,195.0,False,False,False,False,False,False
28,H29441,H,299.1,309.4,42.555845661906424,24.6,77.0,False,False,False,False,False,False
2393,L49572,L,299.2,310.1,36.60601043544625,50.0,144.0,False,False,False,False,False,False
4717,L51896,L,303.4,311.6,41.376321731154405,30.1,182.0,False,False,False,False,False,False
9207,M24066,M,297.9,308.9,39.331920878594275,44.0,72.0,False,False,False,False,False,False
7817,L54996,L,300.1,311.2,39.153543900903784,35.9,137.0,False,False,False,False,False,False
793,L47972,L,296.8,307.8,37.05401462729781,42.9,74.0,False,False,False,False,False,False
2282,L49461,L,300.1,308.7,39.191835884530846,38.9,94.0,False,False,False,False,False,False
7830,L55009,L,299.8,310.1,40.792156108742276,28.3,108.0,False,False,False,False,False,False
8860,L56039,L,297.9,309.1,38.17066936798463,44.4,28.0,False,False,False,False,False,False
4165,L51344,L,302.2,310.6,36.68787265568828,47.5,108.0,True,False,True,False,False,False
385,L47564,L,297.5,308.5,41.376321731154405,26.8,136.0,False,False,False,False,False,False
2877,M17736,M,300.5,309.3,39.72404813208241,30.5,34.0,False,False,False,False,False,False
6750,L53929,L,301.7,311.0,39.81205847478876,35.9,185.0,False,False,False,False,False,False
3978,M18837,M,300.1,311.3,38.8587184554509,36.6,91.0,False,False,False,False,False,False
8531,M23390,M,298.5,309.3,40.18706259482024,31.8,23.0,False,False,False,False,False,False
2299,L49478,L,300.1,308.6,38.49675310984031,37.6,132.0,False,False,False,False,False,False
77,L47256,L,298.8,308.9,38.22302970723278,47.9,206.0,False,False,False,False,False,False
4393,L51572,L,302.2,310.1,38.18376618407357,45.1,108.0,False,False,False,False,False,False
9544,M24403,M,299.5,310.1,37.12142238654117,48.7,119.0,False,False,False,False,False,False
8498,M23357,M,298.3,309.4,38.84584919911006,34.2,141.0,False,False,False,False,False,False
4711,L51890,L,303.4,311.7,40.90232267243512,32.2,166.0,False,False,False,False,False,False
984,L48163,L,296.2,306.9,39.06404996924922,34.9,140.0,False,False,False,False,False,False
621,M15480,M,298.3,310.1,37.26929030716845,49.6,75.0,False,False,False,False,False,False
12,H29425,H,298.6,309.1,37.72267222772003,44.3,29.0,False,False,False,False,False,False
8326,M23185,M,298.7,309.5,38.72983346207417,38.8,116.0,False,False,False,False,False,False
5843,L53022,L,301.4,311.2,36.810324638611924,50.6,37.0,False,False,False,False,False,False
9588,M24447,M,299.3,310.5,38.23610858861032,40.5,24.0,False,False,False,False,False,False
3860,L51039,L,302.6,311.5,39.98749804626441,37.0,211.0,False,False,False,False,False,False
2412,L49591,L,299.0,310.1,39.48417404479927,38.1,194.0,False,False,False,False,False,False
2260,L49439,L,299.1,308.3,37.82856063875548,52.3,38.0,False,False,False,False,False,False
4788,L51967,L,303.7,312.6,37.36308338453881,44.1,136.0,False,False,False,False,False,False
1280,M16139,M,298.3,309.6,39.1279950930277,40.1,81.0,False,False,False,False,False,False
6845,M21704,M,301.3,311.4,42.871902220452036,23.2,215.0,False,False,False,False,False,False
4439,L51618,L,302.4,310.1,37.656340767525464,52.3,141.0,False,False,False,False,False,False
3446,M18305,M,301.6,310.6,39.98749804626441,36.1,208.0,False,False,False,False,False,False
2089,L49268,L,300.1,309.4,36.4828726939094,46.4,16.0,False,False,False,False,False,False
1985,M16844,M,300.1,307.5,37.242448899072144,45.5,166.0,False,False,False,False,False,False
7827,L55006,L,299.8,311.1,36.05551275463989,64.2,165.0,False,False,False,False,False,False
7616,L54795,L,300.5,311.4,37.97367509209505,47.0,108.0,False,False,False,False,False,False
8473,L55652,L,298.5,309.7,40.422765862815474,37.8,78.0,False,False,False,False,False,False
5975,L53154,L,300.5,310.7,38.57460304397182,39.4,159.0,False,False,False,False,False,False
8804,L55983,L,297.4,308.5,38.54867053479276,48.6,75.0,False,False,False,False,False,False
441,L47620,L,297.4,308.5,37.26929030716845,39.2,54.0,False,False,False,False,False,False
4167,H33580,H,302.3,310.6,39.05124837953327,48.7,114.0,False,False,False,False,False,False
7571,H36984,H,300.2,311.0,42.15447781671598,27.5,151.0,False,False,False,False,False,False
481,L47660,L,297.4,309.0,39.786932528155525,32.0,166.0,False,False,False,False,False,False
7380,M22239,M,299.6,310.1,36.837480912787726,48.7,96.0,False,False,False,False,False,False
8788,M23647,M,297.5,308.5,41.2189276910499,30.1,40.0,False,False,False,False,False,False
4744,L51923,L,303.3,310.1,37.53664875824692,51.8,16.0,False,False,False,False,False,False
5110,M19969,M,304.0,313.4,37.26929030716845,45.8,123.0,False,False,False,False,False,False
9330,L56509,L,298.5,309.1,38.39270764090493,41.3,189.0,False,False,False,False,False,False
6119,M20978,M,300.9,311.1,36.40054944640259,61.4,88.0,False,False,False,False,False,False
7963,L55142,L,301.0,312.2,37.04051835490427,47.0,59.0,False,False,False,False,False,False
7959,L55138,L,301.0,312.1,37.107950630558946,49.9,48.0,False,False,False,False,False,False
2756,L49935,L,299.7,309.2,38.44476557348217,38.8,199.0,False,False,False,False,False,False
3616,M18475,M,301.8,311.1,40.58324777540605,31.6,6.0,False,False,False,False,False,False
2113,L49292,L,299.5,309.1,43.034869582700026,22.6,77.0,False,False,False,False,False,False
5632,L52811,L,302.8,312.2,38.92300091205713,36.8,162.0,False,False,False,False,False,False
6637,M21496,M,301.5,310.5,42.118879377305376,25.5,121.0,False,False,False,False,False,False
1186,L48365,L,297.3,308.4,38.61346915261564,46.5,29.0,False,False,False,False,False,False
7053,H36466,H,300.6,310.4,38.8587184554509,42.8,124.0,False,False,False,False,False,False
2567,M17426,M,299.3,309.0,37.68288736283355,41.6,155.0,False,False,False,False,False,False
6760,L53939,L,301.7,311.0,37.960505792204614,44.3,208.0,True,True,False,False,False,False
4360,M19219,M,302.1,310.0,39.1279950930277,38.0,161.0,False,False,False,False,False,False
1924,L49103,L,298.0,307.7,39.102429592034305,34.1,11.0,False,False,False,False,False,False
3363,L50542,L,301.4,310.6,38.01315561749642,43.9,210.0,False,False,False,False,False,False
8734,M23593,M,297.3,308.7,38.03945320322047,44.5,105.0,False,False,False,False,False,False
3704,M18563,M,302.0,311.2,37.656340767525464,49.5,17.0,False,False,False,False,False,False
6853,H36266,H,301.0,311.2,40.024992192379,32.7,19.0,False,False,False,False,False,False
866,L48045,L,295.9,306.6,37.603191353926334,50.2,51.0,False,False,False,False,False,False
4782,L51961,L,303.7,312.3,37.20215047547655,45.9,121.0,False,False,False,False,False,False
3771,L50950,L,300.1,311.0,40.11234224026316,31.0,190.0,False,False,False,False,False,False
3928,H33341,H,302.7,311.5,39.44616584663204,35.0,164.0,False,False,False,False,False,False
9597,L56776,L,298.9,310.1,38.28837943815329,43.4,50.0,False,False,False,False,False,False
5945,M20804,M,300.7,310.6,38.52272056851645,38.0,84.0,False,False,False,False,False,False
4705,L51884,L,303.7,311.9,39.50949253027682,33.3,153.0,False,False,False,False,False,False
8510,M23369,M,298.4,309.7,43.243496620879306,22.5,170.0,False,False,False,False,False,False
3746,L50925,L,302.6,311.4,41.689327171351664,25.8,128.0,False,False,False,False,False,False
8424,L55603,L,300.1,310.4,38.1051177665153,46.2,168.0,False,False,False,False,False,False
1956,L49135,L,297.9,307.7,36.16628264005025,55.2,87.0,False,False,False,False,False,False
3760,L50939,L,302.3,311.0,37.57658845611187,47.0,164.0,False,False,False,False,False,False
8175,L55354,L,299.9,311.3,37.027017163147235,52.3,167.0,False,False,False,False,False,False
9868,L57047,L,299.0,309.9,37.5632799419859,44.7,94.0,False,False,False,False,False,False
1114,M15973,M,296.6,307.4,42.30839160261236,25.8,72.0,False,False,False,False,False,False
2140,L49319,L,299.3,310.1,37.61648574760805,47.6,156.0,False,False,False,False,False,False
4494,L51673,L,302.7,310.5,38.87158345115362,37.7,60.0,False,False,False,False,False,False
1110,L48289,L,296.6,307.5,39.45883931389772,35.1,60.0,False,False,False,False,False,False
9427,L56606,L,298.1,308.7,36.61966684720111,55.7,30.0,False,False,False,False,False,False
7515,L54694,L,300.4,311.8,40.44749683231337,32.3,7.0,False,False,False,False,False,False
4061,M18920,M,302.0,310.9,36.76955262170047,55.5,59.0,False,False,False,False,False,False
5363,L52542,L,303.2,312.6,35.79106033634656,57.0,144.0,False,False,False,False,False,False
5829,L53008,L,301.3,311.1,38.781438859330635,39.1,2.0,False,False,False,False,False,False
7420,L54599,L,300.1,311.4,39.64845520319802,36.2,199.0,False,False,False,False,False,False
2911,L50090,L,300.6,309.5,39.698866482558415,38.8,124.0,False,False,False,False,False,False
2715,M17574,M,299.6,310.1,36.959437225152655,55.2,95.0,False,False,False,False,False,False
554,M15413,M,297.4,309.3,39.54743986657038,36.0,126.0,False,False,False,False,False,False
5577,H34990,H,300.1,312.0,38.17066936798463,43.4,23.0,False,False,False,False,False,False
2502,M17361,M,300.1,308.9,38.41874542459709,42.7,108.0,False,False,False,False,False,False
8927,M23786,M,297.3,308.3,38.19685850956856,59.6,207.0,True,False,False,True,True,False
3894,L51073,L,302.3,311.2,39.35733730830886,40.6,66.0,False,False,False,False,False,False
7349,H36762,H,299.7,310.3,38.23610858861032,40.4,19.0,False,False,False,False,False,False
6194,L53373,L,301.0,310.9,39.72404813208241,38.4,49.0,False,False,False,False,False,False
6816,L53995,L,300.9,310.7,37.77565353504821,44.1,141.0,False,False,False,False,False,False
4144,L51323,L,301.7,310.1,38.72983346207417,39.6,56.0,False,False,False,False,False,False
6245,M21104,M,301.0,310.4,40.80441152620633,30.9,177.0,False,False,False,False,False,False
8801,L55980,L,297.4,308.5,38.40572873934304,47.2,108.0,False,False,False,False,False,False
1944,L49123,L,298.1,308.0,41.27953488110059,30.9,61.0,False,False,False,False,False,False
874,L48053,L,295.9,306.4,43.497126341863094,21.7,72.0,False,False,False,False,False,False
8782,L55961,L,297.6,308.7,39.395431207184416,42.3,27.0,False,False,False,False,False,False
3354,L50533,L,301.6,310.9,40.39801975344831,31.6,189.0,False,False,False,False,False,False
7192,L54371,L,300.3,310.3,40.36087214122113,34.1,108.0,False,False,False,False,False,False
763,M15622,M,296.7,310.1,35.86084215408221,60.5,0.0,False,False,False,False,False,False
2245,M17104,M,299.3,308.4,39.26830783214372,37.5,203.0,True,True,False,False,False,False
6390,H35803,H,300.1,309.9,40.95119045888654,30.1,130.0,False,False,False,False,False,False
5481,H34894,H,302.7,312.1,38.44476557348217,36.0,191.0,False,False,False,False,False,False
666,L47845,L,297.5,308.9,41.58124577258358,28.1,189.0,False,False,False,False,False,False
3003,M17862,M,300.5,309.8,39.433488306260706,38.9,166.0,False,False,False,False,False,False
7623,M22482,M,300.6,311.6,38.379682124790975,31.5,69.0,False,False,False,False,False,False
5869,L53048,L,301.5,311.1,41.60528812542944,27.9,101.0,False,False,False,False,False,False
4053,M18912,M,300.1,310.8,39.534794801541594,39.2,39.0,False,False,False,False,False,False
8027,L55206,L,300.7,311.9,37.403208418530085,50.2,222.0,True,False,False,False,True,False
3235,L50414,L,300.8,309.4,38.58756276314948,38.4,109.0,False,False,False,False,False,False
8132,H37545,H,299.9,311.2,36.932370625238775,49.6,50.0,False,False,False,False,False,False
7398,L54577,L,299.7,310.6,41.677331968349414,26.1,144.0,False,False,False,False,False,False
8843,L56022,L,297.3,308.7,38.62641583165593,43.6,189.0,False,False,False,False,False,False
2174,M17033,M,299.5,309.2,38.66522985836241,41.6,17.0,False,False,False,False,False,False
5888,H35301,H,301.4,311.1,38.01315561749642,41.4,144.0,False,False,False,False,False,False
4447,L51626,L,302.5,310.3,39.7994974842648,35.5,158.0,False,False,False,False,False,False
7407,L54586,L,299.8,310.9,39.30648801406709,40.7,166.0,False,False,False,False,False,False
706,L47885,L,297.7,309.0,38.82009788756334,38.2,94.0,False,False,False,False,False,False
7490,M22349,M,300.2,311.6,41.84495190581536,28.0,162.0,False,False,False,False,False,False
9139,L56318,L,297.6,308.6,39.01281840626232,37.0,106.0,False,False,False,False,False,False
4354,M19213,M,302.0,309.7,37.22902093797257,62.7,142.0,True,False,False,True,False,False
6441,L53620,L,300.6,310.2,40.59556626036888,31.7,46.0,False,False,False,False,False,False
92,L47271,L,300.1,308.9,42.77849927241488,24.9,35.0,False,False,False,False,False,False
4433,L51612,L,302.4,310.2,38.01315561749642,46.4,125.0,False,False,False,False,False,False
2605,M17464,M,299.3,309.1,37.21558813185679,45.6,34.0,False,False,False,False,False,False
6056,L53235,L,300.7,310.8,38.40572873934304,42.0,147.0,False,False,False,False,False,False
9180,H38593,H,297.9,309.1,37.881393849751625,44.7,8.0,False,False,False,False,False,False
8723,L55902,L,297.2,308.6,36.959437225152655,50.4,74.0,False,False,False,False,False,False
9248,L56427,L,298.3,308.9,41.1703777004778,30.7,174.0,False,False,False,False,False,False
930,L48109,L,295.6,306.0,37.66961640367472,51.1,7.0,False,False,False,False,False,False
4718,M19577,M,303.4,311.6,37.749172176353746,45.4,184.0,False,False,False,False,False,False
3975,L51154,L,302.4,311.5,38.79432948254165,37.9,79.0,False,False,False,False,False,False
4002,H33415,H,302.1,311.2,39.97499218261337,37.9,148.0,False,False,False,False,False,False
770,L47949,L,296.9,308.0,36.64696440361739,44.5,15.0,False,False,False,False,False,False
9677,L56856,L,299.0,310.1,43.42810150121693,21.2,13.0,False,False,False,False,False,False
1800,M16659,M,298.0,307.5,37.77565353504821,45.1,95.0,False,False,False,False,False,False
1812,M16671,M,298.1,307.8,39.61060464067672,31.2,131.0,False,False,False,False,False,False
2022,L49201,L,298.7,308.5,38.47076812334269,42.2,58.0,False,False,False,False,False,False
7903,M22762,M,300.7,312.3,37.815340802378074,47.2,131.0,False,False,False,False,False,False
6411,L53590,L,300.4,310.1,39.293765408777,41.9,184.0,False,False,False,False,False,False
8041,L55220,L,300.8,311.9,38.704004960727254,39.3,23.0,False,False,False,False,False,False
9505,L56684,L,299.2,310.1,37.94733192202055,47.0,21.0,False,False,False,False,False,False
3647,M18506,M,302.2,311.5,43.162483709814474,25.7,85.0,False,False,False,False,False,False
9450,M24309,M,298.1,308.8,37.86819245752297,41.8,93.0,False,False,False,False,False,False
946,M15805,M,295.7,306.3,36.701498607005135,50.4,46.0,False,False,False,False,False,False
9685,H39098,H,298.9,309.9,37.094473981982816,51.0,32.0,False,False,False,False,False,False
668,L47847,L,297.5,310.1,38.19685850956856,48.5,193.0,False,False,False,False,False,False
435,M15294,M,297.5,308.5,38.52272056851645,44.7,40.0,False,False,False,False,False,False
6541,M21400,M,301.4,310.1,36.98648401781386,63.7,92.0,True,False,False,True,False,False
8110,L55289,L,300.3,311.7,42.67317658670374,26.3,202.0,False,False,False,False,False,False
676,M15535,M,297.8,310.1,37.73592452822641,45.5,2.0,False,False,False,False,False,False
6210,L53389,L,300.7,310.6,37.5099986670221,40.5,87.0,False,False,False,False,False,False
5318,L52497,L,303.6,312.7,40.45985664828782,32.9,108.0,False,False,False,False,False,False
1874,L49053,L,298.4,308.1,36.9729630946723,57.8,92.0,False,False,False,False,False,False
7458,L54637,L,300.1,311.6,39.11521443121589,36.6,74.0,False,False,False,False,False,False
7176,L54355,L,300.1,310.1,39.61060464067672,43.5,17.0,False,False,False,False,False,False
3310,L50489,L,301.3,310.4,37.20215047547655,50.1,88.0,False,False,False,False,False,False
6299,L53478,L,301.1,310.5,37.78888725538237,44.1,103.0,False,False,False,False,False,False
3206,M18065,M,300.1,310.1,39.344631145812,38.4,31.0,False,False,False,False,False,False
4738,M19597,M,300.1,311.5,36.55133376499413,58.2,2.0,True,False,True,False,False,False
3593,H33006,H,301.6,310.1,37.0,45.4,156.0,False,False,False,False,False,False
3242,H32655,H,300.9,310.1,38.3275357934736,43.4,126.0,False,False,False,False,False,False
5793,M20652,M,301.8,311.3,40.29888335921977,31.6,145.0,False,False,False,False,False,False
4043,L51222,L,302.0,310.9,39.54743986657038,39.0,15.0,False,False,False,False,False,False
146,L47325,L,298.5,308.4,38.897300677553446,33.6,172.0,False,False,False,False,False,False
5979,L53158,L,300.5,310.6,38.05259518088089,46.3,173.0,False,False,False,False,False,False
6915,H36328,H,300.9,311.3,40.84115571332428,28.9,183.0,False,False,False,False,False,False
484,L47663,L,297.4,309.0,36.38681079732051,56.9,173.0,False,False,False,False,False,False
761,L47940,L,296.7,307.8,38.79432948254165,39.4,236.0,False,False,False,False,False,False
7478,M22337,M,300.1,311.3,38.961519477556315,40.2,130.0,False,False,False,False,False,False
4944,H34357,H,303.6,312.6,37.89459064299283,42.0,110.0,False,False,False,False,False,False
5776,L52955,L,301.6,311.1,43.669211121796096,21.5,102.0,False,False,False,False,False,False
8342,L55521,L,298.8,309.7,41.84495190581536,29.6,160.0,False,False,False,False,False,False
7604,L54783,L,300.4,311.2,37.49666651850535,43.6,22.0,False,False,False,False,False,False
4157,M19016,M,302.0,310.1,42.69660408041839,25.1,87.0,False,False,False,False,False,False
5166,L52345,L,304.2,310.1,37.69615364994153,43.4,56.0,False,False,False,False,False,False
8439,L55618,L,298.6,309.8,38.3275357934736,42.8,205.0,False,False,False,False,False,False
6231,M21090,M,301.3,311.0,40.50925820105819,33.0,145.0,False,False,False,False,False,False
4470,L51649,L,302.7,310.5,38.02630668366309,40.9,211.0,True,True,False,False,False,False
6361,L53540,L,300.1,309.7,37.960505792204614,40.1,46.0,False,False,False,False,False,False
7896,L55075,L,300.8,312.6,37.70941526992961,50.0,117.0,False,False,False,False,False,False
1750,L48929,L,298.3,307.7,39.698866482558415,33.8,108.0,False,False,False,False,False,False
3836,M18695,M,302.3,311.1,37.881393849751625,43.1,149.0,False,False,False,False,False,False
8087,L55266,L,300.1,311.4,38.24918299781056,37.5,145.0,False,False,False,False,False,False
5832,L53011,L,301.3,311.3,38.39270764090493,50.7,10.0,False,False,False,False,False,False
6192,H35605,H,301.0,310.9,43.77213725647858,22.0,42.0,False,False,False,False,False,False
7780,L54959,L,300.5,311.7,42.555845661906424,26.8,47.0,False,False,False,False,False,False
8980,M23839,M,296.9,307.5,36.49657518178932,51.1,121.0,False,False,False,False,False,False
2447,L49626,L,299.3,308.6,37.70941526992961,48.9,83.0,False,False,False,False,False,False
4868,L52047,L,303.6,312.5,36.6742416417845,54.1,126.0,False,False,False,False,False,False
6644,M21503,M,301.5,310.5,36.16628264005025,60.5,139.0,False,False,False,False,False,False
4863,L52042,L,303.5,312.1,36.41428291206625,55.7,114.0,False,False,False,False,False,False
7766,H37179,H,300.3,311.6,37.77565353504821,56.2,8.0,False,False,False,False,False,False
9363,M24222,M,298.0,308.5,41.012193308819754,33.0,58.0,False,False,False,False,False,False
6381,L53560,L,300.2,309.8,37.815340802378074,55.0,102.0,False,False,False,False,False,False
8776,H38189,H,297.5,308.6,39.191835884530846,38.7,7.0,False,False,False,False,False,False
6814,M21673,M,300.9,310.7,37.68288736283355,43.0,133.0,False,False,False,False,False,False
4221,M19080,M,301.9,310.6,35.4964786985977,65.9,29.0,False,False,False,False,False,False
8317,L55496,L,298.8,309.8,38.24918299781056,40.0,90.0,False,False,False,False,False,False
8203,L55382,L,299.3,310.9,40.85339643163099,32.4,5.0,False,False,False,False,False,False
409,M15268,M,297.4,308.6,37.86819245752297,44.4,193.0,False,False,False,False,False,False
4355,L51534,L,302.0,309.8,38.157568056677825,58.1,145.0,False,False,False,False,False,False
4512,L51691,L,302.5,310.2,38.13135192987524,43.0,108.0,False,False,False,False,False,False
5846,M20705,M,301.4,311.2,41.557189510360296,26.5,43.0,False,False,False,False,False,False
9657,L56836,L,299.0,310.1,40.28647415696737,33.0,210.0,False,False,False,False,False,False
4388,L51567,L,302.0,309.8,39.14077158156185,39.4,2.0,False,False,False,False,False,False
8331,L55510,L,298.8,309.7,38.79432948254165,39.0,131.0,False,False,False,False,False,False
213,H29626,H,298.4,308.7,36.66060555964672,52.9,130.0,False,False,False,False,False,False
8891,L56070,L,297.7,308.8,40.19950248448356,34.2,114.0,False,False,False,False,False,False
3906,M18765,M,302.2,311.2,39.50949253027682,34.9,106.0,False,False,False,False,False,False
6581,L53760,L,301.3,310.4,38.82009788756334,39.1,194.0,False,False,False,False,False,False
1293,M16152,M,298.7,309.7,43.22036556994862,23.8,118.0,False,False,False,False,False,False
7614,L54793,L,300.5,311.3,38.40572873934304,46.3,49.0,False,False,False,False,False,False
9360,M24219,M,298.1,308.7,39.761790704142086,47.4,51.0,False,False,False,False,False,False
8746,L55925,L,297.4,308.6,37.5632799419859,46.3,138.0,False,False,False,False,False,False
8381,L55560,L,298.9,310.0,42.14261501141095,25.7,51.0,False,False,False,False,False,False
9120,M23979,M,297.4,308.4,40.92676385936225,29.5,59.0,False,False,False,False,False,False
2308,H31721,H,299.0,310.1,40.28647415696737,33.5,154.0,False,False,False,False,False,False
8485,L55664,L,298.4,309.5,37.376463182061514,50.3,110.0,False,False,False,False,False,False
8564,L55743,L,298.0,310.1,38.72983346207417,36.7,104.0,False,False,False,False,False,False
7987,L55166,L,301.1,312.3,39.83716857408418,34.5,115.0,False,False,False,False,False,False
525,L47704,L,297.4,310.1,40.24922359499622,35.4,51.0,False,False,False,False,False,False
2883,L50062,L,300.6,309.6,41.036569057366385,32.8,53.0,False,False,False,False,False,False
2060,H31473,H,299.5,309.4,37.22902093797257,44.4,154.0,False,False,False,False,False,False
8387,M23246,M,298.9,309.9,38.742741255621034,37.1,70.0,False,False,False,False,False,False
7141,L54320,L,300.5,309.9,37.17526059088221,46.5,134.0,False,False,False,False,False,False
1788,L48967,L,298.4,308.2,36.932370625238775,45.9,63.0,False,False,False,False,False,False
1311,L48490,L,298.9,310.2,38.704004960727254,50.2,160.0,False,False,False,False,False,False
6752,M21611,M,301.7,311.0,38.79432948254165,37.1,190.0,False,False,False,False,False,False
6159,L53338,L,301.1,311.0,40.95119045888654,29.1,188.0,False,False,False,False,False,False
4874,M19733,M,303.7,312.4,38.39270764090493,38.8,139.0,False,False,False,False,False,False
845,L48024,L,296.5,307.5,39.57271787481876,35.1,206.0,False,False,False,False,False,False
9605,H39018,H,299.0,310.2,40.45985664828782,38.0,68.0,False,False,False,False,False,False
340,M15199,M,297.5,308.2,41.38840417314975,32.2,17.0,False,False,False,False,False,False
4516,L51695,L,302.5,310.4,37.61648574760805,48.2,117.0,False,False,False,False,False,False
1761,L48940,L,298.1,307.5,41.036569057366385,33.1,200.0,False,False,False,False,False,False
5239,L52418,L,303.7,313.0,38.17066936798463,44.1,40.0,False,False,False,False,False,False
5640,L52819,L,302.6,312.1,40.84115571332428,28.7,180.0,False,False,False,False,False,True
5756,L52935,L,302.1,311.4,37.296112397943034,49.2,52.0,False,False,False,False,False,False
6352,L53531,L,300.0,309.7,39.26830783214372,47.1,108.0,False,False,False,False,False,False
1393,M16252,M,299.0,310.3,38.65229618017538,46.6,144.0,False,False,False,False,False,False
9025,L56204,L,297.4,308.3,36.959437225152655,45.5,11.0,False,False,False,False,False,False
5705,L52884,L,302.5,311.8,36.53765181289022,52.7,135.0,False,False,False,False,False,False
2030,L49209,L,298.7,308.5,40.84115571332428,35.2,77.0,False,False,False,False,False,False
4467,L51646,L,302.8,310.6,38.34057902536163,41.1,205.0,False,False,False,False,False,False
4345,H33758,H,301.8,309.9,37.656340767525464,51.3,116.0,False,False,False,False,False,False
840,M15699,M,296.5,307.4,39.56008088970496,43.5,194.0,False,False,False,False,False,False
9619,L56798,L,299.0,310.1,38.03945320322047,42.8,104.0,False,False,False,False,False,False
7454,H36867,H,300.3,311.7,37.841775856849004,47.7,61.0,False,False,False,False,False,False
849,L48028,L,296.3,307.4,38.27531841800928,47.1,215.0,False,False,False,False,False,False
1798,M16657,M,298.0,310.1,38.8329756778952,41.8,89.0,False,False,False,False,False,False
2215,H31628,H,299.7,309.2,36.810324638611924,44.8,127.0,False,False,False,False,False,False
1449,M16308,M,299.0,310.3,40.70626487409524,31.0,70.0,False,False,False,False,False,False
4949,M19808,M,303.8,310.1,38.72983346207417,41.7,125.0,False,False,False,False,False,False
3880,M18739,M,302.6,311.7,37.815340802378074,51.7,32.0,False,False,False,False,False,False
6204,L53383,L,301.0,310.9,37.469987990390386,41.8,71.0,False,False,False,False,False,False
218,L47397,L,298.3,308.5,40.792156108742276,31.6,144.0,False,False,False,False,False,False
7800,L54979,L,300.0,310.1,37.067505985701274,41.9,96.0,False,False,False,False,False,False
6478,L53657,L,300.5,309.7,42.906875905849866,24.6,143.0,False,False,False,False,False,False
571,L47750,L,297.7,309.7,38.704004960727254,41.0,176.0,False,False,False,False,False,False
7263,M22122,M,300.4,310.6,39.30648801406709,35.6,16.0,False,False,False,False,False,False
1756,L48935,L,298.0,307.3,37.73592452822641,46.5,185.0,False,False,False,False,False,False
8318,L55497,L,298.7,309.7,40.82891132518721,30.4,92.0,False,False,False,False,False,False
3927,L51106,L,302.6,311.5,40.11234224026316,36.0,162.0,False,False,False,False,False,False
1808,L48987,L,298.0,307.6,40.66939881532551,28.9,123.0,False,False,False,False,False,False
2993,M17852,M,300.5,309.7,41.048751503547585,29.4,140.0,False,False,False,False,False,False
1522,M16381,M,298.2,308.9,39.81205847478876,34.3,33.0,False,False,False,False,False,False
3924,M18783,M,302.6,311.4,41.44876355212541,31.2,154.0,False,False,False,False,False,False
5379,L52558,L,302.9,312.4,39.370039370059054,36.9,194.0,False,False,False,False,False,False
5436,M20295,M,303.0,312.5,39.03844259188627,42.1,76.0,False,False,False,False,False,False
5431,L52610,L,302.8,312.5,41.15823125451335,28.4,66.0,False,False,False,False,False,False
737,L47916,L,296.9,308.3,39.433488306260706,38.2,108.0,False,False,False,False,False,False
9267,L56446,L,298.2,308.9,41.677331968349414,25.5,26.0,False,False,False,False,False,False
2677,L49856,L,299.7,309.3,39.89987468652001,34.2,8.0,False,False,False,False,False,False
9880,M24739,M,298.8,309.8,38.600518131237564,38.6,127.0,False,False,False,False,False,False
5590,M20449,M,302.5,311.9,36.02776706930364,57.5,57.0,False,False,False,False,False,False
5283,H34696,H,300.1,313.2,37.16180835212409,52.4,140.0,False,False,False,False,False,False
973,L48152,L,300.1,306.6,40.54626986542659,35.2,115.0,False,False,False,False,False,False
6074,M20933,M,300.9,310.8,42.30839160261236,26.2,191.0,False,False,False,False,False,False
7608,M22467,M,300.5,311.3,38.31448812133603,41.1,34.0,False,False,False,False,False,False
9724,L56903,L,300.1,309.8,39.98749804626441,33.6,131.0,False,False,False,False,False,False
3715,M18574,M,300.1,310.1,43.069710934716056,23.9,43.0,False,False,False,False,False,False
5769,L52948,L,301.7,311.3,37.69615364994153,45.9,85.0,False,False,False,False,False,False
1478,L48657,L,298.3,309.4,39.6232255123179,35.6,138.0,False,False,False,False,False,False
9719,L56898,L,300.1,309.9,38.948684188300895,36.6,117.0,False,False,False,False,False,False
9623,L56802,L,298.9,310.0,42.35563716909474,27.2,114.0,False,False,False,False,False,False
5797,L52976,L,301.7,311.1,37.403208418530085,55.1,156.0,False,False,False,False,False,False
98,M14957,M,298.9,308.9,41.83300132670378,29.9,50.0,False,False,False,False,False,False
3085,H32498,H,300.1,309.4,36.45545226711637,55.2,143.0,False,False,False,False,False,False
2536,L49715,L,299.0,308.8,38.66522985836241,38.4,75.0,False,False,False,False,False,False
2192,L49371,L,299.6,309.0,40.59556626036888,33.6,70.0,False,False,False,False,False,False
3325,L50504,L,301.5,310.6,39.72404813208241,34.1,120.0,False,False,False,False,False,False
4774,L51953,L,303.6,312.0,37.296112397943034,50.3,101.0,False,False,False,False,False,False
4193,M19052,M,302.5,311.0,38.24918299781056,43.1,181.0,False,False,False,False,False,False
8962,M23821,M,300.1,310.1,37.456641600656084,45.0,77.0,False,False,False,False,False,False
2632,H32045,H,300.0,309.7,39.102429592034305,42.4,107.0,False,False,False,False,False,False
869,M15728,M,295.8,306.5,38.91015291668744,37.7,60.0,False,False,False,False,False,False
9758,M24617,M,298.6,309.9,38.948684188300895,34.0,215.0,False,False,False,False,False,False
5686,L52865,L,302.2,311.5,38.49675310984031,45.6,87.0,False,False,False,False,False,False
1767,M16626,M,298.3,307.7,41.43669871020132,27.1,7.0,False,False,False,False,False,False
7119,L54298,L,300.9,310.5,39.56008088970496,35.9,81.0,False,False,False,False,False,False
7927,L55106,L,300.7,311.9,36.53765181289022,57.1,194.0,True,False,False,False,True,False
4309,H33722,H,301.4,309.9,38.2099463490856,47.2,22.0,False,False,False,False,False,False
7390,L54569,L,299.8,310.1,41.31585652022719,32.5,124.0,False,False,False,False,False,False
3642,L50821,L,302.3,311.6,38.57460304397182,41.8,75.0,False,False,False,False,False,False
563,L47742,L,297.6,309.5,39.67366884975475,30.9,151.0,False,False,False,False,False,False
4451,L51630,L,302.5,310.3,39.382737335030434,37.3,168.0,False,False,False,False,False,False
446,L47625,L,297.5,308.6,42.34383071948026,26.7,70.0,False,False,False,False,False,False
2951,M17810,M,300.7,309.5,38.01315561749642,46.4,24.0,False,False,False,False,False,False
4607,L51786,L,300.1,310.1,39.44616584663204,45.3,108.0,False,False,False,False,False,False
5405,H34818,H,302.8,312.5,37.70941526992961,46.1,4.0,False,False,False,False,False,False
1477,L48656,L,298.4,309.5,41.13392760240627,28.3,136.0,False,False,False,False,False,False
9408,L56587,L,297.8,308.3,37.881393849751625,50.1,189.0,False,False,False,False,False,False
3140,H32553,H,300.1,309.9,38.897300677553446,38.7,76.0,False,False,False,False,False,False
1976,L49155,L,298.0,307.7,37.70941526992961,45.6,140.0,False,False,False,False,False,False
8948,M23807,M,297.3,308.2,38.1051177665153,38.2,44.0,False,False,False,False,False,False
905,H30318,H,295.7,306.2,38.18376618407357,49.8,151.0,False,False,False,False,False,False
1407,L48586,L,298.9,310.1,37.97367509209505,48.0,181.0,False,False,False,False,False,False
6522,L53701,L,301.1,310.1,40.8166632639171,27.2,40.0,False,False,False,False,False,False
9432,L56611,L,298.0,310.1,37.815340802378074,57.0,43.0,False,False,False,False,False,False
7883,H37296,H,300.7,312.3,40.8656334834051,27.3,81.0,False,False,False,False,False,False
6717,L53896,L,301.3,310.6,37.242448899072144,53.6,94.0,False,False,False,False,False,False
3696,L50875,L,302.2,311.3,39.11521443121589,37.3,207.0,True,True,False,False,False,False
8658,L55837,L,297.4,308.4,37.69615364994153,46.0,124.0,False,False,False,False,False,False
8406,M23265,M,298.4,309.5,38.52272056851645,41.7,108.0,False,False,False,False,False,False
4678,H34091,H,303.5,311.6,38.28837943815329,47.0,80.0,False,False,False,False,False,False
8261,H37674,H,299.1,310.6,36.49657518178932,48.0,148.0,False,False,False,False,False,False
7448,M22307,M,300.3,311.9,40.95119045888654,30.8,48.0,False,False,False,False,False,False
601,L47780,L,297.8,309.7,39.331920878594275,37.3,108.0,False,False,False,False,False,False
2088,L49267,L,300.1,309.3,39.71145930332956,36.6,14.0,False,False,False,False,False,False
3886,L51065,L,302.5,311.5,40.95119045888654,29.2,49.0,False,False,False,False,False,False
6476,L53655,L,300.5,309.7,39.496835316262995,30.2,139.0,False,False,False,False,False,False
8538,L55717,L,298.6,309.5,41.593268686170845,30.2,41.0,False,False,False,False,False,False
7726,L54905,L,300.6,311.7,41.7612260356422,26.9,111.0,False,False,False,False,False,False
5615,H35028,H,303.0,312.2,40.29888335921977,28.8,117.0,False,False,False,False,False,False
9876,M24735,M,298.9,309.8,36.91882988394946,50.6,115.0,False,False,False,False,False,False
4050,L51229,L,301.8,310.8,38.79432948254165,41.2,33.0,False,False,False,False,False,False
5469,L52648,L,302.8,312.3,42.0,29.9,162.0,False,False,False,False,False,False
2461,L49640,L,299.0,308.6,38.28837943815329,46.4,112.0,False,False,False,False,False,False
1034,H30447,H,296.4,307.5,39.44616584663204,38.0,62.0,False,False,False,False,False,False
6173,L53352,L,300.8,310.6,39.71145930332956,37.9,227.0,True,True,False,False,False,False
2589,L49768,L,299.0,308.7,41.30375285612676,28.6,206.0,False,False,False,False,False,False
3118,M17977,M,300.1,309.3,38.3275357934736,43.9,20.0,False,False,False,False,False,False
9796,L56975,L,298.5,309.3,40.28647415696737,33.1,109.0,False,False,False,False,False,False
6436,L53615,L,300.3,309.9,40.26164427839479,34.1,36.0,False,False,False,False,False,False
5788,L52967,L,301.7,311.3,39.7994974842648,38.8,132.0,False,False,False,False,False,False
9718,L56897,L,298.9,309.9,38.72983346207417,44.2,115.0,False,False,False,False,False,False
2831,M17690,M,300.4,309.3,37.5632799419859,41.6,160.0,False,False,False,False,False,False
1294,H30707,H,298.7,309.8,39.774363602702685,33.4,121.0,False,False,False,False,False,False
6851,M21710,M,301.0,311.2,39.0,35.8,13.0,False,False,False,False,False,False
4768,L51947,L,303.6,311.9,38.379682124790975,50.1,84.0,False,False,False,False,False,False
1484,L48663,L,298.0,308.9,39.72404813208241,35.6,153.0,False,False,False,False,False,False
3394,L50573,L,300.1,310.6,38.600518131237564,48.1,81.0,False,False,False,False,False,False
8467,L55646,L,298.7,309.8,38.3275357934736,38.4,62.0,False,False,False,False,False,False
5486,L52665,L,302.6,312.1,36.66060555964672,51.0,206.0,False,False,False,False,False,False
3562,L50741,L,301.7,310.6,38.54867053479276,38.5,78.0,False,False,False,False,False,False
9008,L56187,L,297.4,308.0,37.1887079635741,46.2,188.0,False,False,False,False,False,False
485,L47664,L,297.4,309.0,39.59797974644666,33.7,175.0,False,False,False,False,False,False
2952,L50131,L,300.7,309.5,41.048751503547585,31.1,27.0,False,False,False,False,False,False
6916,L54095,L,301.0,311.4,38.52272056851645,36.2,188.0,False,False,False,False,False,False
5524,M20383,M,302.5,311.9,39.03844259188627,34.8,86.0,False,False,False,False,False,False
8576,M23435,M,297.6,308.3,40.59556626036888,29.1,134.0,False,False,False,False,False,False
1087,L48266,L,297.0,307.9,38.144462245521304,49.0,204.0,False,False,False,False,False,False
7046,M21905,M,300.7,310.1,40.11234224026316,27.6,108.0,False,False,False,False,False,False
3634,M18493,M,302.2,311.3,39.0,40.6,52.0,False,False,False,False,False,False
8011,L55190,L,300.8,311.8,36.373066958946424,61.1,178.0,False,False,False,False,False,False
5255,L52434,L,303.5,313.1,43.55456348076513,23.6,75.0,False,False,False,False,False,False
2478,L49657,L,298.9,308.5,37.242448899072144,57.3,154.0,False,False,False,False,False,False
3742,L50921,L,302.4,311.3,38.768543949960254,38.2,120.0,False,False,False,False,False,False
2822,M17681,M,300.3,309.6,37.66961640367472,42.5,137.0,False,False,False,False,False,False
18,M14877,M,298.7,310.1,37.54996671103717,45.6,47.0,False,False,False,False,False,False
505,M15364,M,297.6,309.3,39.102429592034305,41.9,3.0,False,False,False,False,False,False
8490,L55669,L,298.4,309.4,38.22302970723278,46.3,121.0,False,False,False,False,False,False
6515,L53694,L,301.0,309.9,38.82009788756334,41.8,19.0,False,False,False,False,False,False
8227,L55406,L,299.1,310.5,37.26929030716845,61.4,64.0,False,False,False,False,False,False
5244,L52423,L,303.7,313.1,41.48493702538308,34.8,50.0,False,False,False,False,False,False
8634,L55813,L,297.4,308.3,36.55133376499413,53.7,61.0,False,False,False,False,False,False
5618,L52797,L,303.1,312.4,37.469987990390386,61.5,127.0,True,False,False,True,False,False
2056,L49235,L,299.6,309.4,40.53393639902249,32.9,145.0,False,False,False,False,False,False
2806,L49985,L,300.0,309.4,38.2099463490856,43.5,102.0,False,False,False,False,False,False
4380,M19239,M,301.8,309.5,41.617304093369626,30.1,220.0,False,False,False,False,False,False
2021,H31434,H,298.7,308.4,39.496835316262995,33.3,53.0,False,False,False,False,False,False
5967,L53146,L,300.4,310.8,37.36308338453881,49.3,142.0,False,False,False,False,False,False
8547,L55726,L,298.4,309.3,41.42463035441596,28.4,66.0,False,False,False,False,False,False
161,L47340,L,298.4,308.2,35.805027579936315,60.7,216.0,True,False,False,False,True,False
3818,M18677,M,302.1,310.1,37.69615364994153,52.0,95.0,False,False,False,False,False,False
6018,L53197,L,300.8,310.9,37.389838191679836,38.2,50.0,False,False,False,False,False,False
187,L47366,L,298.1,308.3,36.069377593742864,56.0,63.0,False,False,False,False,False,False
8607,M23466,M,300.1,308.4,38.79432948254165,37.2,215.0,False,False,False,False,False,False
2410,L49589,L,300.1,308.5,39.230090491866065,46.8,190.0,False,False,False,False,False,False
5323,M20182,M,300.1,312.7,36.837480912787726,55.3,31.0,False,False,False,False,False,False
7579,L54758,L,300.4,311.2,40.90232267243512,28.9,171.0,False,False,False,False,False,False
9980,L57159,L,298.5,308.3,36.52396473549935,49.8,186.0,False,False,False,False,False,False
2316,L49495,L,299.2,308.9,39.06404996924922,37.9,177.0,False,False,False,False,False,False
9923,H39336,H,298.6,308.8,39.57271787481876,39.1,36.0,False,False,False,False,False,False
8642,M23501,M,297.6,308.5,36.87817782917155,48.6,77.0,False,False,False,False,False,False
5083,H34496,H,304.1,313.2,39.87480407475377,43.4,52.0,False,False,False,False,False,False
8441,L55620,L,298.6,310.1,37.013511046643494,56.0,0.0,False,False,False,False,False,False
252,M15111,M,298.0,308.2,38.28837943815329,42.6,2.0,False,False,False,False,False,False
7002,L54181,L,300.5,310.5,39.54743986657038,38.2,199.0,False,False,False,False,False,False
7254,L54433,L,300.3,310.5,39.01281840626232,39.1,217.0,False,False,False,False,False,False
2427,M17286,M,298.9,308.2,37.04051835490427,63.6,30.0,True,False,False,True,False,False
230,L47409,L,298.3,308.5,39.21734310225516,32.2,173.0,False,False,False,False,False,False
8108,H37521,H,300.3,311.9,37.282703764614496,49.0,194.0,False,False,False,False,False,False
9011,L56190,L,297.2,307.9,37.960505792204614,40.0,195.0,False,False,False,False,False,False
7860,M22719,M,300.5,311.9,37.013511046643494,44.8,20.0,False,False,False,False,False,False
4915,M19774,M,303.5,312.3,39.14077158156185,41.7,32.0,False,False,False,False,False,False
6813,L53992,L,300.9,310.6,36.742346141747674,53.8,131.0,False,False,False,False,False,False
1430,M16289,M,298.9,310.0,38.157568056677825,43.8,15.0,False,False,False,False,False,False
8712,L55891,L,297.1,308.5,41.6293165929973,28.7,108.0,False,False,False,False,False,False
3335,M18194,M,301.6,310.8,39.344631145812,34.2,143.0,False,False,False,False,False,False
4444,L51623,L,302.5,310.3,37.48332962798263,57.4,152.0,False,False,False,False,False,False
822,L48001,L,296.7,307.6,38.39270764090493,41.7,148.0,False,False,False,False,False,False
3728,L50907,L,302.3,311.2,42.261093218230876,24.3,81.0,False,False,False,False,False,False
2417,L49596,L,299.0,308.4,39.63584236521283,38.6,5.0,False,False,False,False,False,False
3875,L51054,L,302.6,311.7,35.41186241925155,54.1,19.0,False,False,False,False,False,False
2897,M17756,M,300.7,309.5,40.4103947023535,31.3,90.0,False,False,False,False,False,False
5725,L52904,L,302.3,311.8,37.8549864614954,50.3,108.0,False,False,False,False,False,False
3502,H32915,H,301.9,310.1,35.93048844644336,63.6,137.0,False,False,False,False,False,False
1355,L48534,L,300.1,310.1,36.52396473549935,48.0,42.0,False,False,False,False,False,False
1238,M16097,M,297.1,308.4,38.7556447501522,37.3,181.0,False,False,False,False,False,False
3958,L51137,L,302.2,311.4,38.8587184554509,44.9,33.0,False,False,False,False,False,False
5494,L52673,L,302.8,312.4,37.094473981982816,57.1,8.0,False,False,False,False,False,False
7547,H36960,H,300.2,311.5,38.13135192987524,42.8,88.0,False,False,False,False,False,False
2073,L49252,L,299.6,309.5,39.6232255123179,35.5,189.0,False,False,False,False,False,True
8592,L55771,L,297.4,307.9,40.07492981902776,33.4,176.0,False,False,False,False,False,False
9181,L56360,L,300.1,309.1,38.82009788756334,36.9,13.0,False,False,False,False,False,False
3247,L50426,L,301.0,309.7,38.31448812133603,42.0,141.0,False,False,False,False,False,False
1036,L48215,L,296.4,307.4,37.456641600656084,48.4,70.0,False,False,False,False,False,False
9496,H38909,H,299.3,310.0,37.05401462729781,44.8,221.0,False,False,False,False,False,False
5141,M20000,M,304.3,313.6,39.81205847478876,32.1,202.0,False,False,False,False,False,False
2082,M16941,M,299.4,310.1,38.535697735995385,47.1,209.0,False,False,False,False,False,False
1587,M16446,M,298.3,308.4,38.54867053479276,44.2,196.0,False,False,False,False,False,False
9493,L56672,L,299.1,309.9,39.824615503479755,36.6,215.0,False,False,False,False,False,False
3816,L50995,L,302.2,310.7,42.05948168962618,24.9,91.0,False,False,False,False,False,False
7469,L54648,L,300.3,311.6,39.496835316262995,37.7,107.0,False,False,False,False,False,False
3422,M18281,M,301.5,310.5,40.149719799769464,29.8,148.0,False,False,False,False,False,False
8103,L55282,L,300.3,311.8,37.589892258425,46.0,182.0,False,False,False,False,False,False
9591,M24450,M,299.2,310.4,36.40054944640259,52.0,34.0,False,False,False,False,False,False
610,L47789,L,298.1,309.9,40.36087214122113,32.5,45.0,False,False,False,False,False,False
8998,M23857,M,297.1,307.9,40.11234224026316,38.9,166.0,False,False,False,False,False,False
5768,M20627,M,301.6,311.2,37.61648574760805,46.5,82.0,False,False,False,False,False,False
2907,L50086,L,300.6,309.3,37.53664875824692,38.7,115.0,False,False,False,False,False,False
3435,M18294,M,301.5,310.1,37.57658845611187,44.1,184.0,False,False,False,False,False,False
1523,H30936,H,298.2,309.0,39.52214569073901,37.7,36.0,False,False,False,False,False,False
7588,L54767,L,300.4,311.1,37.48332962798263,54.1,193.0,False,False,False,False,False,False
1020,L48199,L,296.3,307.3,37.389838191679836,52.7,31.0,False,False,False,False,False,False
7996,L55175,L,301.0,312.2,42.14261501141095,28.8,138.0,False,False,False,False,False,False
8166,L55345,L,299.6,311.0,39.395431207184416,33.2,108.0,False,False,False,False,False,False
1324,L48503,L,300.1,310.1,36.89173349139343,51.7,192.0,False,False,False,False,False,False
9863,M24722,M,298.8,310.1,37.93415347678132,45.8,81.0,False,False,False,False,False,False
4170,L51349,L,302.1,310.5,39.48417404479927,36.0,108.0,False,False,False,False,False,False
683,H30096,H,297.8,309.0,37.54996671103717,48.8,23.0,False,False,False,False,False,False
5589,M20448,M,302.5,311.8,39.57271787481876,37.6,54.0,False,False,False,False,False,False
2786,L49965,L,300.2,309.5,38.66522985836241,32.6,49.0,False,False,False,False,False,False
3126,L50305,L,300.1,310.1,41.15823125451335,27.4,44.0,False,False,False,False,False,False
9727,L56906,L,298.8,309.8,39.45883931389772,37.2,139.0,False,False,False,False,False,False
4192,L51371,L,302.4,311.0,36.29049462324811,59.4,179.0,False,False,False,False,False,False
6474,H35887,H,300.4,309.5,39.331920878594275,50.7,131.0,False,False,False,False,False,False
4508,L51687,L,302.4,310.1,41.340053217188775,31.8,100.0,False,False,False,False,False,False
8323,L55502,L,298.7,309.6,36.932370625238775,44.9,106.0,False,False,False,False,False,False
9555,M24414,M,299.3,310.1,37.94733192202055,45.5,146.0,False,False,False,False,False,False
1815,L48994,L,298.1,307.7,40.620192023179804,34.1,138.0,False,False,False,False,False,False
7353,M22212,M,299.7,310.1,37.94733192202055,42.8,30.0,False,False,False,False,False,False
4090,M18949,M,301.9,310.5,39.87480407475377,40.3,130.0,False,False,False,False,False,False
2195,M17054,M,299.6,308.9,39.59797974644666,35.3,77.0,False,False,False,False,False,False
7436,L54615,L,299.9,311.3,38.781438859330635,40.7,20.0,False,False,False,False,False,False
9517,L56696,L,300.1,310.1,36.61966684720111,54.5,51.0,False,False,False,False,False,False
405,L47584,L,297.3,308.6,36.013886210738214,45.9,184.0,False,False,False,False,False,False
8218,L55397,L,300.1,310.6,39.71145930332956,37.1,44.0,False,False,False,False,False,False
9290,L56469,L,298.2,308.9,36.9729630946723,45.0,85.0,False,False,False,False,False,False
9736,L56915,L,300.1,310.1,38.0,47.7,161.0,False,False,False,False,False,False
5229,M20088,M,303.9,313.1,36.64696440361739,61.4,14.0,False,False,False,False,False,False
2700,L49879,L,299.9,309.4,36.91882988394946,60.9,57.0,False,False,False,False,False,False
3197,L50376,L,300.1,309.1,38.58756276314948,40.3,7.0,False,False,False,False,False,False
9889,M24748,M,298.8,309.6,39.68626966596886,34.4,149.0,False,False,False,False,False,False
8177,L55356,L,299.8,311.2,39.54743986657038,40.0,172.0,False,False,False,False,False,False
1955,L49134,L,297.9,307.8,38.19685850956856,46.9,85.0,False,False,False,False,False,False
2116,L49295,L,300.1,309.0,37.469987990390386,47.3,86.0,False,False,False,False,False,False
1710,L48889,L,298.2,307.8,41.82104733265297,26.1,66.0,False,False,False,False,False,False
3668,L50847,L,302.3,311.6,40.80441152620633,34.3,139.0,False,False,False,False,False,False
630,L47809,L,298.3,310.1,39.02563260217571,45.9,99.0,False,False,False,False,False,False
2983,L50162,L,300.5,309.5,42.36744032862972,27.7,117.0,False,False,False,False,False,False
8162,H37575,H,299.6,311.0,41.400483088968905,30.2,128.0,False,False,False,False,False,False
2524,L49703,L,300.1,308.7,40.43513323831146,35.2,47.0,False,False,False,False,False,False
1139,L48318,L,296.9,310.1,37.881393849751625,41.6,139.0,False,False,False,False,False,False
1267,L48446,L,298.0,309.6,40.4103947023535,34.8,41.0,False,False,False,False,False,False
8373,M23232,M,298.8,310.1,38.05259518088089,44.8,31.0,False,False,False,False,False,False
5719,L52898,L,300.1,312.0,40.26164427839479,32.5,169.0,False,False,False,False,False,False
9954,L57133,L,298.1,307.8,39.56008088970496,35.3,119.0,False,False,False,False,False,False
7513,M22372,M,300.5,311.8,40.44749683231337,34.4,2.0,False,False,False,False,False,False
1019,L48198,L,296.3,307.2,35.93048844644336,58.6,29.0,False,False,False,False,False,False
9704,L56883,L,298.9,310.0,37.70941526992961,43.6,78.0,False,False,False,False,False,False
3069,H32482,H,300.0,310.1,40.27406113120453,31.8,103.0,False,False,False,False,False,False
4525,M19384,M,302.5,310.5,39.07684736515984,38.8,136.0,False,False,False,False,False,False
9246,L56425,L,298.3,308.9,41.32795663954365,27.3,170.0,False,False,False,False,False,False
9584,L56763,L,299.3,310.5,35.79106033634656,59.8,15.0,False,False,False,False,False,False
7126,L54305,L,300.7,310.1,35.510561809129406,56.6,98.0,False,False,False,False,False,False
6296,H35709,H,301.1,310.6,42.21374183841087,24.9,93.0,False,False,False,False,False,False
8684,L55863,L,297.2,310.1,38.03945320322047,47.9,188.0,False,False,False,False,False,False
6676,L53855,L,301.5,310.6,39.736632972611055,28.0,108.0,False,False,False,False,False,False
4271,L51450,L,302.6,310.9,36.4828726939094,52.0,154.0,True,False,True,False,False,False
6343,M21202,M,300.3,309.8,38.0,42.0,3.0,False,False,False,False,False,False
3597,L50776,L,300.1,310.5,36.796738985948195,50.0,169.0,False,False,False,False,False,False
7989,L55168,L,301.1,312.3,38.54867053479276,34.9,122.0,False,False,False,False,False,False
4632,L51811,L,303.0,311.2,37.1887079635741,44.6,198.0,False,False,False,False,False,False
5103,M19962,M,304.1,313.5,39.83716857408418,33.6,108.0,False,False,False,False,False,False
4460,L51639,L,302.6,310.4,41.7492514902962,26.3,191.0,False,False,False,False,False,False
276,L47455,L,298.0,308.0,37.429934544425805,54.7,65.0,False,False,False,False,False,False
8225,L55404,L,299.1,310.5,38.67815921162743,35.2,60.0,False,False,False,False,False,False
8869,L56048,L,297.9,309.0,38.157568056677825,46.5,52.0,False,False,False,False,False,False
5496,H34909,H,302.9,312.5,36.837480912787726,55.0,12.0,False,False,False,False,False,True
5137,L52316,L,304.2,313.4,41.65333119931706,28.9,192.0,False,False,False,False,False,False
44,H29457,H,300.1,309.2,37.04051835490427,48.5,120.0,False,False,False,False,False,False
382,L47561,L,297.5,308.5,39.319206502675,40.4,129.0,False,False,False,False,False,False
3341,M18200,M,301.5,310.8,38.1051177665153,44.1,157.0,False,False,False,False,False,False
1150,L48329,L,297.2,308.1,38.02630668366309,38.5,164.0,False,False,False,False,False,False
6789,M21648,M,301.1,310.6,37.54996671103717,43.9,73.0,False,False,False,False,False,False
4948,L52127,L,303.7,310.1,37.3496987939662,53.9,123.0,False,False,False,False,False,False
3649,M18508,M,302.2,310.1,37.986839826445156,47.0,90.0,False,False,False,False,False,False
4477,L51656,L,302.6,310.4,37.61648574760805,52.1,12.0,False,False,False,False,False,False
4332,M19191,M,301.6,309.9,41.78516483155236,31.1,83.0,False,False,False,False,False,False
5918,L53097,L,300.6,310.2,36.61966684720111,52.6,21.0,False,False,False,False,False,False
8176,M23035,M,299.9,311.3,38.01315561749642,41.2,169.0,False,False,False,False,False,False
1072,L48251,L,296.9,307.8,37.749172176353746,49.1,163.0,False,False,False,False,False,False
3407,L50586,L,301.2,310.4,38.34057902536163,44.0,113.0,False,False,False,False,False,False
9188,L56367,L,297.9,309.0,37.134889255254286,47.3,28.0,False,False,False,False,False,False
6403,M21262,M,300.1,309.6,39.7994974842648,36.7,165.0,False,False,False,False,False,False
5969,L53148,L,300.4,310.8,36.71511950137164,56.0,108.0,False,False,False,False,False,False
8644,L55823,L,297.5,308.5,38.05259518088089,54.3,83.0,False,False,False,False,False,False
7839,L55018,L,300.2,310.1,37.04051835490427,49.2,195.0,False,False,False,False,False,False
2400,M17259,M,299.2,310.1,39.92492955535426,35.8,160.0,False,False,False,False,False,False
7631,L54810,L,300.5,311.6,39.16631205513228,37.7,90.0,False,False,False,False,False,False
244,L47423,L,298.0,308.2,37.97367509209505,44.1,204.0,False,False,False,False,False,False
2826,L50005,L,300.3,309.4,38.34057902536163,33.5,148.0,False,False,False,False,False,False
297,L47476,L,298.0,308.5,37.3496987939662,46.2,122.0,False,False,False,False,False,False
4040,L51219,L,301.9,310.8,39.585350825778974,39.3,9.0,False,False,False,False,False,False
2500,M17359,M,299.1,308.9,36.40054944640259,48.4,220.0,False,False,False,False,False,False
5760,L52939,L,301.8,311.3,39.382737335030434,35.8,61.0,False,False,False,False,False,False
1527,L48706,L,298.1,309.0,42.2729227756965,27.6,47.0,False,False,False,False,False,False
2975,M17834,M,300.6,309.4,39.0,37.2,90.0,False,False,False,False,False,False
9057,L56236,L,297.3,308.3,37.815340802378074,41.9,95.0,False,False,False,False,False,False
9852,M24711,M,298.5,309.3,41.96427051671457,27.2,49.0,False,False,False,False,False,False
9015,M23874,M,297.2,308.1,36.60601043544625,61.3,207.0,True,False,False,False,True,False
5895,L53074,L,301.2,310.9,39.96248240537617,37.9,164.0,False,False,False,False,False,False
4385,L51564,L,301.8,309.6,37.986839826445156,42.7,231.0,False,False,False,False,False,False
1272,H30685,H,298.0,309.4,38.600518131237564,40.5,53.0,False,False,False,False,False,False
2118,H31531,H,299.4,308.9,41.97618372363071,29.3,91.0,False,False,False,False,False,False
4568,M19427,M,302.8,310.8,38.09199390948182,44.7,32.0,False,False,False,False,False,False
4996,L52175,L,303.6,312.6,39.242833740697165,39.8,21.0,False,False,False,False,False,False
2844,L50023,L,300.3,309.2,39.14077158156185,40.2,194.0,False,False,False,False,False,False
4019,M18878,M,302.0,310.8,42.22558466143482,23.1,190.0,False,False,False,False,False,False
7600,L54779,L,300.5,310.1,41.94043395102154,28.3,13.0,False,False,False,False,False,False
776,L47955,L,296.7,307.8,38.118237105091836,46.0,33.0,False,False,False,False,False,False
9031,M23890,M,297.5,308.4,37.456641600656084,44.3,25.0,False,False,False,False,False,False
2078,L49257,L,299.4,309.4,41.24318125460256,31.2,199.0,False,False,False,False,False,False
5913,M20772,M,300.7,310.3,40.7308237088326,29.8,6.0,False,False,False,False,False,False
8892,M23751,M,297.7,308.9,41.0,28.3,116.0,False,False,False,False,False,False
5454,L52633,L,303.0,312.6,38.09199390948182,42.1,125.0,False,False,False,False,False,False
1882,L49061,L,298.0,307.6,39.344631145812,45.8,111.0,False,False,False,False,False,False
3904,H33317,H,302.2,311.1,38.41874542459709,39.6,96.0,False,False,False,False,False,False
3385,L50564,L,301.3,310.1,37.76241517699841,40.7,54.0,False,False,False,False,False,False
754,L47933,L,296.8,308.0,39.191835884530846,40.4,217.0,False,False,False,False,False,False
3244,L50423,L,301.0,309.6,41.52107898405339,28.1,133.0,False,False,False,False,False,False
2436,L49615,L,298.9,308.2,41.060930335295616,30.4,53.0,False,False,False,False,False,False
8952,L56131,L,297.3,308.1,41.98809355043403,28.4,54.0,False,False,False,False,False,False
7892,L55071,L,300.8,312.5,38.948684188300895,39.2,107.0,False,False,False,False,False,False
4624,L51803,L,303.0,311.1,39.05124837953327,40.7,179.0,False,False,False,False,False,False
2350,M17209,M,299.3,308.5,37.22902093797257,42.2,30.0,False,False,False,False,False,False
3940,L51119,L,302.5,311.6,37.416573867739416,54.0,196.0,False,False,False,False,False,False
4230,M19089,M,302.2,310.8,37.52332607858744,46.8,49.0,False,False,False,False,False,False
9438,M24297,M,298.1,308.7,39.07684736515984,43.0,56.0,False,False,False,False,False,False
9394,H38807,H,297.7,308.2,38.58756276314948,43.0,151.0,False,False,False,False,False,False
168,H29581,H,298.4,308.3,38.18376618407357,42.9,108.0,False,False,False,False,False,False
4670,M19529,M,303.3,311.5,37.05401462729781,47.3,60.0,True,False,True,False,False,False
3684,M18543,M,302.0,311.2,39.4715087119811,39.1,179.0,False,False,False,False,False,False
166,L47345,L,298.5,308.4,41.6293165929973,26.0,8.0,False,False,False,False,False,False
4137,L51316,L,301.7,310.1,38.561638969317684,48.0,36.0,False,False,False,False,False,False
972,L48151,L,295.9,306.6,39.45883931389772,41.1,113.0,False,False,False,False,False,False
5587,M20446,M,302.4,311.8,39.45883931389772,31.5,49.0,False,False,False,False,False,False
2324,M17183,M,299.2,308.7,37.429934544425805,47.0,198.0,False,False,False,False,False,False
2499,L49678,L,299.1,308.9,38.301436004411116,47.2,218.0,False,False,False,False,False,False
4291,L51470,L,301.8,310.0,40.52159917870962,32.6,201.0,False,False,False,False,False,False
2471,L49650,L,298.9,308.5,38.301436004411116,44.7,136.0,False,False,False,False,False,False
1983,M16842,M,298.0,307.7,38.561638969317684,41.3,160.0,False,False,False,False,False,False
2012,L49191,L,298.7,308.5,40.19950248448356,30.2,34.0,False,False,False,False,False,False
4115,L51294,L,302.0,310.6,36.851051545376556,53.1,194.0,False,False,False,False,False,False
6354,M21213,M,300.1,309.6,38.61346915261564,42.0,29.0,False,False,False,False,False,False
9576,M24435,M,299.6,310.8,40.0374824383352,35.4,202.0,False,False,False,False,False,False
4809,L51988,L,303.5,312.3,37.469987990390386,48.6,193.0,False,False,False,False,False,False
286,L47465,L,298.2,308.3,39.59797974644666,36.0,92.0,False,False,False,False,False,False
9492,M24351,M,299.0,309.7,38.58756276314948,40.7,212.0,False,False,False,False,False,False
8036,L55215,L,300.7,311.7,43.70354676682432,19.7,13.0,False,False,False,False,False,False
5381,L52560,L,302.8,312.3,38.65229618017538,37.5,198.0,False,False,False,False,False,False
8799,L55978,L,297.3,308.4,38.3275357934736,46.7,65.0,False,False,False,False,False,False
6195,L53374,L,300.9,310.8,39.63584236521283,39.9,51.0,False,False,False,False,False,False
1735,M16594,M,298.5,310.1,38.742741255621034,39.2,127.0,False,False,False,False,False,False
1370,M16229,M,298.7,310.3,38.48376280978771,41.5,83.0,False,False,False,False,False,False
9026,L56205,L,297.5,308.4,37.94733192202055,35.9,108.0,False,False,False,False,False,False
5736,L52915,L,302.4,311.8,40.90232267243512,30.1,108.0,False,False,False,False,False,False
7494,L54673,L,300.1,311.7,38.05259518088089,54.2,173.0,False,False,False,False,False,False
2258,L49437,L,299.1,308.3,43.497126341863094,25.2,34.0,False,False,False,False,False,False
9909,L57088,L,298.6,309.0,38.157568056677825,47.7,0.0,False,False,False,False,False,False
2479,M17338,M,298.9,308.5,38.157568056677825,50.0,156.0,False,False,False,False,False,False
7151,L54330,L,300.2,309.8,37.429934544425805,49.3,163.0,False,False,False,False,False,False
2527,L49706,L,298.8,308.6,38.742741255621034,35.0,55.0,False,False,False,False,False,False
1986,L49165,L,298.1,307.7,39.20459156782532,40.8,169.0,False,False,False,False,False,False
1295,L48474,L,298.8,309.9,38.54867053479276,40.3,126.0,False,False,False,False,False,False
3136,L50315,L,300.4,309.8,36.6333181680284,52.5,68.0,False,False,False,False,False,False
9419,L56598,L,298.0,310.1,37.841775856849004,46.2,11.0,False,False,False,False,False,False
7805,M22664,M,299.9,311.4,38.47076812334269,44.9,108.0,False,False,False,False,False,False
261,M15120,M,298.2,310.1,39.01281840626232,49.1,22.0,False,False,False,False,False,False
5739,L52918,L,302.3,311.7,35.79106033634656,48.8,0.0,False,False,False,False,False,False
5929,M20788,M,300.2,310.1,39.370039370059054,38.7,45.0,False,False,False,False,False,False
9551,M24410,M,299.5,311.0,38.09199390948182,43.3,136.0,False,False,False,False,False,False
1226,H30639,H,297.1,308.3,38.62641583165593,41.5,141.0,False,False,False,False,False,False
7278,L54457,L,300.1,310.1,38.40572873934304,54.2,108.0,False,False,False,False,False,False
4485,M19344,M,302.6,310.4,38.09199390948182,43.1,35.0,False,False,False,False,False,False
4220,L51399,L,301.9,310.7,41.43669871020132,26.8,27.0,False,False,False,False,False,False
6572,M21431,M,301.3,310.6,37.12142238654117,49.4,173.0,False,False,False,False,False,False
4675,L51854,L,303.4,311.5,37.603191353926334,44.8,71.0,False,False,False,False,False,False
8826,M23685,M,297.3,308.8,39.344631145812,41.3,140.0,False,False,False,False,False,False
4663,H34076,H,303.3,311.2,40.08740450565489,31.7,34.0,False,False,False,False,False,False
731,M15590,M,297.3,308.6,38.353617821530214,50.7,157.0,False,False,False,False,False,False
8074,L55253,L,300.1,312.0,39.4715087119811,36.7,113.0,False,False,False,False,False,False
8692,L55871,L,297.1,308.5,39.433488306260706,36.2,0.0,False,False,False,False,False,False
4381,L51560,L,301.9,309.6,37.54996671103717,49.0,223.0,False,False,False,False,False,False
4713,L51892,L,303.4,311.8,39.54743986657038,35.9,171.0,False,False,False,False,False,False
1578,L48757,L,300.1,308.4,38.52272056851645,43.4,172.0,False,False,False,False,False,False
6902,L54081,L,301.0,311.7,39.331920878594275,34.5,152.0,False,False,False,False,False,False
3630,L50809,L,302.1,311.3,37.61648574760805,44.1,43.0,False,False,False,False,False,False
6308,L53487,L,301.0,310.3,40.2119385257662,34.5,108.0,False,False,False,False,False,False
2058,L49237,L,299.5,309.3,38.98717737923585,42.3,149.0,False,False,False,False,False,False
4318,M19177,M,301.5,310.0,37.64306044943742,44.6,49.0,False,False,False,False,False,False
5683,H35096,H,302.3,311.6,37.960505792204614,53.9,74.0,False,False,False,False,False,False
7530,L54709,L,300.1,311.4,38.301436004411116,35.7,45.0,False,False,False,False,False,False
1979,L49158,L,298.0,307.7,37.97367509209505,43.6,148.0,False,False,False,False,False,False
694,L47873,L,300.1,309.1,38.43175770115127,38.3,60.0,False,False,False,False,False,False
1399,L48578,L,300.1,310.1,38.36665218650175,46.6,157.0,False,False,False,False,False,False
7375,L54554,L,299.5,310.0,37.134889255254286,50.4,85.0,False,False,False,False,False,False
1560,L48739,L,298.2,308.3,38.18376618407357,41.8,132.0,False,False,False,False,False,False
2572,M17431,M,299.5,309.2,38.691084244306204,40.9,169.0,False,False,False,False,False,False
6071,L53250,L,300.1,310.9,40.18706259482024,32.0,183.0,False,False,False,False,False,False
7320,L54499,L,299.8,310.2,40.66939881532551,32.7,159.0,False,False,False,False,False,False
2050,M16909,M,299.3,310.1,39.824615503479755,37.9,129.0,False,False,False,False,False,False
5612,M20471,M,303.0,312.3,40.91454509095757,29.5,109.0,False,False,False,False,False,False
821,L48000,L,296.7,310.1,38.93584466786357,37.4,146.0,False,False,False,False,False,False
3012,M17871,M,300.2,309.5,37.86819245752297,51.5,189.0,False,False,False,False,False,False
3636,M18495,M,302.1,311.2,40.19950248448356,35.1,57.0,False,False,False,False,False,False
6882,L54061,L,301.0,311.4,39.66106403010388,37.6,103.0,False,False,False,False,False,False
7295,L54474,L,300.1,310.6,42.532340636273474,24.3,97.0,False,False,False,False,False,False
9101,L56280,L,300.1,308.2,38.02630668366309,53.5,7.0,False,False,False,False,False,False
2489,L49668,L,298.9,310.1,36.823905279043935,50.7,185.0,False,False,False,False,False,False
6306,M21165,M,301.1,310.5,40.0374824383352,32.6,121.0,False,False,False,False,False,False
5226,M20085,M,304.0,310.1,37.907782842049734,53.9,7.0,False,False,False,False,False,False
6921,M21780,M,301.2,311.6,37.72267222772003,48.0,199.0,False,False,False,False,False,False
1734,L48913,L,298.4,308.0,38.92300091205713,42.8,125.0,False,False,False,False,False,False
4346,M19205,M,301.8,309.8,39.319206502675,39.8,121.0,False,False,False,False,False,False
9934,L57113,L,298.3,308.3,39.96248240537617,32.4,69.0,False,False,False,False,False,False
6088,M20947,M,300.9,310.8,39.98749804626441,33.0,7.0,False,False,False,False,False,False
5766,L52945,L,301.7,311.3,41.32795663954365,30.5,77.0,False,False,False,False,False,False
6555,M21414,M,301.4,310.7,40.48456495999432,29.8,108.0,False,False,False,False,False,False
5559,L52738,L,302.5,311.9,39.408120990476064,40.1,187.0,False,False,False,False,False,False
5948,M20807,M,300.7,310.8,38.27531841800928,45.2,92.0,False,False,False,False,False,False
2483,L49662,L,300.1,310.1,38.781438859330635,41.8,165.0,False,False,False,False,False,False
8899,L56078,L,297.4,308.6,39.14077158156185,38.7,136.0,False,False,False,False,False,False
5989,H35402,H,300.7,310.8,36.0,58.2,204.0,False,False,False,False,False,False
7275,M22134,M,300.1,310.3,38.44476557348217,38.1,45.0,False,False,False,False,False,False
7633,L54812,L,300.5,311.6,41.7612260356422,26.8,94.0,False,False,False,False,False,False
6852,M21711,M,301.0,311.2,37.33630940518894,41.3,16.0,False,False,False,False,False,False
1443,M16302,M,298.8,310.0,38.54867053479276,38.5,55.0,False,False,False,False,False,False
448,M15307,M,300.1,308.7,37.094473981982816,59.9,74.0,False,False,False,False,False,False
1605,L48784,L,297.8,307.8,38.1051177665153,39.8,21.0,False,False,False,False,False,False
5604,L52783,L,302.9,312.2,36.60601043544625,57.8,108.0,False,False,False,False,False,False
6590,M21449,M,300.1,310.6,39.408120990476064,38.9,0.0,False,False,False,False,False,False
8896,H38309,H,297.4,308.6,38.22302970723278,40.1,126.0,False,False,False,False,False,False
9336,L56515,L,298.4,308.9,38.742741255621034,50.0,203.0,False,False,False,False,False,False
2133,L49312,L,299.4,309.0,40.74309757492672,28.4,139.0,False,False,False,False,False,False
5285,M20144,M,303.8,310.1,41.617304093369626,29.6,147.0,False,False,False,False,False,False
2072,M16931,M,299.7,309.6,36.235341863986875,60.0,186.0,False,False,False,False,False,False
6586,M21445,M,301.5,310.5,40.0,32.8,205.0,False,False,False,False,False,False
3011,L50190,L,300.3,309.6,39.20459156782532,37.1,187.0,False,False,False,False,False,False
1684,M16543,M,297.9,307.4,37.456641600656084,52.8,0.0,False,False,False,False,False,False
1858,L49037,L,300.1,307.4,40.53393639902249,36.5,55.0,False,False,False,False,False,False
5064,H34477,H,304.0,312.9,38.66522985836241,46.6,0.0,False,False,False,False,False,False
6005,L53184,L,300.5,310.4,41.96427051671457,26.5,12.0,False,False,False,False,False,False
3221,M18080,M,300.7,309.6,39.05124837953327,36.5,71.0,False,False,False,False,False,False
1623,H31036,H,297.7,307.6,39.21734310225516,38.3,63.0,False,False,False,False,False,False
3973,L51152,L,302.3,311.4,38.87158345115362,34.7,75.0,False,False,False,False,False,False
350,L47529,L,297.6,308.3,39.93745109543172,34.3,41.0,False,False,False,False,False,False
9376,H38789,H,297.7,308.4,35.888716889852724,49.5,91.0,False,False,False,False,False,False
6135,L53314,L,301.0,311.0,39.761790704142086,37.0,127.0,False,False,False,False,False,False
1759,L48938,L,298.1,307.4,40.099875311526844,33.9,193.0,False,False,False,False,False,False
1494,L48673,L,298.0,308.8,38.67815921162743,44.9,179.0,False,False,False,False,False,False
5313,L52492,L,303.6,312.9,43.278170016764804,23.5,7.0,False,False,False,False,False,False
9127,L56306,L,297.4,308.5,38.43175770115127,40.7,74.0,False,False,False,False,False,False
5387,L52566,L,302.9,312.2,38.3275357934736,42.0,214.0,False,False,False,False,False,False
9016,L56195,L,297.2,308.1,37.82856063875548,49.7,210.0,True,False,False,False,False,False
9201,M24060,M,297.9,308.8,40.024992192379,32.1,59.0,False,False,False,False,False,False
6268,L53447,L,300.8,310.1,39.6232255123179,35.2,23.0,False,False,False,False,False,False
4214,L51393,L,302.1,310.7,38.27531841800928,40.7,13.0,False,False,False,False,False,False
6132,H35545,H,301.0,311.0,40.496913462633174,37.6,118.0,False,False,False,False,False,False
591,L47770,L,297.5,309.4,38.948684188300895,36.7,233.0,False,False,False,False,False,False
1051,L48230,L,296.6,310.1,40.87786687193939,28.8,108.0,False,False,False,False,False,False
8567,M23426,M,297.9,308.7,41.84495190581536,26.6,111.0,False,False,False,False,False,False
8935,L56114,L,297.3,308.2,40.01249804748511,35.7,9.0,False,False,False,False,False,False
167,H29580,H,300.1,308.2,40.149719799769464,32.6,10.0,False,False,False,False,False,False
7035,H36448,H,300.6,310.6,42.77849927241488,26.2,78.0,False,False,False,False,False,False
3905,H33318,H,302.2,310.1,37.76241517699841,50.6,101.0,False,False,False,False,False,False
5482,L52661,L,300.1,312.0,42.20189569201838,28.5,196.0,False,False,False,False,False,False
9370,M24229,M,297.7,308.3,39.331920878594275,36.8,74.0,False,False,False,False,False,False
1031,L48210,L,296.3,307.4,41.95235392680606,28.4,56.0,False,False,False,False,False,False
2914,L50093,L,300.7,309.6,39.25557285278104,34.6,131.0,False,False,False,False,False,False
9111,M23970,M,297.6,308.6,37.26929030716845,49.0,34.0,False,False,False,False,False,False
7576,L54755,L,300.4,311.2,38.353617821530214,46.5,164.0,False,False,False,False,False,False
9933,L57112,L,298.3,308.2,40.779897008207364,28.4,67.0,False,False,False,False,False,False
7446,L54625,L,300.2,311.7,39.408120990476064,41.3,108.0,False,False,False,False,False,False
9827,L57006,L,298.4,309.2,36.6742416417845,52.7,196.0,False,False,False,False,False,False
189,L47368,L,298.3,308.5,40.07492981902776,33.6,108.0,False,False,False,False,False,False
6733,L53912,L,301.7,311.0,38.768543949960254,44.8,134.0,False,False,False,False,False,False
6787,L53966,L,301.2,310.6,37.53664875824692,50.9,66.0,False,False,False,False,False,False
7061,H36474,H,300.6,310.4,38.45776904605882,35.6,150.0,False,False,False,False,False,False
494,L47673,L,297.5,309.3,38.34057902536163,38.8,197.0,False,False,False,False,False,False
2115,H31528,H,299.4,309.1,37.05401462729781,44.1,81.0,False,False,False,False,False,False
736,L47915,L,296.9,308.4,39.45883931389772,32.4,173.0,False,False,False,False,False,False
4501,L51680,L,302.6,310.4,40.47221268969612,36.2,84.0,False,False,False,False,False,False
8315,L55494,L,298.8,309.9,41.701318923986086,30.6,83.0,False,False,False,False,False,False
8272,L55451,L,299.1,310.7,36.180105030251084,51.1,188.0,False,False,False,False,False,False
1887,L49066,L,300.1,307.6,38.768543949960254,40.7,124.0,False,False,False,False,False,False
8715,M23574,M,297.2,308.6,38.0,41.1,56.0,False,False,False,False,False,False
926,H30339,H,295.6,306.1,40.28647415696737,30.9,210.0,False,False,False,False,False,False
9255,L56434,L,298.3,309.1,40.19950248448356,31.1,195.0,False,False,False,False,False,False
6180,M21039,M,301.1,310.9,37.36308338453881,45.1,12.0,False,False,False,False,False,False
9148,L56327,L,297.7,308.7,41.08527716834828,27.2,125.0,False,False,False,False,False,False
1175,M16034,M,297.1,308.1,36.76955262170047,44.4,0.0,False,False,False,False,False,False
549,L47728,L,297.4,309.3,36.49657518178932,53.2,115.0,False,False,False,False,False,False
7639,L54818,L,300.5,311.5,40.755367744629666,35.9,110.0,False,False,False,False,False,False
3230,L50409,L,300.6,310.1,37.97367509209505,43.2,96.0,False,False,False,False,False,False
8895,M23754,M,297.5,308.7,39.319206502675,38.0,108.0,False,False,False,False,False,False
5835,L53014,L,301.3,311.3,37.86819245752297,49.8,16.0,False,False,False,False,False,False
5528,M20387,M,302.5,311.9,39.14077158156185,38.8,96.0,False,False,False,False,False,False
6614,L53793,L,301.7,310.6,38.897300677553446,41.1,64.0,False,False,False,False,False,False
924,M15783,M,295.5,306.0,37.72267222772003,45.3,205.0,False,False,False,False,False,False
1232,M16091,M,297.2,308.5,40.049968789001575,40.7,158.0,False,False,False,False,False,False
9442,L56621,L,298.1,308.8,37.841775856849004,43.4,68.0,False,False,False,False,False,False
4189,M19048,M,302.3,310.8,40.13726448077895,31.8,169.0,False,False,False,False,False,False
1662,M16521,M,298.2,308.0,37.5632799419859,47.2,168.0,False,False,False,False,False,False
9780,L56959,L,300.1,309.8,38.84584919911006,36.2,57.0,False,False,False,False,False,False
7350,L54529,L,299.7,310.1,40.4103947023535,36.5,24.0,False,False,False,False,False,False
5440,L52619,L,303.0,312.5,40.32369030731191,30.5,87.0,False,False,False,False,False,False
3866,H33279,H,300.1,311.5,40.36087214122113,34.4,228.0,True,True,False,False,False,False
1181,H30594,H,297.3,308.4,39.1279950930277,35.6,16.0,False,False,False,False,False,False
8814,L55993,L,297.1,308.4,41.14608122288197,29.5,100.0,False,False,False,False,False,False
4576,M19435,M,302.9,311.0,37.907782842049734,49.9,55.0,False,False,False,False,False,False
9870,L57049,L,298.9,309.9,39.87480407475377,31.3,108.0,False,False,False,False,False,False
7238,M22097,M,299.8,310.0,40.39801975344831,33.7,172.0,False,False,False,False,False,False
8916,L56095,L,297.1,308.3,37.456641600656084,54.1,179.0,False,False,False,False,False,False
6414,L53593,L,300.4,310.1,40.17461885320133,33.5,191.0,False,False,False,False,False,False
6021,L53200,L,300.7,310.1,40.23679907746142,34.9,57.0,False,False,False,False,False,False
3888,L51067,L,302.4,311.2,38.05259518088089,50.5,53.0,False,False,False,False,False,False
3282,M18141,M,301.2,310.0,38.01315561749642,45.6,18.0,False,False,False,False,False,False
6531,H35944,H,301.3,310.6,40.06245124802026,32.5,59.0,False,False,False,False,False,False
1973,L49152,L,297.9,307.6,40.149719799769464,30.7,134.0,False,False,False,False,False,False
9406,M24265,M,297.7,308.1,38.3275357934736,48.8,183.0,False,False,False,False,False,False
5185,L52364,L,304.0,313.0,37.376463182061514,42.4,113.0,False,False,False,False,False,False
2382,L49561,L,299.1,308.2,38.63935817272331,34.9,119.0,False,False,False,False,False,False
200,L47379,L,298.4,308.6,37.8549864614954,47.1,101.0,False,False,False,False,False,False
7536,L54715,L,300.0,311.2,40.36087214122113,31.7,62.0,False,False,False,False,False,False
5899,L53078,L,301.0,310.7,36.05551275463989,57.2,174.0,False,False,False,False,False,False
1183,L48362,L,297.3,308.3,37.54996671103717,48.1,108.0,False,False,False,False,False,False
8741,M23600,M,297.4,308.8,39.66106403010388,33.9,123.0,False,False,False,False,False,False
9579,L56758,L,299.4,310.7,39.382737335030434,41.2,3.0,False,False,False,False,False,False
5629,L52808,L,302.7,312.1,41.08527716834828,32.0,155.0,False,False,False,False,False,False
988,M15847,M,296.3,307.1,39.16631205513228,33.8,151.0,False,False,False,False,False,False
4558,L51737,L,302.7,310.1,41.060930335295616,26.3,9.0,False,False,False,False,False,False
3472,L50651,L,301.8,310.7,37.960505792204614,49.3,58.0,False,False,False,False,False,False
7581,L54760,L,300.1,311.3,38.66522985836241,51.2,175.0,False,False,False,False,False,False
6221,L53400,L,301.1,310.8,38.34057902536163,49.3,116.0,False,False,False,False,False,False
7558,M22417,M,300.4,311.5,41.83300132670378,27.3,108.0,False,False,False,False,False,False
6723,L53902,L,300.1,310.7,40.70626487409524,28.7,108.0,False,False,False,False,False,False
1538,M16397,M,298.4,309.1,38.301436004411116,39.6,78.0,False,False,False,False,False,False
4410,M19269,M,302.4,310.1,36.851051545376556,54.6,61.0,True,False,True,False,False,False
9970,L57149,L,298.4,308.1,38.61346915261564,50.0,156.0,False,False,False,False,False,False
5370,H34783,H,303.0,312.5,38.82009788756334,37.9,163.0,False,False,False,False,False,False
4196,L51375,L,302.5,311.0,39.344631145812,38.4,188.0,False,False,False,False,False,False
8811,M23670,M,297.3,308.5,40.311288741492746,32.8,92.0,False,False,False,False,False,False
9064,L56243,L,297.2,308.3,37.66961640367472,39.7,115.0,False,False,False,False,False,False
8302,M23161,M,298.7,310.1,40.54626986542659,34.1,46.0,False,False,False,False,False,False
1873,L49052,L,300.1,308.1,36.41428291206625,58.4,90.0,False,False,False,False,False,False
1493,M16352,M,298.0,308.7,38.45776904605882,58.5,176.0,True,False,False,True,False,False
9918,M24777,M,300.1,308.8,39.45883931389772,36.0,21.0,False,False,False,False,False,False
5687,L52866,L,302.2,311.6,40.718546143004666,31.4,89.0,False,False,False,False,False,False
9249,M24108,M,298.3,309.1,38.57460304397182,40.6,176.0,False,False,False,False,False,False
5367,H34780,H,303.1,312.6,37.469987990390386,40.6,152.0,False,False,False,False,False,False
6803,M21662,M,301.1,310.7,40.26164427839479,31.0,108.0,False,False,False,False,False,False
1994,M16853,M,298.3,308.0,38.24918299781056,42.5,190.0,False,False,False,False,False,False
5981,M20840,M,300.6,310.7,40.66939881532551,32.0,180.0,False,False,False,False,False,False
9855,H39268,H,298.6,309.4,36.90528417449187,45.3,56.0,False,False,False,False,False,False
321,H29734,H,297.8,308.4,39.370039370059054,38.2,185.0,False,False,False,False,False,False
3427,L50606,L,301.5,310.5,37.14835124201342,48.7,160.0,False,False,False,False,False,False
3911,L51090,L,302.4,310.1,42.790185790669334,26.9,121.0,False,False,False,False,False,False
4326,L51505,L,301.6,310.2,37.20215047547655,57.1,68.0,False,False,False,False,False,False
6955,M21814,M,300.8,311.2,37.8021163428716,52.3,77.0,False,False,False,False,False,False
1081,L48260,L,297.0,307.8,42.118879377305376,28.0,188.0,False,False,False,False,False,False
5910,H35323,H,300.7,310.2,36.932370625238775,65.3,208.0,True,True,False,True,True,False
3797,M18656,M,302.1,310.8,38.781438859330635,37.5,42.0,False,False,False,False,False,False
8513,H37926,H,298.3,310.1,39.319206502675,36.2,177.0,False,False,False,False,False,False
1936,M16795,M,298.1,307.9,37.107950630558946,55.1,108.0,False,False,False,False,False,False
9770,L56949,L,298.6,309.6,37.22902093797257,48.6,25.0,False,False,False,False,False,False
7240,L54419,L,300.1,310.1,39.408120990476064,42.0,177.0,False,False,False,False,False,False
6652,M21511,M,301.5,310.4,35.7211421989835,55.6,158.0,False,False,False,False,False,False
4478,L51657,L,302.6,310.3,40.58324777540605,34.2,14.0,False,False,False,False,False,False
7866,L55045,L,300.5,311.9,37.1887079635741,50.5,35.0,False,False,False,False,False,False
747,L47926,L,296.8,310.1,35.90264614203248,62.0,199.0,True,False,False,False,True,False
4425,M19284,M,302.6,310.2,40.38564101261734,31.0,100.0,False,False,False,False,False,False
843,M15702,M,296.6,307.5,39.57271787481876,35.0,201.0,False,False,False,False,False,False
9254,M24113,M,298.2,310.1,38.8329756778952,40.5,192.0,False,False,False,False,False,False
9874,L57053,L,298.9,309.8,40.19950248448356,36.5,110.0,False,False,False,False,False,False
7751,L54930,L,300.4,311.7,38.0,51.2,174.0,False,False,False,False,False,False
7148,L54327,L,300.3,309.8,38.28837943815329,41.2,156.0,False,False,False,False,False,False
4783,L51962,L,303.8,312.5,36.98648401781386,52.6,123.0,False,False,False,False,False,False
6675,L53854,L,301.5,310.7,40.22437072223753,35.5,218.0,False,False,False,False,False,False
7171,M22030,M,300.3,310.2,37.97367509209505,39.5,4.0,False,False,False,False,False,False
5555,M20414,M,302.5,312.0,39.0,40.2,174.0,False,False,False,False,False,False
8250,L55429,L,299.0,310.4,39.03844259188627,39.8,120.0,False,False,False,False,False,False
3397,M18256,M,301.4,310.6,38.19685850956856,35.0,108.0,False,False,False,False,False,False
3671,L50850,L,302.3,311.7,41.24318125460256,27.5,145.0,False,False,False,False,False,False
9831,L57010,L,298.3,309.3,36.565010597564445,56.1,108.0,True,False,False,False,True,False
8976,H38389,H,296.7,307.4,40.755367744629666,34.2,109.0,False,False,False,False,False,False
8471,L55650,L,298.7,309.9,38.262252939417984,38.0,74.0,False,False,False,False,False,False
7775,L54954,L,300.3,311.5,40.422765862815474,31.9,36.0,False,False,False,False,False,False
644,M15503,M,297.8,310.1,38.66522985836241,36.5,132.0,False,False,False,False,False,False
4685,M19544,M,303.6,311.8,37.69615364994153,44.8,101.0,True,False,False,False,False,False
4899,H34312,H,303.6,312.4,38.2099463490856,53.7,214.0,False,False,False,False,False,False
3842,L51021,L,302.4,311.1,39.56008088970496,42.8,163.0,False,False,False,False,False,False
4628,M19487,M,300.1,311.2,39.89987468652001,38.9,188.0,False,False,False,False,False,False
4119,L51298,L,302.0,310.6,36.959437225152655,47.7,206.0,False,False,False,False,False,False
3837,L51016,L,302.4,311.2,38.28837943815329,43.9,152.0,False,False,False,False,False,False
3734,L50913,L,302.2,311.1,38.34057902536163,39.6,97.0,False,False,False,False,False,False
6686,L53865,L,301.6,310.9,39.14077158156185,43.6,15.0,False,False,False,False,False,False
1852,M16711,M,297.7,307.3,36.945906403822335,49.2,36.0,False,False,False,False,False,False
8680,L55859,L,297.3,308.5,38.157568056677825,54.2,179.0,False,False,False,False,False,False
7941,M22800,M,300.7,311.7,39.14077158156185,40.0,108.0,False,False,False,False,False,False
7868,L55047,L,300.5,312.0,38.22302970723278,38.1,39.0,False,False,False,False,False,False
7947,L55126,L,300.8,311.6,38.93584466786357,35.6,14.0,False,False,False,False,False,False
4452,L51631,L,302.5,310.3,39.35733730830886,40.9,170.0,False,False,False,False,False,False
6805,L53984,L,301.0,310.6,39.84971769034255,33.7,114.0,False,False,False,False,False,False
7308,M22167,M,300.0,310.4,37.21558813185679,52.1,128.0,False,False,False,False,False,False
7578,L54757,L,300.4,311.2,39.11521443121589,32.0,169.0,False,False,False,False,False,False
4769,L51948,L,303.6,312.0,36.180105030251084,52.9,86.0,True,False,True,False,False,False
248,L47427,L,298.0,308.2,38.3275357934736,45.5,214.0,False,False,False,False,False,False
6865,L54044,L,301.1,311.3,35.608987629529715,60.0,53.0,False,False,False,False,False,False
3192,M18051,M,300.1,309.2,41.617304093369626,33.7,218.0,False,False,False,False,False,False
9673,H39086,H,299.0,310.2,41.7612260356422,31.5,0.0,False,False,False,False,False,False
8416,M23275,M,298.7,309.9,37.86819245752297,53.0,108.0,False,False,False,False,False,False
2224,L49403,L,299.6,309.0,37.589892258425,48.5,153.0,False,False,False,False,False,False
7072,H36485,H,300.7,310.6,38.79432948254165,40.6,179.0,False,False,False,False,False,False
423,L47602,L,297.3,308.3,36.51027252705737,55.2,11.0,False,False,False,False,False,False
1559,M16418,M,298.2,308.3,38.41874542459709,43.5,129.0,False,False,False,False,False,False
9395,L56574,L,297.7,308.2,36.52396473549935,53.0,156.0,False,False,False,False,False,False
967,M15826,M,295.8,306.5,40.50925820105819,32.2,101.0,False,False,False,False,False,False
4850,M19709,M,303.5,312.0,38.40572873934304,42.9,85.0,False,False,False,False,False,False
943,M15802,M,295.7,306.3,38.23610858861032,44.3,37.0,False,False,False,False,False,False
4240,L51419,L,302.3,311.0,38.02630668366309,37.6,75.0,False,False,False,False,False,False
5492,M20351,M,302.7,312.2,36.742346141747674,58.6,2.0,False,False,False,False,False,False
4695,L51874,L,300.1,311.5,37.73592452822641,50.8,128.0,False,False,False,False,False,False
7812,M22671,M,300.0,311.4,38.28837943815329,39.0,125.0,False,False,False,False,False,False
6359,M21218,M,300.2,309.8,38.28837943815329,45.7,41.0,False,False,False,False,False,False
2549,M17408,M,299.3,309.2,37.94733192202055,37.5,111.0,False,False,False,False,False,False
364,L47543,L,297.6,308.3,37.92097045171708,47.8,84.0,False,False,False,False,False,False
6137,H35550,H,300.9,310.8,37.282703764614496,40.6,131.0,False,False,False,False,False,False
459,L47638,L,297.3,308.6,38.54867053479276,42.6,105.0,False,False,False,False,False,False
5800,L52979,L,301.5,310.8,39.91240408695021,34.5,162.0,False,False,False,False,False,False
9279,H38692,H,298.2,308.8,40.07492981902776,39.9,53.0,False,False,False,False,False,False
6152,L53331,L,301.1,311.2,39.433488306260706,35.3,172.0,False,False,False,False,False,False
9074,L56253,L,297.2,308.1,41.09744517606904,31.2,145.0,False,False,False,False,False,False
1067,M15926,M,296.9,307.8,39.293765408777,40.3,150.0,False,False,False,False,False,False
8938,M23797,M,297.4,308.4,36.60601043544625,52.6,15.0,False,False,False,False,False,False
8142,L55321,L,299.6,310.8,37.322915213043046,49.9,78.0,False,False,False,False,False,False
8603,L55782,L,297.4,308.1,41.58124577258358,31.7,204.0,False,False,False,False,False,False
3086,L50265,L,300.1,309.2,37.960505792204614,42.9,148.0,False,False,False,False,False,False
8067,L55246,L,300.4,311.9,43.22036556994862,21.3,92.0,False,False,False,False,False,False
8593,M23452,M,297.5,308.0,37.815340802378074,44.5,178.0,False,False,False,False,False,False
6588,M21447,M,301.6,310.1,42.579337712087536,24.6,108.0,False,False,False,False,False,False
9848,L57027,L,298.4,309.1,36.90528417449187,46.1,37.0,False,False,False,False,False,False
6992,L54171,L,300.8,310.1,38.84584919911006,33.4,172.0,False,False,False,False,False,False
5779,M20638,M,301.7,311.1,38.58756276314948,41.4,108.0,False,False,False,False,False,False
6464,H35877,H,300.5,310.0,36.851051545376556,60.4,102.0,False,False,False,False,False,False
6405,M21264,M,300.2,309.7,34.39476704383968,61.4,170.0,False,False,False,False,False,False
1065,M15924,M,296.8,307.9,37.53664875824692,44.3,145.0,False,False,False,False,False,False
5669,M20528,M,302.2,311.4,37.841775856849004,45.3,33.0,False,False,False,False,False,False
8248,L55427,L,300.1,310.4,41.38840417314975,28.0,116.0,False,False,False,False,False,False
1823,L49002,L,300.1,307.6,38.57460304397182,39.4,157.0,False,False,False,False,False,False
7134,M21993,M,300.5,309.9,39.395431207184416,41.3,116.0,False,False,False,False,False,False
4941,L52120,L,303.6,312.6,38.7556447501522,39.5,103.0,False,False,False,False,False,False
5348,L52527,L,303.3,312.7,35.52463933666322,63.8,100.0,False,False,False,False,False,False
3008,L50187,L,300.4,309.7,36.24913792078372,50.2,179.0,False,False,False,False,False,False
2762,L49941,L,299.8,309.3,36.0416425818802,65.1,212.0,True,False,False,False,True,False
2177,M17036,M,299.6,309.3,37.242448899072144,48.3,25.0,False,False,False,False,False,False
1229,M16088,M,297.1,308.4,39.786932528155525,38.2,150.0,False,False,False,False,False,False
4519,L51698,L,300.1,310.3,38.47076812334269,45.8,123.0,False,False,False,False,False,False
8043,L55222,L,300.1,311.9,38.54867053479276,45.1,30.0,False,False,False,False,False,False
5462,M20321,M,300.1,312.3,36.59234892706397,52.1,145.0,False,False,False,False,False,False
6109,M20968,M,300.8,310.9,40.963398296528084,28.1,63.0,False,False,False,False,False,False
9994,L57173,L,298.8,310.1,37.429934544425805,47.3,10.0,False,False,False,False,False,False
6339,L53518,L,300.4,309.9,41.0,28.6,206.0,False,False,False,False,False,False
3148,M18007,M,300.4,309.7,37.94733192202055,42.8,104.0,False,False,False,False,False,False
828,L48007,L,296.5,307.3,38.742741255621034,42.1,162.0,False,False,False,False,False,False
9014,H38427,H,297.2,308.0,37.881393849751625,43.0,202.0,False,False,False,False,False,False
585,H29998,H,297.6,309.6,37.66961640367472,48.2,215.0,False,False,False,False,False,False
1001,L48180,L,296.3,307.1,40.66939881532551,29.6,188.0,False,False,False,False,False,False
2218,L49397,L,299.7,309.1,36.701498607005135,55.3,139.0,False,False,False,False,False,False
6031,L53210,L,300.6,310.7,37.376463182061514,53.7,80.0,False,False,False,False,False,False
1853,M16712,M,297.6,307.1,39.06404996924922,39.1,39.0,False,False,False,False,False,False
2381,L49560,L,299.0,310.1,35.24202037341219,60.9,108.0,False,False,False,False,False,False
9864,L57043,L,298.9,309.8,37.5632799419859,56.3,84.0,False,False,False,False,False,False
5354,L52533,L,303.4,312.7,39.8622628559895,34.0,116.0,False,False,False,False,False,False
9038,L56217,L,297.3,308.2,43.54308211415448,24.4,108.0,False,False,False,False,False,False
1679,L48858,L,298.0,307.5,40.54626986542659,32.8,215.0,False,False,False,False,False,False
2341,L49520,L,299.1,308.1,38.45776904605882,40.7,10.0,False,False,False,False,False,False
6826,L54005,L,301.0,310.9,42.7551166528639,25.1,166.0,False,False,False,False,False,False
4226,L51405,L,302.1,310.7,36.864617182333525,49.3,41.0,True,False,True,False,False,False
1876,L49055,L,300.1,308.0,36.91882988394946,50.1,96.0,False,False,False,False,False,False
8600,L55779,L,297.6,310.1,38.2099463490856,40.3,195.0,False,False,False,False,False,False
4814,M19673,M,303.3,311.8,39.191835884530846,40.6,205.0,False,False,False,False,False,False
6396,M21255,M,300.1,309.6,37.094473981982816,52.1,147.0,False,False,False,False,False,False
6249,L53428,L,300.8,310.1,37.48332962798263,61.2,189.0,True,False,False,True,True,False
3542,L50721,L,301.8,310.8,39.319206502675,43.4,29.0,False,False,False,False,False,False
809,L47988,L,296.9,307.7,37.73592452822641,43.3,120.0,False,False,False,False,False,False
623,M15482,M,298.4,310.2,41.53311931459037,32.0,80.0,False,False,False,False,False,False
9811,L56990,L,298.1,309.0,38.7556447501522,40.9,153.0,False,False,False,False,False,False
379,L47558,L,297.3,308.2,41.88078318274385,29.4,123.0,False,False,False,False,False,False
3482,L50661,L,302.0,310.9,40.779897008207364,31.5,81.0,False,False,False,False,False,False
4541,M19400,M,302.5,310.4,39.74921382870358,35.6,176.0,False,False,False,False,False,False
1134,M15993,M,296.8,307.9,37.656340767525464,47.9,127.0,False,False,False,False,False,False
6042,M20901,M,300.7,311.0,37.656340767525464,49.3,106.0,False,False,False,False,False,False
863,H30276,H,300.1,306.8,40.55859958134649,31.0,41.0,False,False,False,False,False,False
7064,L54243,L,300.7,310.4,35.12833614050059,51.7,160.0,False,False,False,False,False,False
4689,L51868,L,303.5,311.6,39.71145930332956,38.1,112.0,False,False,False,False,False,False
9421,L56600,L,298.0,310.1,38.36665218650175,42.0,15.0,False,False,False,False,False,False
9501,L56680,L,299.2,310.2,41.19465984809196,30.6,12.0,False,False,False,False,False,False
3471,L50650,L,300.1,310.8,41.66533331199932,26.5,56.0,False,False,False,False,False,False
4069,L51248,L,301.9,310.7,37.48332962798263,48.8,108.0,False,False,False,False,False,False
8709,M23568,M,297.2,308.5,36.932370625238775,54.0,43.0,False,False,False,False,False,False
5237,L52416,L,303.8,313.1,37.33630940518894,45.4,36.0,False,False,False,False,False,False
9533,L56712,L,299.2,310.5,37.20215047547655,48.7,93.0,False,False,False,False,False,False
8239,L55418,L,299.1,310.4,38.97435053981015,45.3,92.0,False,False,False,False,False,False
3653,M18512,M,302.1,311.5,36.61966684720111,50.8,99.0,False,False,False,False,False,False
8122,L55301,L,300.2,311.6,42.74342054632502,27.0,22.0,False,False,False,False,False,False
7371,M22230,M,299.6,310.1,38.144462245521304,46.1,76.0,False,False,False,False,False,False
6365,M21224,M,299.9,310.1,38.58756276314948,41.7,56.0,False,False,False,False,False,False
199,L47378,L,298.4,308.7,39.84971769034255,35.0,99.0,False,False,False,False,False,False
8540,L55719,L,298.5,309.4,38.948684188300895,40.2,45.0,False,False,False,False,False,False
3024,L50203,L,300.4,309.5,41.36423575989287,29.2,215.0,False,False,False,False,False,False
2913,L50092,L,300.7,309.6,40.755367744629666,30.3,129.0,False,False,False,False,False,False
3878,H33291,H,302.6,311.7,38.353617821530214,48.3,25.0,False,False,False,False,False,False
3399,L50578,L,301.4,310.7,40.92676385936225,30.7,92.0,False,False,False,False,False,False
2893,L50072,L,300.7,309.6,36.45545226711637,54.3,80.0,False,False,False,False,False,False
8026,M22885,M,300.1,312.0,37.70941526992961,50.7,219.0,False,False,False,False,False,False
6449,H35862,H,300.7,310.2,43.32435804486894,24.8,64.0,False,False,False,False,False,False
4384,L51563,L,301.7,309.5,36.02776706930364,65.5,229.0,True,False,True,False,True,False
8320,L55499,L,298.7,309.7,37.322915213043046,45.7,99.0,False,False,False,False,False,False
2367,L49546,L,299.3,308.5,38.535697735995385,44.7,78.0,False,False,False,False,False,False
2719,L49898,L,299.5,309.1,36.837480912787726,47.3,106.0,False,False,False,False,False,False
9218,L56397,L,297.8,308.8,37.69615364994153,49.6,101.0,False,False,False,False,False,False
4929,L52108,L,300.1,312.3,39.7994974842648,35.2,74.0,False,False,False,False,False,False
7884,H37297,H,300.7,310.1,38.02630668366309,45.4,86.0,False,False,False,False,False,False
4574,H33987,H,302.8,310.1,37.89459064299283,43.5,47.0,False,False,False,False,False,False
4313,L51492,L,301.5,310.1,37.815340802378074,46.5,35.0,False,False,False,False,False,False
3795,M18654,M,302.2,310.8,36.823905279043935,48.3,36.0,False,False,False,False,False,False
6617,M21476,M,301.7,310.6,37.14835124201342,45.8,70.0,False,False,False,False,False,False
4943,L52122,L,303.5,312.6,40.024992192379,34.2,108.0,False,False,False,False,False,False
4746,H34159,H,303.2,311.2,38.40572873934304,43.1,20.0,False,False,False,False,False,False
4060,L51239,L,301.9,310.8,38.27531841800928,44.3,57.0,False,False,False,False,False,False
6578,L53757,L,301.4,310.4,37.255872020394314,45.3,188.0,False,False,False,False,False,False
6223,H35636,H,301.1,310.8,42.33202097703345,25.8,121.0,False,False,False,False,False,False
5547,L52726,L,302.3,311.7,38.118237105091836,41.2,147.0,False,False,False,False,False,False
57,L47236,L,298.8,309.1,38.43175770115127,42.4,158.0,False,False,False,False,False,False
9712,H39125,H,300.1,310.1,37.8021163428716,42.9,96.0,False,False,False,False,False,False
5652,M20511,M,302.5,312.0,38.03945320322047,45.7,210.0,False,False,False,False,False,False
7115,H36528,H,300.1,310.4,38.17066936798463,43.8,69.0,False,False,False,False,False,False
4997,M19856,M,303.6,312.8,37.416573867739416,43.2,23.0,False,False,False,False,False,False
293,L47472,L,298.1,308.4,36.53765181289022,40.2,109.0,False,False,False,False,False,False
1453,L48632,L,299.0,310.3,39.7994974842648,34.4,83.0,False,False,False,False,False,False
1531,L48710,L,298.1,309.0,38.691084244306204,40.5,58.0,False,False,False,False,False,False
2342,L49521,L,299.1,308.2,37.53664875824692,46.4,12.0,False,False,False,False,False,False
5027,L52206,L,303.9,313.2,38.48376280978771,40.0,100.0,False,False,False,False,False,False
7907,L55086,L,300.9,312.4,37.04051835490427,51.0,142.0,False,False,False,False,False,False
6747,M21606,M,301.7,311.1,39.72404813208241,40.5,174.0,False,False,False,False,False,False
9654,L56833,L,299.0,309.9,37.05401462729781,55.7,201.0,True,False,False,False,True,False
4843,M19702,M,303.3,311.8,38.58756276314948,49.4,64.0,False,False,False,False,False,False
5645,L52824,L,302.5,312.0,37.1887079635741,51.3,190.0,False,False,False,False,False,False
3060,M17919,M,300.0,309.0,36.98648401781386,45.8,81.0,False,False,False,False,False,False
5789,L52968,L,301.8,311.5,37.986839826445156,43.3,134.0,False,False,False,False,False,False
8747,L55926,L,297.3,308.5,39.08964057138413,44.5,140.0,False,False,False,False,False,False
2293,L49472,L,299.6,308.9,37.70941526992961,53.2,120.0,False,False,False,False,False,False
5525,L52704,L,302.6,311.9,40.4103947023535,30.9,89.0,False,False,False,False,False,False
2401,H31814,H,299.2,308.6,38.23610858861032,55.0,163.0,False,False,False,False,False,False
8961,L56140,L,297.3,307.9,42.391036788453285,24.7,75.0,False,False,False,False,False,False
2403,L49582,L,299.2,308.7,36.40054944640259,51.0,171.0,False,False,False,False,False,False
2965,L50144,L,300.7,309.5,41.13392760240627,30.3,64.0,False,False,False,False,False,False
9043,M23902,M,297.3,308.4,39.98749804626441,32.9,58.0,False,False,False,False,False,False
138,L47317,L,298.7,308.6,36.013886210738214,55.3,148.0,False,False,False,False,False,False
6650,M21509,M,301.5,310.4,36.742346141747674,54.9,153.0,False,False,False,False,False,False
1383,L48562,L,298.8,310.1,40.65710270051225,30.3,119.0,False,False,False,False,False,False
9314,L56493,L,300.1,309.4,37.656340767525464,45.1,148.0,False,False,False,False,False,False
9018,M23877,M,297.3,308.1,37.0,52.0,214.0,False,False,False,False,False,False
3339,M18198,M,301.6,310.9,38.8587184554509,40.9,152.0,False,False,False,False,False,False
5771,L52950,L,301.6,311.2,37.52332607858744,42.9,89.0,False,False,False,False,False,False
3056,L50235,L,300.1,309.2,37.77565353504821,37.6,73.0,False,False,False,False,False,False
6026,L53205,L,300.7,311.0,36.55133376499413,53.3,68.0,False,False,False,False,False,False
